Date,Campaign,Channel,Age_Group,Gender,Location,Customer_Type,Impressions,Clicks,Leads,Conversions,Marketing_Spend,Revenue,CTR,Lead_Rate,Conversion_Rate,CPC,CPA,ROAS,ROI,Month,Month_Number
2026-01-01 00:00:00.000000,Diwali Campaign,Google Ads,25-34,Male,Mumbai,New,149787,9356,1594,291,26135,458713.2,6.25,17.04,3.11,2.79,89.81,17.55,1655.17,January,1
2026-01-01 01:44:51.178235,Festival Campaign,Email,55+,Other,Mumbai,New,111354,5221,526,140,5964,222884.99,4.69,10.07,2.68,1.14,42.6,37.37,3637.17,January,1
2026-01-01 03:29:42.356471,Product Launch,YouTube,55+,Male,Nagpur,New,24783,1875,183,49,28464,70970.03,7.57,9.76,2.61,15.18,580.9,2.49,149.33,January,1
2026-01-01 05:14:33.534706,Diwali Campaign,Google Ads,55+,Male,Kolkata,Returning,99012,3319,945,149,16578,85238.55,3.35,28.47,4.49,4.99,111.26,5.14,414.17,January,1
2026-01-01 06:59:24.712942,New Year Offer,Instagram,18-24,Other,Jaipur,New,77933,1326,326,53,49385,131212.54,1.7,24.59,4.0,37.24,931.79,2.66,165.69,January,1
2026-01-01 08:44:15.891178,Monsoon Offer,Email,55+,Other,Delhi,Returning,50680,2078,567,108,27406,177332.0,4.1,27.29,5.2,13.19,253.76,6.47,547.06,January,1
2026-01-01 10:29:07.069413,Product Launch,YouTube,45-54,Male,Ahmedabad,Returning,133207,4919,1303,116,40893,212009.04,3.69,26.49,2.36,8.31,352.53,5.18,418.45,January,1
2026-01-01 12:13:58.247649,Product Launch,Instagram,45-54,Male,Jaipur,New,69179,4897,569,170,4133,193666.17,7.08,11.62,3.47,0.84,24.31,46.86,4585.85,January,1
2026-01-01 13:58:49.425885,Diwali Campaign,Instagram,35-44,Male,Delhi,New,109613,6535,790,125,40006,307537.03,5.96,12.09,1.91,6.12,320.05,7.69,668.73,January,1
2026-01-01 15:43:40.604120,Winter Sale,Instagram,55+,Male,Delhi,Returning,49970,1121,166,30,8786,74531.14,2.24,14.81,2.68,7.84,292.87,8.48,748.29,January,1
2026-01-01 17:28:31.782356,New Year Offer,Instagram,55+,Female,Mumbai,Returning,14718,1350,253,62,31878,116702.73,9.17,18.74,4.59,23.61,514.16,3.66,266.09,January,1
2026-01-01 19:13:22.960592,Diwali Campaign,Google Ads,25-34,Male,Pune,Returning,85769,5437,1813,263,44125,726292.86,6.34,33.35,4.84,8.12,167.78,16.46,1545.99,January,1
2026-01-01 20:58:14.138827,New Year Offer,Google Ads,18-24,Female,Kolkata,New,89707,4592,1202,149,17595,117666.88,5.12,26.18,3.24,3.83,118.09,6.69,568.75,January,1
2026-01-01 22:43:05.317063,New Year Offer,Google Ads,35-44,Other,Delhi,Returning,102304,9652,1437,155,25477,382317.83,9.43,14.89,1.61,2.64,164.37,15.01,1400.64,January,1
2026-01-02 00:27:56.495299,Monsoon Offer,YouTube,55+,Female,Kolkata,Returning,27139,509,48,9,14948,17068.14,1.88,9.43,1.77,29.37,1660.89,1.14,14.18,January,1
2026-01-02 02:12:47.673534,Product Launch,YouTube,25-34,Other,Hyderabad,Returning,129804,10522,2785,226,48468,243522.44,8.11,26.47,2.15,4.61,214.46,5.02,402.44,January,1
2026-01-02 03:57:38.851770,Festival Campaign,YouTube,18-24,Female,Nagpur,New,54782,2345,583,137,14403,113814.05,4.28,24.86,5.84,6.14,105.13,7.9,690.21,January,1
2026-01-02 05:42:30.030006,Monsoon Offer,Facebook,35-44,Other,Ahmedabad,Returning,29958,2174,570,103,45935,129009.31,7.26,26.22,4.74,21.13,445.97,2.81,180.85,January,1
2026-01-02 07:27:21.208241,Monsoon Offer,YouTube,35-44,Male,Hyderabad,Returning,113026,10597,1595,314,42079,829208.0,9.38,15.05,2.96,3.97,134.01,19.71,1870.6,January,1
2026-01-02 09:12:12.386477,New Year Offer,Google Ads,55+,Female,Delhi,Returning,79134,4478,983,135,38923,333321.53,5.66,21.95,3.01,8.69,288.32,8.56,756.36,January,1
2026-01-02 10:57:03.564712,Clearance Sale,Google Ads,35-44,Female,Jaipur,Returning,23583,283,50,5,19804,10564.16,1.2,17.67,1.77,69.98,3960.8,0.53,-46.66,January,1
2026-01-02 12:41:54.742948,Product Launch,Facebook,25-34,Other,Kolkata,Returning,27013,340,102,23,12921,16693.8,1.26,30.0,6.76,38.0,561.78,1.29,29.2,January,1
2026-01-02 14:26:45.921184,Winter Sale,Facebook,35-44,Other,Hyderabad,New,57984,2304,227,28,38603,80838.14,3.97,9.85,1.22,16.75,1378.68,2.09,109.41,January,1
2026-01-02 16:11:37.099419,Monsoon Offer,YouTube,45-54,Female,Kolkata,New,131246,10545,1627,409,5085,516812.54,8.03,15.43,3.88,0.48,12.43,101.63,10063.47,January,1
2026-01-02 17:56:28.277655,Festival Campaign,Email,25-34,Other,Nagpur,Returning,139110,5000,1213,151,42837,304642.49,3.59,24.26,3.02,8.57,283.69,7.11,611.17,January,1
2026-01-02 19:41:19.455891,Clearance Sale,Facebook,18-24,Male,Jaipur,Returning,19096,765,103,22,26854,55170.6,4.01,13.46,2.88,35.1,1220.64,2.05,105.45,January,1
2026-01-02 21:26:10.634126,Clearance Sale,Instagram,18-24,Female,Hyderabad,Returning,83533,6732,1761,390,38153,324534.44,8.06,26.16,5.79,5.67,97.83,8.51,750.61,January,1
2026-01-02 23:11:01.812362,Winter Sale,Google Ads,55+,Male,Kolkata,Returning,124795,2552,298,56,29353,119307.54,2.04,11.68,2.19,11.5,524.16,4.06,306.46,January,1
2026-01-03 00:55:52.990598,Monsoon Offer,Instagram,55+,Female,Jaipur,Returning,35618,3070,264,79,21761,45878.46,8.62,8.6,2.57,7.09,275.46,2.11,110.83,January,1
2026-01-03 02:40:44.168833,Festival Campaign,Google Ads,45-54,Male,Mumbai,Returning,19868,673,210,34,31870,25652.09,3.39,31.2,5.05,47.36,937.35,0.8,-19.51,January,1
2026-01-03 04:25:35.347069,Product Launch,Google Ads,18-24,Female,Bangalore,New,31882,465,79,21,15292,48465.04,1.46,16.99,4.52,32.89,728.19,3.17,216.93,January,1
2026-01-03 06:10:26.525305,Summer Sale,Facebook,18-24,Other,Mumbai,Returning,116760,2400,293,34,4455,30181.98,2.06,12.21,1.42,1.86,131.03,6.77,577.49,January,1
2026-01-03 07:55:17.703540,Festival Campaign,Facebook,18-24,Female,Ahmedabad,Returning,112125,10733,1359,209,16682,336232.26,9.57,12.66,1.95,1.55,79.82,20.16,1915.54,January,1
2026-01-03 09:40:08.881776,Winter Sale,Instagram,18-24,Male,Delhi,New,135677,6867,2191,245,16182,274603.69,5.06,31.91,3.57,2.36,66.05,16.97,1596.97,January,1
2026-01-03 11:25:00.060012,Clearance Sale,Google Ads,35-44,Female,Pune,New,119982,3968,1018,216,4890,335463.93,3.31,25.66,5.44,1.23,22.64,68.6,6760.2,January,1
2026-01-03 13:09:51.238247,Product Launch,Instagram,25-34,Male,Bangalore,New,80714,4593,1553,342,44609,237023.31,5.69,33.81,7.45,9.71,130.44,5.31,431.34,January,1
2026-01-03 14:54:42.416483,Festival Campaign,Email,25-34,Male,Delhi,New,81102,5791,1714,308,38196,735273.42,7.14,29.6,5.32,6.6,124.01,19.25,1825.0,January,1
2026-01-03 16:39:33.594718,Summer Sale,Instagram,45-54,Male,Hyderabad,Returning,43375,1678,481,114,9209,79526.74,3.87,28.67,6.79,5.49,80.78,8.64,763.58,January,1
2026-01-03 18:24:24.772954,Summer Sale,YouTube,35-44,Other,Ahmedabad,New,81210,6113,1313,355,32250,921149.12,7.53,21.48,5.81,5.28,90.85,28.56,2756.28,January,1
2026-01-03 20:09:15.951190,New Year Offer,Instagram,18-24,Female,Nagpur,New,99276,3246,979,245,34635,528347.93,3.27,30.16,7.55,10.67,141.37,15.25,1425.47,January,1
2026-01-03 21:54:07.129425,New Year Offer,YouTube,18-24,Male,Ahmedabad,New,98706,1985,379,50,43816,77073.2,2.01,19.09,2.52,22.07,876.32,1.76,75.9,January,1
2026-01-03 23:38:58.307661,Diwali Campaign,YouTube,55+,Other,Kolkata,Returning,83606,4972,1507,226,10282,602564.9,5.95,30.31,4.55,2.07,45.5,58.6,5760.39,January,1
2026-01-04 01:23:49.485897,Winter Sale,YouTube,55+,Male,Ahmedabad,Returning,129837,3064,871,142,42961,137076.6,2.36,28.43,4.63,14.02,302.54,3.19,219.07,January,1
2026-01-04 03:08:40.664132,Monsoon Offer,Email,45-54,Female,Hyderabad,Returning,118343,11200,2947,367,18918,426237.68,9.46,26.31,3.28,1.69,51.55,22.53,2153.08,January,1
2026-01-04 04:53:31.842368,Festival Campaign,Instagram,18-24,Other,Nagpur,New,71401,716,121,19,13446,16013.37,1.0,16.9,2.65,18.78,707.68,1.19,19.09,January,1
2026-01-04 06:38:23.020604,Festival Campaign,Instagram,45-54,Male,Nagpur,Returning,68835,5370,1344,177,19456,257344.15,7.8,25.03,3.3,3.62,109.92,13.23,1222.7,January,1
2026-01-04 08:23:14.198839,Monsoon Offer,Email,35-44,Male,Chennai,New,66936,2352,509,152,32954,450958.61,3.51,21.64,6.46,14.01,216.8,13.68,1268.45,January,1
2026-01-04 10:08:05.377075,Diwali Campaign,Google Ads,25-34,Male,Ahmedabad,New,137446,11840,2422,611,6457,551469.32,8.61,20.46,5.16,0.55,10.57,85.41,8440.64,January,1
2026-01-04 11:52:56.555311,Clearance Sale,Facebook,18-24,Female,Mumbai,New,138344,2132,740,199,19296,512910.8,1.54,34.71,9.33,9.05,96.96,26.58,2558.12,January,1
2026-01-04 13:37:47.733546,Clearance Sale,Instagram,35-44,Other,Chennai,New,26110,2500,540,152,39853,323714.43,9.57,21.6,6.08,15.94,262.19,8.12,712.27,January,1
2026-01-04 15:22:38.911782,Diwali Campaign,Facebook,18-24,Other,Chennai,Returning,71549,1368,121,27,46037,14567.45,1.91,8.85,1.97,33.65,1705.07,0.32,-68.36,January,1
2026-01-04 17:07:30.090018,Clearance Sale,Email,55+,Other,Hyderabad,Returning,140834,11394,2838,336,43356,961707.76,8.09,24.91,2.95,3.81,129.04,22.18,2118.17,January,1
2026-01-04 18:52:21.268253,New Year Offer,Google Ads,45-54,Male,Bangalore,Returning,38530,2179,602,148,28602,433303.77,5.66,27.63,6.79,13.13,193.26,15.15,1414.94,January,1
2026-01-04 20:37:12.446489,Festival Campaign,Google Ads,55+,Other,Mumbai,Returning,10893,530,169,14,49600,39371.52,4.87,31.89,2.64,93.58,3542.86,0.79,-20.62,January,1
2026-01-04 22:22:03.624724,Diwali Campaign,Google Ads,25-34,Male,Nagpur,New,138745,4885,1225,128,32192,224556.69,3.52,25.08,2.62,6.59,251.5,6.98,597.55,January,1
2026-01-05 00:06:54.802960,Festival Campaign,Email,55+,Female,Ahmedabad,New,133967,11484,979,84,18223,88278.79,8.57,8.52,0.73,1.59,216.94,4.84,384.44,January,1
2026-01-05 01:51:45.981196,Monsoon Offer,YouTube,18-24,Other,Chennai,New,104260,2916,327,35,23880,51735.66,2.8,11.21,1.2,8.19,682.29,2.17,116.65,January,1
2026-01-05 03:36:37.159431,Summer Sale,YouTube,55+,Male,Delhi,New,36885,2763,341,83,41551,168944.75,7.49,12.34,3.0,15.04,500.61,4.07,306.6,January,1
2026-01-05 05:21:28.337667,New Year Offer,Facebook,18-24,Other,Delhi,New,54560,2734,374,102,33663,147603.28,5.01,13.68,3.73,12.31,330.03,4.38,338.47,January,1
2026-01-05 07:06:19.515903,Product Launch,YouTube,25-34,Other,Chennai,Returning,23613,2358,697,98,13228,222502.05,9.99,29.56,4.16,5.61,134.98,16.82,1582.05,January,1
2026-01-05 08:51:10.694138,New Year Offer,YouTube,55+,Female,Kolkata,Returning,147159,9569,1565,166,7749,413163.85,6.5,16.35,1.73,0.81,46.68,53.32,5231.83,January,1
2026-01-05 10:36:01.872374,Diwali Campaign,Google Ads,45-54,Other,Ahmedabad,New,28665,555,91,12,8045,12281.79,1.94,16.4,2.16,14.5,670.42,1.53,52.66,January,1
2026-01-05 12:20:53.050610,Product Launch,Google Ads,45-54,Female,Hyderabad,New,116568,5566,1580,351,36615,530836.52,4.77,28.39,6.31,6.58,104.32,14.5,1349.78,January,1
2026-01-05 14:05:44.228845,Summer Sale,Facebook,45-54,Other,Nagpur,Returning,39622,632,120,18,29071,52098.5,1.6,18.99,2.85,46.0,1615.06,1.79,79.21,January,1
2026-01-05 15:50:35.407081,Diwali Campaign,Instagram,55+,Other,Chennai,Returning,105834,3779,368,107,37163,120323.32,3.57,9.74,2.83,9.83,347.32,3.24,223.77,January,1
2026-01-05 17:35:26.585317,Winter Sale,Facebook,55+,Other,Mumbai,New,51989,2126,505,54,25958,73770.41,4.09,23.75,2.54,12.21,480.7,2.84,184.19,January,1
2026-01-05 19:20:17.763552,Festival Campaign,Facebook,55+,Other,Chennai,Returning,54741,4750,546,162,19922,95442.5,8.68,11.49,3.41,4.19,122.98,4.79,379.08,January,1
2026-01-05 21:05:08.941788,Summer Sale,Email,18-24,Other,Jaipur,Returning,30163,2576,603,49,30995,65214.84,8.54,23.41,1.9,12.03,632.55,2.1,110.4,January,1
2026-01-05 22:50:00.120024,Festival Campaign,Email,25-34,Other,Nagpur,New,81637,901,261,46,33177,65657.11,1.1,28.97,5.11,36.82,721.24,1.98,97.9,January,1
2026-01-06 00:34:51.298259,Clearance Sale,Facebook,45-54,Female,Bangalore,New,69175,4005,1325,179,33426,134176.41,5.79,33.08,4.47,8.35,186.74,4.01,301.41,January,1
2026-01-06 02:19:42.476495,Winter Sale,Facebook,18-24,Female,Nagpur,Returning,43546,1311,128,26,17113,13093.75,3.01,9.76,1.98,13.05,658.19,0.77,-23.49,January,1
2026-01-06 04:04:33.654730,Winter Sale,Facebook,45-54,Male,Mumbai,Returning,144547,5609,909,92,13386,178343.26,3.88,16.21,1.64,2.39,145.5,13.32,1232.31,January,1
2026-01-06 05:49:24.832966,Summer Sale,YouTube,18-24,Other,Jaipur,New,80259,958,245,66,3901,82751.89,1.19,25.57,6.89,4.07,59.11,21.21,2021.3,January,1
2026-01-06 07:34:16.011202,Winter Sale,Email,55+,Female,Bangalore,Returning,24890,1928,318,34,28245,18515.03,7.75,16.49,1.76,14.65,830.74,0.66,-34.45,January,1
2026-01-06 09:19:07.189437,Product Launch,Facebook,45-54,Other,Pune,Returning,16713,1596,322,67,21267,177540.67,9.55,20.18,4.2,13.33,317.42,8.35,734.82,January,1
2026-01-06 11:03:58.367673,Winter Sale,Google Ads,55+,Other,Mumbai,Returning,103389,3074,262,22,11331,43142.53,2.97,8.52,0.72,3.69,515.05,3.81,280.75,January,1
2026-01-06 12:48:49.545909,Festival Campaign,Google Ads,45-54,Female,Delhi,New,75317,3069,820,121,13860,112278.43,4.07,26.72,3.94,4.52,114.55,8.1,710.09,January,1
2026-01-06 14:33:40.724144,Festival Campaign,YouTube,35-44,Other,Kolkata,Returning,92979,2657,846,95,14110,252996.07,2.86,31.84,3.58,5.31,148.53,17.93,1693.03,January,1
2026-01-06 16:18:31.902380,Diwali Campaign,YouTube,18-24,Female,Nagpur,Returning,131061,12280,4221,1245,23543,1411786.33,9.37,34.37,10.14,1.92,18.91,59.97,5896.63,January,1
2026-01-06 18:03:23.080616,Festival Campaign,Instagram,35-44,Female,Pune,New,140742,1525,463,38,45254,40607.34,1.08,30.36,2.49,29.67,1190.89,0.9,-10.27,January,1
2026-01-06 19:48:14.258851,Diwali Campaign,Instagram,18-24,Male,Jaipur,New,125039,7820,692,109,33393,298287.78,6.25,8.85,1.39,4.27,306.36,8.93,793.26,January,1
2026-01-06 21:33:05.437087,Festival Campaign,Instagram,25-34,Male,Pune,Returning,56492,4992,1277,187,14074,177396.56,8.84,25.58,3.75,2.82,75.26,12.6,1160.46,January,1
2026-01-06 23:17:56.615323,Product Launch,YouTube,45-54,Male,Hyderabad,New,119718,3204,685,153,32702,412712.07,2.68,21.38,4.78,10.21,213.74,12.62,1162.04,January,1
2026-01-07 01:02:47.793558,Monsoon Offer,YouTube,25-34,Male,Ahmedabad,New,82005,5174,1724,159,20800,398681.89,6.31,33.32,3.07,4.02,130.82,19.17,1816.74,January,1
2026-01-07 02:47:38.971794,Diwali Campaign,YouTube,25-34,Other,Nagpur,Returning,35040,510,165,42,14264,53526.64,1.46,32.35,8.24,27.97,339.62,3.75,275.26,January,1
2026-01-07 04:32:30.150030,New Year Offer,Google Ads,18-24,Other,Ahmedabad,New,119009,9914,3437,627,47292,367417.42,8.33,34.67,6.32,4.77,75.43,7.77,676.91,January,1
2026-01-07 06:17:21.328265,Clearance Sale,YouTube,35-44,Male,Delhi,Returning,78702,2730,853,153,24347,108084.21,3.47,31.25,5.6,8.92,159.13,4.44,343.93,January,1
2026-01-07 08:02:12.506501,Summer Sale,Google Ads,55+,Female,Pune,Returning,31637,3131,712,92,24505,71191.5,9.9,22.74,2.94,7.83,266.36,2.91,190.52,January,1
2026-01-07 09:47:03.684736,Festival Campaign,Instagram,18-24,Female,Jaipur,New,77745,7228,1973,370,38350,1008988.92,9.3,27.3,5.12,5.31,103.65,26.31,2531.0,January,1
2026-01-07 11:31:54.862972,Winter Sale,Instagram,55+,Female,Delhi,Returning,149819,11375,3872,619,19742,934745.68,7.59,34.04,5.44,1.74,31.89,47.35,4634.81,January,1
2026-01-07 13:16:46.041208,Monsoon Offer,Instagram,25-34,Female,Ahmedabad,Returning,100467,5497,1297,173,4500,100569.12,5.47,23.59,3.15,0.82,26.01,22.35,2134.87,January,1
2026-01-07 15:01:37.219443,Festival Campaign,Facebook,55+,Other,Pune,Returning,121855,9625,2952,345,43887,652523.05,7.9,30.67,3.58,4.56,127.21,14.87,1386.83,January,1
2026-01-07 16:46:28.397679,Winter Sale,Facebook,35-44,Female,Delhi,Returning,64040,1393,465,111,33117,113217.85,2.18,33.38,7.97,23.77,298.35,3.42,241.87,January,1
2026-01-07 18:31:19.575915,Clearance Sale,Email,18-24,Female,Mumbai,Returning,117518,4456,1042,115,3814,125098.74,3.79,23.38,2.58,0.86,33.17,32.8,3179.99,January,1
2026-01-07 20:16:10.754150,Clearance Sale,Email,35-44,Male,Chennai,New,93110,1156,142,16,44555,14433.67,1.24,12.28,1.38,38.54,2784.69,0.32,-67.6,January,1
2026-01-07 22:01:01.932386,Clearance Sale,Email,35-44,Female,Kolkata,New,106395,7240,883,182,17539,437719.77,6.8,12.2,2.51,2.42,96.37,24.96,2395.69,January,1
2026-01-07 23:45:53.110622,Winter Sale,Facebook,18-24,Other,Bangalore,Returning,85764,7075,786,101,40834,50654.76,8.25,11.11,1.43,5.77,404.3,1.24,24.05,January,1
2026-01-08 01:30:44.288857,Festival Campaign,Facebook,35-44,Female,Mumbai,Returning,100367,9551,1992,360,14187,575085.75,9.52,20.86,3.77,1.49,39.41,40.54,3953.61,January,1
2026-01-08 03:15:35.467093,Clearance Sale,Email,45-54,Female,Delhi,New,94338,6772,1419,286,9086,205112.88,7.18,20.95,4.22,1.34,31.77,22.57,2157.46,January,1
2026-01-08 05:00:26.645329,Product Launch,Email,45-54,Other,Jaipur,Returning,39907,3028,746,104,42062,195617.4,7.59,24.64,3.43,13.89,404.44,4.65,365.07,January,1
2026-01-08 06:45:17.823564,Diwali Campaign,YouTube,45-54,Male,Hyderabad,Returning,49387,4474,941,146,14510,199287.21,9.06,21.03,3.26,3.24,99.38,13.73,1273.45,January,1
2026-01-08 08:30:09.001800,Winter Sale,Email,55+,Other,Chennai,Returning,84655,7980,2734,345,17129,196953.24,9.43,34.26,4.32,2.15,49.65,11.5,1049.82,January,1
2026-01-08 10:15:00.180036,Winter Sale,YouTube,35-44,Male,Bangalore,New,67407,3654,579,104,37832,171853.3,5.42,15.85,2.85,10.35,363.77,4.54,354.25,January,1
2026-01-08 11:59:51.358271,Festival Campaign,Google Ads,18-24,Female,Mumbai,Returning,145627,2895,914,272,17200,523998.14,1.99,31.57,9.4,5.94,63.24,30.47,2946.5,January,1
2026-01-08 13:44:42.536507,Winter Sale,Facebook,18-24,Male,Hyderabad,New,56095,2915,312,49,29113,54837.62,5.2,10.7,1.68,9.99,594.14,1.88,88.36,January,1
2026-01-08 15:29:33.714742,Winter Sale,Email,55+,Male,Hyderabad,Returning,11042,663,160,35,43132,84482.29,6.0,24.13,5.28,65.06,1232.34,1.96,95.87,January,1
2026-01-08 17:14:24.892978,Clearance Sale,Facebook,18-24,Male,Hyderabad,Returning,113748,7602,1938,426,33141,608166.94,6.68,25.49,5.6,4.36,77.8,18.35,1735.09,January,1
2026-01-08 18:59:16.071214,Festival Campaign,Facebook,45-54,Female,Chennai,New,14188,1405,405,102,37132,242083.36,9.9,28.83,7.26,26.43,364.04,6.52,551.95,January,1
2026-01-08 20:44:07.249449,Clearance Sale,Facebook,35-44,Male,Pune,New,88596,8202,1770,418,46788,814071.44,9.26,21.58,5.1,5.7,111.93,17.4,1639.92,January,1
2026-01-08 22:28:58.427685,Diwali Campaign,Google Ads,18-24,Male,Mumbai,Returning,13088,597,79,6,19650,16038.8,4.56,13.23,1.01,32.91,3275.0,0.82,-18.38,January,1
2026-01-09 00:13:49.605921,Monsoon Offer,Instagram,18-24,Female,Pune,Returning,11646,235,42,6,16408,11203.87,2.02,17.87,2.55,69.82,2734.67,0.68,-31.72,January,1
2026-01-09 01:58:40.784156,Diwali Campaign,Email,25-34,Other,Nagpur,Returning,25453,746,114,30,16594,28922.04,2.93,15.28,4.02,22.24,553.13,1.74,74.29,January,1
2026-01-09 03:43:31.962392,Monsoon Offer,Instagram,25-34,Other,Chennai,New,62233,1595,308,61,45230,155945.16,2.56,19.31,3.82,28.36,741.48,3.45,244.78,January,1
2026-01-09 05:28:23.140628,Clearance Sale,Instagram,25-34,Other,Hyderabad,Returning,93087,3913,872,89,11226,218725.34,4.2,22.28,2.27,2.87,126.13,19.48,1848.38,January,1
2026-01-09 07:13:14.318863,Diwali Campaign,Instagram,35-44,Female,Hyderabad,New,71993,6399,1591,223,40649,653588.37,8.89,24.86,3.48,6.35,182.28,16.08,1507.88,January,1
2026-01-09 08:58:05.497099,Festival Campaign,Facebook,45-54,Female,Chennai,Returning,96392,4763,1467,208,35212,152662.6,4.94,30.8,4.37,7.39,169.29,4.34,333.55,January,1
2026-01-09 10:42:56.675335,Summer Sale,YouTube,45-54,Other,Nagpur,Returning,132349,8080,2631,715,3067,1414325.7,6.11,32.56,8.85,0.38,4.29,461.14,46014.3,January,1
2026-01-09 12:27:47.853570,Clearance Sale,Facebook,45-54,Male,Kolkata,Returning,76019,1985,406,81,19572,140062.97,2.61,20.45,4.08,9.86,241.63,7.16,615.63,January,1
2026-01-09 14:12:39.031806,Monsoon Offer,Facebook,35-44,Other,Jaipur,Returning,10451,568,59,12,48663,26126.16,5.43,10.39,2.11,85.67,4055.25,0.54,-46.31,January,1
2026-01-09 15:57:30.210042,Product Launch,Instagram,35-44,Female,Kolkata,Returning,145141,12863,3797,610,16232,1799774.27,8.86,29.52,4.74,1.26,26.61,110.88,10987.82,January,1
2026-01-09 17:42:21.388277,Monsoon Offer,Facebook,25-34,Male,Pune,Returning,74274,5913,1234,115,14146,210528.22,7.96,20.87,1.94,2.39,123.01,14.88,1388.25,January,1
2026-01-09 19:27:12.566513,Product Launch,Instagram,18-24,Male,Chennai,Returning,148279,2566,583,56,38906,124003.41,1.73,22.72,2.18,15.16,694.75,3.19,218.73,January,1
2026-01-09 21:12:03.744748,Winter Sale,YouTube,55+,Female,Jaipur,New,28157,2466,593,102,49002,139539.43,8.76,24.05,4.14,19.87,480.41,2.85,184.76,January,1
2026-01-09 22:56:54.922984,Diwali Campaign,Email,55+,Male,Kolkata,Returning,84726,2935,764,90,45291,112268.36,3.46,26.03,3.07,15.43,503.23,2.48,147.88,January,1
2026-01-10 00:41:46.101220,Product Launch,Instagram,18-24,Other,Pune,Returning,115716,8090,2591,266,6190,355972.22,6.99,32.03,3.29,0.77,23.27,57.51,5650.76,January,1
2026-01-10 02:26:37.279455,Monsoon Offer,YouTube,25-34,Female,Delhi,Returning,114636,2656,895,123,36620,73371.93,2.32,33.7,4.63,13.79,297.72,2.0,100.36,January,1
2026-01-10 04:11:28.457691,Winter Sale,Email,18-24,Female,Ahmedabad,Returning,17913,1266,422,102,19042,123608.86,7.07,33.33,8.06,15.04,186.69,6.49,549.14,January,1
2026-01-10 05:56:19.635927,Summer Sale,Google Ads,18-24,Female,Jaipur,New,36727,485,144,13,10353,12120.76,1.32,29.69,2.68,21.35,796.38,1.17,17.07,January,1
2026-01-10 07:41:10.814162,Festival Campaign,Instagram,55+,Female,Bangalore,New,143018,9161,2932,523,32645,859587.08,6.41,32.01,5.71,3.56,62.42,26.33,2533.14,January,1
2026-01-10 09:26:01.992398,Festival Campaign,Instagram,25-34,Male,Jaipur,Returning,71061,4841,452,118,26621,194943.31,6.81,9.34,2.44,5.5,225.6,7.32,632.29,January,1
2026-01-10 11:10:53.170634,Festival Campaign,Google Ads,35-44,Female,Pune,Returning,123388,3948,1220,169,30634,407809.6,3.2,30.9,4.28,7.76,181.27,13.31,1231.23,January,1
2026-01-10 12:55:44.348869,Product Launch,Google Ads,55+,Female,Hyderabad,New,77957,7353,731,107,28332,187863.02,9.43,9.94,1.46,3.85,264.79,6.63,563.08,January,1
2026-01-10 14:40:35.527105,Summer Sale,Instagram,35-44,Male,Pune,New,95839,1354,381,104,47956,172401.21,1.41,28.14,7.68,35.42,461.12,3.59,259.5,January,1
2026-01-10 16:25:26.705341,Product Launch,Google Ads,25-34,Female,Mumbai,New,115649,10437,1312,292,45267,315087.21,9.02,12.57,2.8,4.34,155.02,6.96,596.06,January,1
2026-01-10 18:10:17.883576,Diwali Campaign,Facebook,18-24,Male,Hyderabad,Returning,11844,525,93,23,16930,60517.6,4.43,17.71,4.38,32.25,736.09,3.57,257.46,January,1
2026-01-10 19:55:09.061812,Product Launch,Email,45-54,Male,Pune,New,44572,3309,429,61,33641,44377.64,7.42,12.96,1.84,10.17,551.49,1.32,31.92,January,1
2026-01-10 21:40:00.240048,Summer Sale,Email,45-54,Female,Kolkata,New,29449,2021,403,120,5595,354688.79,6.86,19.94,5.94,2.77,46.62,63.39,6239.39,January,1
2026-01-10 23:24:51.418283,Summer Sale,Email,25-34,Other,Ahmedabad,Returning,120137,3020,577,64,24851,108172.0,2.51,19.11,2.12,8.23,388.3,4.35,335.28,January,1
2026-01-11 01:09:42.596519,Diwali Campaign,Facebook,45-54,Female,Pune,Returning,29459,1140,105,30,4218,28949.02,3.87,9.21,2.63,3.7,140.6,6.86,586.32,January,1
2026-01-11 02:54:33.774754,Summer Sale,Google Ads,35-44,Other,Kolkata,Returning,135298,7802,2373,660,25283,914641.29,5.77,30.42,8.46,3.24,38.31,36.18,3517.61,January,1
2026-01-11 04:39:24.952990,Monsoon Offer,YouTube,45-54,Male,Bangalore,New,119334,10284,3194,643,11675,346207.57,8.62,31.06,6.25,1.14,18.16,29.65,2865.38,January,1
2026-01-11 06:24:16.131226,Summer Sale,Google Ads,25-34,Other,Mumbai,New,70140,6729,1969,411,24067,376602.05,9.59,29.26,6.11,3.58,58.56,15.65,1464.81,January,1
2026-01-11 08:09:07.309461,Festival Campaign,Instagram,25-34,Female,Delhi,New,35362,419,129,32,26831,42827.19,1.18,30.79,7.64,64.04,838.47,1.6,59.62,January,1
2026-01-11 09:53:58.487697,Monsoon Offer,Email,35-44,Female,Mumbai,New,31319,1306,369,54,27384,101846.06,4.17,28.25,4.13,20.97,507.11,3.72,271.92,January,1
2026-01-11 11:38:49.665933,Monsoon Offer,Google Ads,45-54,Other,Hyderabad,Returning,110751,7767,2587,507,43527,417616.97,7.01,33.31,6.53,5.6,85.85,9.59,859.44,January,1
2026-01-11 13:23:40.844168,Diwali Campaign,YouTube,45-54,Female,Ahmedabad,New,148769,8553,2015,561,31564,1228538.52,5.75,23.56,6.56,3.69,56.26,38.92,3792.21,January,1
2026-01-11 15:08:32.022404,New Year Offer,Instagram,18-24,Other,Mumbai,Returning,106896,10141,2406,228,14741,595237.6,9.49,23.73,2.25,1.45,64.65,40.38,3937.97,January,1
2026-01-11 16:53:23.200640,New Year Offer,Facebook,55+,Male,Jaipur,New,38735,446,139,38,19665,73372.26,1.15,31.17,8.52,44.09,517.5,3.73,273.11,January,1
2026-01-11 18:38:14.378875,Summer Sale,Facebook,25-34,Other,Delhi,New,41293,2039,355,85,44589,105591.56,4.94,17.41,4.17,21.87,524.58,2.37,136.81,January,1
2026-01-11 20:23:05.557111,Monsoon Offer,YouTube,18-24,Other,Hyderabad,New,149082,10464,978,243,38234,195245.84,7.02,9.35,2.32,3.65,157.34,5.11,410.66,January,1
2026-01-11 22:07:56.735347,New Year Offer,Instagram,25-34,Other,Jaipur,Returning,102305,3026,854,80,31894,43107.01,2.96,28.22,2.64,10.54,398.68,1.35,35.16,January,1
2026-01-11 23:52:47.913582,New Year Offer,Email,18-24,Other,Hyderabad,New,99359,7484,1113,135,39943,314483.29,7.53,14.87,1.8,5.34,295.87,7.87,687.33,January,1
2026-01-12 01:37:39.091818,Summer Sale,Google Ads,55+,Male,Jaipur,Returning,50727,878,182,51,40689,105631.12,1.73,20.73,5.81,46.34,797.82,2.6,159.61,January,1
2026-01-12 03:22:30.270054,New Year Offer,Instagram,18-24,Male,Nagpur,Returning,114545,5795,839,90,46689,152163.77,5.06,14.48,1.55,8.06,518.77,3.26,225.91,January,1
2026-01-12 05:07:21.448289,Product Launch,Facebook,25-34,Male,Ahmedabad,Returning,24787,1756,532,116,42324,87578.71,7.08,30.3,6.61,24.1,364.86,2.07,106.92,January,1
2026-01-12 06:52:12.626525,Winter Sale,YouTube,45-54,Other,Kolkata,Returning,127710,4343,1471,370,31040,376498.29,3.4,33.87,8.52,7.15,83.89,12.13,1112.95,January,1
2026-01-12 08:37:03.804760,Diwali Campaign,YouTube,25-34,Male,Mumbai,New,121489,2022,191,24,5936,60910.34,1.66,9.45,1.19,2.94,247.33,10.26,926.12,January,1
2026-01-12 10:21:54.982996,Winter Sale,Google Ads,35-44,Female,Bangalore,New,108782,10457,1495,349,28927,593170.41,9.61,14.3,3.34,2.77,82.89,20.51,1950.58,January,1
2026-01-12 12:06:46.161232,Summer Sale,YouTube,35-44,Male,Jaipur,Returning,63448,5852,767,72,16514,209309.91,9.22,13.11,1.23,2.82,229.36,12.67,1167.47,January,1
2026-01-12 13:51:37.339467,Festival Campaign,YouTube,35-44,Other,Nagpur,Returning,79513,7424,1943,368,46265,1103974.38,9.34,26.17,4.96,6.23,125.72,23.86,2286.2,January,1
2026-01-12 15:36:28.517703,Diwali Campaign,Instagram,35-44,Female,Ahmedabad,New,16068,1575,308,47,47398,117583.09,9.8,19.56,2.98,30.09,1008.47,2.48,148.08,January,1
2026-01-12 17:21:19.695939,Summer Sale,Email,55+,Other,Bangalore,New,120040,3195,649,144,26697,164946.1,2.66,20.31,4.51,8.36,185.4,6.18,517.85,January,1
2026-01-12 19:06:10.874174,Monsoon Offer,Google Ads,45-54,Female,Mumbai,Returning,128962,3120,381,104,28412,112089.89,2.42,12.21,3.33,9.11,273.19,3.95,294.52,January,1
2026-01-12 20:51:02.052410,Festival Campaign,Instagram,45-54,Other,Nagpur,New,22740,297,57,6,9139,6804.51,1.31,19.19,2.02,30.77,1523.17,0.74,-25.54,January,1
2026-01-12 22:35:53.230646,Winter Sale,Email,25-34,Other,Bangalore,New,98333,8875,1436,257,49520,762509.41,9.03,16.18,2.9,5.58,192.68,15.4,1439.8,January,1
2026-01-13 00:20:44.408881,Summer Sale,Instagram,18-24,Female,Delhi,New,74745,5811,1423,246,17098,329234.39,7.77,24.49,4.23,2.94,69.5,19.26,1825.57,January,1
2026-01-13 02:05:35.587117,Monsoon Offer,Instagram,25-34,Male,Chennai,Returning,148863,9972,1382,209,13258,473618.42,6.7,13.86,2.1,1.33,63.44,35.72,3472.32,January,1
2026-01-13 03:50:26.765353,Diwali Campaign,YouTube,25-34,Female,Hyderabad,Returning,141557,13234,3255,604,22385,1750116.74,9.35,24.6,4.56,1.69,37.06,78.18,7718.26,January,1
2026-01-13 05:35:17.943588,Diwali Campaign,Email,25-34,Female,Hyderabad,Returning,10337,638,116,31,41767,79018.7,6.17,18.18,4.86,65.47,1347.32,1.89,89.19,January,1
2026-01-13 07:20:09.121824,Clearance Sale,Google Ads,25-34,Female,Pune,Returning,140996,3056,530,155,8074,309071.48,2.17,17.34,5.07,2.64,52.09,38.28,3727.98,January,1
2026-01-13 09:05:00.300060,Monsoon Offer,Google Ads,45-54,Female,Delhi,Returning,66052,1711,278,22,28008,20293.1,2.59,16.25,1.29,16.37,1273.09,0.72,-27.55,January,1
2026-01-13 10:49:51.478295,Product Launch,Email,18-24,Female,Chennai,New,11471,251,65,15,24932,14060.18,2.19,25.9,5.98,99.33,1662.13,0.56,-43.61,January,1
2026-01-13 12:34:42.656531,New Year Offer,YouTube,25-34,Other,Pune,New,61194,2306,534,114,23731,197340.58,3.77,23.16,4.94,10.29,208.17,8.32,731.57,January,1
2026-01-13 14:19:33.834766,Festival Campaign,Facebook,45-54,Other,Bangalore,New,129076,5699,1766,527,41887,1517686.87,4.42,30.99,9.25,7.35,79.48,36.23,3523.29,January,1
2026-01-13 16:04:25.013002,Monsoon Offer,Instagram,25-34,Male,Pune,Returning,83392,6814,989,98,16083,270600.96,8.17,14.51,1.44,2.36,164.11,16.83,1582.53,January,1
2026-01-13 17:49:16.191238,Clearance Sale,YouTube,35-44,Male,Jaipur,New,71088,1934,175,45,14825,41196.61,2.72,9.05,2.33,7.67,329.44,2.78,177.89,January,1
2026-01-13 19:34:07.369473,New Year Offer,Email,25-34,Female,Delhi,Returning,109909,8274,1068,304,10050,370667.01,7.53,12.91,3.67,1.21,33.06,36.88,3588.23,January,1
2026-01-13 21:18:58.547709,New Year Offer,Instagram,25-34,Male,Nagpur,Returning,15664,849,146,40,25326,78881.13,5.42,17.2,4.71,29.83,633.15,3.11,211.46,January,1
2026-01-13 23:03:49.725945,Summer Sale,Google Ads,55+,Male,Nagpur,Returning,98859,9882,1269,258,34368,436942.67,10.0,12.84,2.61,3.48,133.21,12.71,1171.36,January,1
2026-01-14 00:48:40.904180,New Year Offer,Facebook,35-44,Female,Chennai,Returning,101991,8148,835,126,14149,100599.28,7.99,10.25,1.55,1.74,112.29,7.11,611.0,January,1
2026-01-14 02:33:32.082416,Product Launch,Google Ads,18-24,Other,Mumbai,Returning,129805,12617,2526,557,46745,792760.26,9.72,20.02,4.41,3.7,83.92,16.96,1595.93,January,1
2026-01-14 04:18:23.260652,Diwali Campaign,Email,25-34,Other,Nagpur,Returning,146451,5976,1570,231,11412,666847.55,4.08,26.27,3.87,1.91,49.4,58.43,5743.39,January,1
2026-01-14 06:03:14.438887,Clearance Sale,Instagram,18-24,Male,Delhi,New,41536,875,247,42,29736,120901.43,2.11,28.23,4.8,33.98,708.0,4.07,306.58,January,1
2026-01-14 07:48:05.617123,New Year Offer,Email,35-44,Other,Ahmedabad,Returning,146063,8110,1521,270,24039,512612.47,5.55,18.75,3.33,2.96,89.03,21.32,2032.42,January,1
2026-01-14 09:32:56.795359,Summer Sale,Instagram,25-34,Other,Hyderabad,New,104754,2218,463,67,24561,139906.27,2.12,20.87,3.02,11.07,366.58,5.7,469.63,January,1
2026-01-14 11:17:47.973594,Product Launch,YouTube,55+,Male,Ahmedabad,Returning,126134,6851,1945,301,29820,317484.48,5.43,28.39,4.39,4.35,99.07,10.65,964.67,January,1
2026-01-14 13:02:39.151830,Winter Sale,Facebook,45-54,Female,Pune,New,106649,3657,640,52,23192,122453.85,3.43,17.5,1.42,6.34,446.0,5.28,428.0,January,1
2026-01-14 14:47:30.330066,Diwali Campaign,YouTube,55+,Male,Kolkata,Returning,111610,6048,1765,256,43642,161597.56,5.42,29.18,4.23,7.22,170.48,3.7,270.28,January,1
2026-01-14 16:32:21.508301,Diwali Campaign,YouTube,55+,Male,Jaipur,Returning,103513,9882,3371,619,43653,651005.69,9.55,34.11,6.26,4.42,70.52,14.91,1391.32,January,1
2026-01-14 18:17:12.686537,Clearance Sale,Email,45-54,Male,Kolkata,New,38359,1381,438,51,40499,26250.17,3.6,31.72,3.69,29.33,794.1,0.65,-35.18,January,1
2026-01-14 20:02:03.864772,Diwali Campaign,Facebook,45-54,Female,Delhi,Returning,127060,12630,2557,657,34379,962014.32,9.94,20.25,5.2,2.72,52.33,27.98,2698.26,January,1
2026-01-14 21:46:55.043008,New Year Offer,Instagram,45-54,Female,Kolkata,Returning,124209,3805,899,178,27339,467366.23,3.06,23.63,4.68,7.19,153.59,17.1,1609.52,January,1
2026-01-14 23:31:46.221244,Summer Sale,Instagram,25-34,Female,Ahmedabad,New,28043,805,220,56,43334,165550.91,2.87,27.33,6.96,53.83,773.82,3.82,282.03,January,1
2026-01-15 01:16:37.399479,Diwali Campaign,Google Ads,18-24,Female,Mumbai,New,98059,5788,1008,109,38048,236463.5,5.9,17.42,1.88,6.57,349.06,6.21,521.49,January,1
2026-01-15 03:01:28.577715,Diwali Campaign,Instagram,18-24,Male,Delhi,Returning,19070,1635,483,125,17360,295270.84,8.57,29.54,7.65,10.62,138.88,17.01,1600.87,January,1
2026-01-15 04:46:19.755951,Winter Sale,Email,45-54,Other,Hyderabad,New,66955,5186,1026,298,33096,344748.44,7.75,19.78,5.75,6.38,111.06,10.42,941.66,January,1
2026-01-15 06:31:10.934186,Winter Sale,YouTube,55+,Male,Chennai,New,38571,2897,894,140,35038,252116.44,7.51,30.86,4.83,12.09,250.27,7.2,619.55,January,1
2026-01-15 08:16:02.112422,Festival Campaign,YouTube,35-44,Female,Delhi,Returning,87115,3087,459,65,43887,152193.91,3.54,14.87,2.11,14.22,675.18,3.47,246.79,January,1
2026-01-15 10:00:53.290658,Product Launch,YouTube,45-54,Other,Bangalore,New,108891,1309,108,24,6508,41836.55,1.2,8.25,1.83,4.97,271.17,6.43,542.85,January,1
2026-01-15 11:45:44.468893,New Year Offer,Facebook,55+,Male,Hyderabad,Returning,140644,3453,866,190,5118,137059.54,2.46,25.08,5.5,1.48,26.94,26.78,2577.99,January,1
2026-01-15 13:30:35.647129,Diwali Campaign,Instagram,55+,Other,Delhi,New,31871,1321,266,27,48015,63508.33,4.14,20.14,2.04,36.35,1778.33,1.32,32.27,January,1
2026-01-15 15:15:26.825365,Monsoon Offer,Email,25-34,Female,Bangalore,Returning,147295,14354,1380,391,17360,410124.19,9.75,9.61,2.72,1.21,44.4,23.62,2262.47,January,1
2026-01-15 17:00:18.003600,Diwali Campaign,Facebook,25-34,Other,Hyderabad,Returning,24197,2244,474,87,39213,64749.24,9.27,21.12,3.88,17.47,450.72,1.65,65.12,January,1
2026-01-15 18:45:09.181836,Summer Sale,Google Ads,18-24,Other,Pune,Returning,84923,2382,298,73,34957,123745.58,2.8,12.51,3.06,14.68,478.86,3.54,253.99,January,1
2026-01-15 20:30:00.360072,Festival Campaign,Email,18-24,Female,Nagpur,New,112657,8483,2121,337,34260,231358.15,7.53,25.0,3.97,4.04,101.66,6.75,575.3,January,1
2026-01-15 22:14:51.538307,Product Launch,Email,35-44,Other,Jaipur,Returning,102438,6362,1273,175,38586,362881.6,6.21,20.01,2.75,6.07,220.49,9.4,840.45,January,1
2026-01-15 23:59:42.716543,Monsoon Offer,Email,35-44,Male,Nagpur,New,110909,1606,202,21,30907,44124.85,1.45,12.58,1.31,19.24,1471.76,1.43,42.77,January,1
2026-01-16 01:44:33.894778,Festival Campaign,YouTube,35-44,Other,Ahmedabad,Returning,110842,4816,920,129,46102,147286.39,4.34,19.1,2.68,9.57,357.38,3.19,219.48,January,1
2026-01-16 03:29:25.073014,Clearance Sale,Email,35-44,Male,Chennai,Returning,89432,4806,686,204,12605,593912.56,5.37,14.27,4.24,2.62,61.79,47.12,4611.72,January,1
2026-01-16 05:14:16.251250,Product Launch,Instagram,55+,Other,Nagpur,Returning,51525,3610,925,207,9363,530153.7,7.01,25.62,5.73,2.59,45.23,56.62,5562.22,January,1
2026-01-16 06:59:07.429485,Diwali Campaign,Email,55+,Other,Delhi,New,26198,957,152,39,28481,30184.73,3.65,15.88,4.08,29.76,730.28,1.06,5.98,January,1
2026-01-16 08:43:58.607721,Diwali Campaign,YouTube,18-24,Female,Pune,Returning,104187,9798,2958,860,41155,2039301.07,9.4,30.19,8.78,4.2,47.85,49.55,4855.17,January,1
2026-01-16 10:28:49.785957,Product Launch,Email,25-34,Female,Kolkata,Returning,108172,5480,459,44,49573,60838.22,5.07,8.38,0.8,9.05,1126.66,1.23,22.72,January,1
2026-01-16 12:13:40.964192,Diwali Campaign,Google Ads,25-34,Male,Ahmedabad,New,109499,3544,669,77,25133,182930.54,3.24,18.88,2.17,7.09,326.4,7.28,627.85,January,1
2026-01-16 13:58:32.142428,New Year Offer,Google Ads,45-54,Female,Nagpur,Returning,116313,4475,1103,313,49145,783121.93,3.85,24.65,6.99,10.98,157.01,15.93,1493.49,January,1
2026-01-16 15:43:23.320664,Product Launch,YouTube,55+,Female,Mumbai,Returning,32027,2487,214,43,25720,37773.14,7.77,8.6,1.73,10.34,598.14,1.47,46.86,January,1
2026-01-16 17:28:14.498899,Festival Campaign,Instagram,35-44,Female,Chennai,New,23792,1608,222,48,30967,103421.04,6.76,13.81,2.99,19.26,645.15,3.34,233.97,January,1
2026-01-16 19:13:05.677135,Product Launch,Instagram,35-44,Female,Kolkata,New,91313,7012,1180,205,15183,544649.1,7.68,16.83,2.92,2.17,74.06,35.87,3487.23,January,1
2026-01-16 20:57:56.855371,Monsoon Offer,Facebook,45-54,Female,Jaipur,New,95330,3461,297,76,13414,99440.99,3.63,8.58,2.2,3.88,176.5,7.41,641.32,January,1
2026-01-16 22:42:48.033606,Diwali Campaign,YouTube,25-34,Male,Delhi,Returning,42544,1676,381,73,3111,51159.92,3.94,22.73,4.36,1.86,42.62,16.44,1544.48,January,1
2026-01-17 00:27:39.211842,New Year Offer,Email,35-44,Male,Pune,New,95263,4353,1089,285,6379,161928.08,4.57,25.02,6.55,1.47,22.38,25.38,2438.46,January,1
2026-01-17 02:12:30.390078,New Year Offer,YouTube,25-34,Female,Hyderabad,Returning,123329,3326,470,140,6151,108500.34,2.7,14.13,4.21,1.85,43.94,17.64,1663.95,January,1
2026-01-17 03:57:21.568313,Clearance Sale,Facebook,45-54,Female,Nagpur,Returning,41126,2969,673,149,43413,76066.71,7.22,22.67,5.02,14.62,291.36,1.75,75.22,January,1
2026-01-17 05:42:12.746549,Festival Campaign,YouTube,25-34,Male,Mumbai,New,109637,4346,1520,298,11604,392574.73,3.96,34.97,6.86,2.67,38.94,33.83,3283.1,January,1
2026-01-17 07:27:03.924784,Winter Sale,YouTube,25-34,Other,Chennai,New,137208,5400,1725,276,48028,344536.73,3.94,31.94,5.11,8.89,174.01,7.17,617.37,January,1
2026-01-17 09:11:55.103020,Winter Sale,Facebook,25-34,Male,Jaipur,Returning,33549,1148,110,13,5651,10086.09,3.42,9.58,1.13,4.92,434.69,1.78,78.48,January,1
2026-01-17 10:56:46.281256,Product Launch,Instagram,35-44,Other,Nagpur,New,46155,2342,268,60,32631,127667.68,5.07,11.44,2.56,13.93,543.85,3.91,291.25,January,1
2026-01-17 12:41:37.459491,Clearance Sale,Email,18-24,Female,Jaipur,New,47481,3773,805,75,19308,223482.44,7.95,21.34,1.99,5.12,257.44,11.57,1057.46,January,1
2026-01-17 14:26:28.637727,Summer Sale,Facebook,55+,Female,Kolkata,Returning,77967,6643,971,281,27761,773400.81,8.52,14.62,4.23,4.18,98.79,27.86,2685.93,January,1
2026-01-17 16:11:19.815963,Product Launch,Google Ads,25-34,Male,Kolkata,New,109320,9008,917,203,12768,229821.68,8.24,10.18,2.25,1.42,62.9,18.0,1699.98,January,1
2026-01-17 17:56:10.994198,Clearance Sale,Instagram,25-34,Female,Ahmedabad,New,92561,6100,907,263,6158,637762.92,6.59,14.87,4.31,1.01,23.41,103.57,10256.66,January,1
2026-01-17 19:41:02.172434,Festival Campaign,Google Ads,25-34,Other,Nagpur,New,30446,1072,103,14,26775,39790.21,3.52,9.61,1.31,24.98,1912.5,1.49,48.61,January,1
2026-01-17 21:25:53.350670,Festival Campaign,Instagram,18-24,Other,Pune,Returning,18507,1409,314,90,39845,248931.95,7.61,22.29,6.39,28.28,442.72,6.25,524.75,January,1
2026-01-17 23:10:44.528905,Festival Campaign,Email,45-54,Male,Chennai,New,135183,1830,388,83,35818,225044.03,1.35,21.2,4.54,19.57,431.54,6.28,528.3,January,1
2026-01-18 00:55:35.707141,Festival Campaign,Email,35-44,Other,Hyderabad,New,43208,3535,288,74,18485,182493.34,8.18,8.15,2.09,5.23,249.8,9.87,887.25,January,1
2026-01-18 02:40:26.885377,Festival Campaign,YouTube,18-24,Male,Hyderabad,Returning,27522,2207,464,55,48410,67786.33,8.02,21.02,2.49,21.93,880.18,1.4,40.03,January,1
2026-01-18 04:25:18.063612,Clearance Sale,Google Ads,25-34,Male,Delhi,Returning,57402,4035,889,168,34255,119096.49,7.03,22.03,4.16,8.49,203.9,3.48,247.68,January,1
2026-01-18 06:10:09.241848,Clearance Sale,Instagram,18-24,Other,Delhi,Returning,55102,1036,252,51,24787,87696.97,1.88,24.32,4.92,23.93,486.02,3.54,253.8,January,1
2026-01-18 07:55:00.420084,New Year Offer,Email,18-24,Other,Chennai,Returning,24040,2398,819,136,27611,86628.99,9.98,34.15,5.67,11.51,203.02,3.14,213.75,January,1
2026-01-18 09:39:51.598319,Monsoon Offer,Facebook,18-24,Other,Nagpur,New,114254,8920,3080,417,27852,1249408.82,7.81,34.53,4.67,3.12,66.79,44.86,4385.89,January,1
2026-01-18 11:24:42.776555,Winter Sale,Email,45-54,Other,Nagpur,Returning,148118,11276,2506,699,41583,975646.17,7.61,22.22,6.2,3.69,59.49,23.46,2246.26,January,1
2026-01-18 13:09:33.954790,Diwali Campaign,Facebook,55+,Other,Kolkata,Returning,46189,727,224,22,10153,63708.7,1.57,30.81,3.03,13.97,461.5,6.27,527.49,January,1
2026-01-18 14:54:25.133026,Festival Campaign,Instagram,35-44,Other,Mumbai,New,121738,5585,575,65,42093,158132.16,4.59,10.3,1.16,7.54,647.58,3.76,275.67,January,1
2026-01-18 16:39:16.311262,Summer Sale,Email,45-54,Other,Delhi,Returning,93998,1668,372,55,8931,84052.51,1.77,22.3,3.3,5.35,162.38,9.41,841.13,January,1
2026-01-18 18:24:07.489497,Diwali Campaign,Email,45-54,Female,Mumbai,Returning,96070,4082,1074,303,30040,241120.9,4.25,26.31,7.42,7.36,99.14,8.03,702.67,January,1
2026-01-18 20:08:58.667733,Clearance Sale,Instagram,55+,Male,Nagpur,New,65581,4022,935,190,20272,207666.72,6.13,23.25,4.72,5.04,106.69,10.24,924.4,January,1
2026-01-18 21:53:49.845969,Summer Sale,Email,45-54,Male,Delhi,Returning,116531,10382,1477,239,3403,521644.13,8.91,14.23,2.3,0.33,14.24,153.29,15228.95,January,1
2026-01-18 23:38:41.024204,Summer Sale,Facebook,18-24,Other,Hyderabad,Returning,19009,674,65,10,15801,25748.38,3.55,9.64,1.48,23.44,1580.1,1.63,62.95,January,1
2026-01-19 01:23:32.202440,Summer Sale,Email,18-24,Male,Jaipur,New,120847,7988,1472,389,43744,1147005.88,6.61,18.43,4.87,5.48,112.45,26.22,2522.09,January,1
2026-01-19 03:08:23.380676,New Year Offer,Google Ads,25-34,Other,Delhi,New,61377,1523,388,33,30064,27403.38,2.48,25.48,2.17,19.74,911.03,0.91,-8.85,January,1
2026-01-19 04:53:14.558911,Clearance Sale,YouTube,45-54,Female,Nagpur,New,78861,3300,1147,94,6985,83647.63,4.18,34.76,2.85,2.12,74.31,11.98,1097.53,January,1
2026-01-19 06:38:05.737147,Summer Sale,Facebook,25-34,Male,Nagpur,New,149771,14265,2052,184,19260,111522.16,9.52,14.38,1.29,1.35,104.67,5.79,479.04,January,1
2026-01-19 08:22:56.915383,Festival Campaign,Google Ads,35-44,Male,Jaipur,New,144817,11192,3668,672,32941,773412.4,7.73,32.77,6.0,2.94,49.02,23.48,2247.87,January,1
2026-01-19 10:07:48.093618,Product Launch,Instagram,18-24,Female,Mumbai,New,120612,7130,701,145,30615,370136.95,5.91,9.83,2.03,4.29,211.14,12.09,1109.01,January,1
2026-01-19 11:52:39.271854,Summer Sale,Facebook,35-44,Female,Chennai,New,54837,1790,593,128,32741,127442.19,3.26,33.13,7.15,18.29,255.79,3.89,289.24,January,1
2026-01-19 13:37:30.450090,New Year Offer,YouTube,55+,Female,Jaipur,New,130791,5777,1760,423,9549,790866.97,4.42,30.47,7.32,1.65,22.57,82.82,8182.2,January,1
2026-01-19 15:22:21.628325,Diwali Campaign,YouTube,18-24,Male,Hyderabad,New,60557,1459,124,15,25530,24240.27,2.41,8.5,1.03,17.5,1702.0,0.95,-5.05,January,1
2026-01-19 17:07:12.806561,Clearance Sale,Instagram,35-44,Male,Nagpur,New,32474,1357,217,29,8128,38122.4,4.18,15.99,2.14,5.99,280.28,4.69,369.03,January,1
2026-01-19 18:52:03.984796,Monsoon Offer,Instagram,55+,Female,Pune,New,66439,1565,146,19,15801,38871.45,2.36,9.33,1.21,10.1,831.63,2.46,146.01,January,1
2026-01-19 20:36:55.163032,New Year Offer,Facebook,35-44,Female,Hyderabad,New,78213,6380,2225,251,36057,440709.43,8.16,34.87,3.93,5.65,143.65,12.22,1122.26,January,1
2026-01-19 22:21:46.341268,Summer Sale,Email,55+,Female,Mumbai,Returning,65296,1127,220,29,13505,38770.33,1.73,19.52,2.57,11.98,465.69,2.87,187.08,January,1
2026-01-20 00:06:37.519503,Clearance Sale,Instagram,55+,Female,Jaipur,New,86711,2345,606,130,15370,288876.54,2.7,25.84,5.54,6.55,118.23,18.79,1779.48,January,1
2026-01-20 01:51:28.697739,Product Launch,Email,18-24,Female,Nagpur,New,117727,8500,1217,195,15028,233984.49,7.22,14.32,2.29,1.77,77.07,15.57,1456.99,January,1
2026-01-20 03:36:19.875975,Summer Sale,Google Ads,25-34,Other,Nagpur,New,11177,1019,338,84,17593,177068.5,9.12,33.17,8.24,17.26,209.44,10.06,906.47,January,1
2026-01-20 05:21:11.054210,New Year Offer,YouTube,55+,Female,Jaipur,New,10761,1041,160,31,29159,89686.55,9.67,15.37,2.98,28.01,940.61,3.08,207.58,January,1
2026-01-20 07:06:02.232446,Winter Sale,Email,55+,Other,Chennai,New,16458,1402,210,26,45629,60381.88,8.52,14.98,1.85,32.55,1754.96,1.32,32.33,January,1
2026-01-20 08:50:53.410682,Festival Campaign,YouTube,18-24,Male,Jaipur,Returning,64775,1880,310,56,32621,86575.94,2.9,16.49,2.98,17.35,582.52,2.65,165.4,January,1
2026-01-20 10:35:44.588917,Monsoon Offer,Email,25-34,Male,Delhi,Returning,103789,3706,759,159,13438,376654.83,3.57,20.48,4.29,3.63,84.52,28.03,2702.91,January,1
2026-01-20 12:20:35.767153,Diwali Campaign,Google Ads,45-54,Other,Bangalore,Returning,136048,12022,1021,276,36415,696376.85,8.84,8.49,2.3,3.03,131.94,19.12,1812.34,January,1
2026-01-20 14:05:26.945389,New Year Offer,Instagram,45-54,Female,Chennai,Returning,128249,11547,2787,734,22538,964917.26,9.0,24.14,6.36,1.95,30.71,42.81,4181.29,January,1
2026-01-20 15:50:18.123624,Clearance Sale,Google Ads,25-34,Male,Bangalore,New,38433,2600,230,39,36033,88250.39,6.77,8.85,1.5,13.86,923.92,2.45,144.92,January,1
2026-01-20 17:35:09.301860,Monsoon Offer,Instagram,35-44,Female,Mumbai,Returning,82715,3162,713,158,6488,250586.5,3.82,22.55,5.0,2.05,41.06,38.62,3762.31,January,1
2026-01-20 19:20:00.480096,Monsoon Offer,Instagram,18-24,Female,Kolkata,Returning,24849,749,152,22,18332,56018.74,3.01,20.29,2.94,24.48,833.27,3.06,205.58,January,1
2026-01-20 21:04:51.658331,Monsoon Offer,YouTube,25-34,Other,Hyderabad,New,79980,6934,1008,221,14109,273696.12,8.67,14.54,3.19,2.03,63.84,19.4,1839.87,January,1
2026-01-20 22:49:42.836567,Summer Sale,Google Ads,45-54,Male,Ahmedabad,Returning,78500,2235,377,105,22162,298661.91,2.85,16.87,4.7,9.92,211.07,13.48,1247.63,January,1
2026-01-21 00:34:34.014802,Festival Campaign,Email,55+,Male,Jaipur,Returning,69891,4861,1315,285,24340,552035.69,6.96,27.05,5.86,5.01,85.4,22.68,2168.02,January,1
2026-01-21 02:19:25.193038,Summer Sale,Google Ads,45-54,Other,Hyderabad,New,69866,6785,560,82,27594,113427.18,9.71,8.25,1.21,4.07,336.51,4.11,311.06,January,1
2026-01-21 04:04:16.371274,Clearance Sale,YouTube,55+,Female,Ahmedabad,New,133469,9806,1622,359,14793,555885.71,7.35,16.54,3.66,1.51,41.21,37.58,3657.76,January,1
2026-01-21 05:49:07.549509,Summer Sale,Instagram,18-24,Female,Mumbai,Returning,86008,2854,752,209,23850,286224.78,3.32,26.35,7.32,8.36,114.11,12.0,1100.1,January,1
2026-01-21 07:33:58.727745,Winter Sale,YouTube,55+,Male,Mumbai,New,13101,464,56,6,26936,5193.7,3.54,12.07,1.29,58.05,4489.33,0.19,-80.72,January,1
2026-01-21 09:18:49.905981,Festival Campaign,Facebook,25-34,Other,Kolkata,Returning,36990,679,157,29,49906,19465.7,1.84,23.12,4.27,73.5,1720.9,0.39,-61.0,January,1
2026-01-21 11:03:41.084216,Festival Campaign,Facebook,55+,Other,Chennai,New,79214,5684,713,107,6827,139575.8,7.18,12.54,1.88,1.2,63.8,20.44,1944.47,January,1
2026-01-21 12:48:32.262452,Clearance Sale,Email,35-44,Female,Hyderabad,Returning,44611,2527,307,40,32290,65869.04,5.66,12.15,1.58,12.78,807.25,2.04,103.99,January,1
2026-01-21 14:33:23.440688,Diwali Campaign,YouTube,25-34,Female,Hyderabad,Returning,106265,3037,876,146,36410,205063.18,2.86,28.84,4.81,11.99,249.38,5.63,463.21,January,1
2026-01-21 16:18:14.618923,Winter Sale,Email,18-24,Other,Jaipur,Returning,25958,791,120,20,49790,10695.98,3.05,15.17,2.53,62.95,2489.5,0.21,-78.52,January,1
2026-01-21 18:03:05.797159,New Year Offer,Email,25-34,Male,Mumbai,New,99786,1078,195,24,3816,46740.37,1.08,18.09,2.23,3.54,159.0,12.25,1124.85,January,1
2026-01-21 19:47:56.975395,Summer Sale,Facebook,35-44,Female,Ahmedabad,New,77002,7550,2092,353,37959,304300.54,9.8,27.71,4.68,5.03,107.53,8.02,701.66,January,1
2026-01-21 21:32:48.153630,Product Launch,Email,18-24,Other,Pune,Returning,59887,5061,650,142,25310,145906.87,8.45,12.84,2.81,5.0,178.24,5.76,476.48,January,1
2026-01-21 23:17:39.331866,Summer Sale,Facebook,45-54,Other,Kolkata,New,10339,470,105,8,38436,6414.97,4.55,22.34,1.7,81.78,4804.5,0.17,-83.31,January,1
2026-01-22 01:02:30.510102,Monsoon Offer,Instagram,35-44,Other,Chennai,New,120083,11425,3745,1114,47587,2006405.15,9.51,32.78,9.75,4.17,42.72,42.16,4116.29,January,1
2026-01-22 02:47:21.688337,Summer Sale,YouTube,18-24,Male,Nagpur,Returning,60528,4293,985,142,14783,104781.55,7.09,22.94,3.31,3.44,104.11,7.09,608.8,January,1
2026-01-22 04:32:12.866573,New Year Offer,Email,55+,Female,Pune,New,96639,7502,699,151,10559,172274.86,7.76,9.32,2.01,1.41,69.93,16.32,1531.55,January,1
2026-01-22 06:17:04.044808,Summer Sale,Facebook,25-34,Female,Delhi,New,92624,6594,1577,224,45890,364956.88,7.12,23.92,3.4,6.96,204.87,7.95,695.29,January,1
2026-01-22 08:01:55.223044,Winter Sale,Google Ads,18-24,Female,Bangalore,Returning,79260,6191,645,107,33200,98362.13,7.81,10.42,1.73,5.36,310.28,2.96,196.27,January,1
2026-01-22 09:46:46.401280,Winter Sale,Email,25-34,Male,Kolkata,Returning,116493,2957,461,92,10008,148635.51,2.54,15.59,3.11,3.38,108.78,14.85,1385.17,January,1
2026-01-22 11:31:37.579515,Festival Campaign,Instagram,55+,Female,Ahmedabad,New,63570,3853,1192,255,44488,345993.64,6.06,30.94,6.62,11.55,174.46,7.78,677.72,January,1
2026-01-22 13:16:28.757751,Clearance Sale,Instagram,18-24,Female,Pune,New,31643,2735,226,56,39830,148483.6,8.64,8.26,2.05,14.56,711.25,3.73,272.79,January,1
2026-01-22 15:01:19.935987,Diwali Campaign,Google Ads,45-54,Female,Ahmedabad,New,70252,826,83,21,48394,52232.42,1.18,10.05,2.54,58.59,2304.48,1.08,7.93,January,1
2026-01-22 16:46:11.114222,Product Launch,Facebook,35-44,Female,Jaipur,Returning,101580,2144,381,73,26276,217695.96,2.11,17.77,3.4,12.26,359.95,8.28,728.5,January,1
2026-01-22 18:31:02.292458,Monsoon Offer,Email,18-24,Male,Kolkata,New,108856,3495,1222,118,47543,215028.96,3.21,34.96,3.38,13.6,402.91,4.52,352.28,January,1
2026-01-22 20:15:53.470694,Summer Sale,Facebook,55+,Other,Mumbai,New,111795,4083,648,131,10502,253942.55,3.65,15.87,3.21,2.57,80.17,24.18,2318.04,January,1
2026-01-22 22:00:44.648929,Summer Sale,Instagram,18-24,Other,Chennai,New,72977,1929,236,43,22184,123264.43,2.64,12.23,2.23,11.5,515.91,5.56,455.65,January,1
2026-01-22 23:45:35.827165,New Year Offer,Facebook,25-34,Female,Ahmedabad,New,10789,714,163,20,13790,29979.61,6.62,22.83,2.8,19.31,689.5,2.17,117.4,January,1
2026-01-23 01:30:27.005401,Clearance Sale,Instagram,18-24,Female,Hyderabad,New,43941,1602,352,28,24633,52897.79,3.65,21.97,1.75,15.38,879.75,2.15,114.74,January,1
2026-01-23 03:15:18.183636,Winter Sale,Facebook,45-54,Female,Pune,New,10552,255,51,7,39961,10134.0,2.42,20.0,2.75,156.71,5708.71,0.25,-74.64,January,1
2026-01-23 05:00:09.361872,Product Launch,Google Ads,18-24,Male,Hyderabad,Returning,29806,2727,915,125,28368,233081.47,9.15,33.55,4.58,10.4,226.94,8.22,721.64,January,1
2026-01-23 06:45:00.540108,Festival Campaign,YouTube,35-44,Female,Ahmedabad,Returning,46979,3408,530,98,30045,68787.78,7.25,15.55,2.88,8.82,306.58,2.29,128.95,January,1
2026-01-23 08:29:51.718343,Winter Sale,Google Ads,18-24,Male,Pune,Returning,149895,4818,767,189,48135,464842.71,3.21,15.92,3.92,9.99,254.68,9.66,865.71,January,1
2026-01-23 10:14:42.896579,Monsoon Offer,Google Ads,25-34,Female,Mumbai,New,41980,1783,210,37,7383,109638.4,4.25,11.78,2.08,4.14,199.54,14.85,1385.01,January,1
2026-01-23 11:59:34.074814,Clearance Sale,YouTube,18-24,Female,Bangalore,New,10860,832,223,64,46854,42518.46,7.66,26.8,7.69,56.31,732.09,0.91,-9.25,January,1
2026-01-23 13:44:25.253050,Monsoon Offer,YouTube,45-54,Other,Bangalore,Returning,10290,835,139,17,29345,42544.19,8.11,16.65,2.04,35.14,1726.18,1.45,44.98,January,1
2026-01-23 15:29:16.431286,Diwali Campaign,Email,55+,Female,Jaipur,Returning,52417,1356,402,51,38918,56321.19,2.59,29.65,3.76,28.7,763.1,1.45,44.72,January,1
2026-01-23 17:14:07.609521,Festival Campaign,Email,18-24,Male,Delhi,Returning,89880,8474,2901,617,23742,613216.33,9.43,34.23,7.28,2.8,38.48,25.83,2482.83,January,1
2026-01-23 18:58:58.787757,Diwali Campaign,Google Ads,18-24,Other,Bangalore,Returning,146942,11854,1088,301,26250,672261.22,8.07,9.18,2.54,2.21,87.21,25.61,2461.0,January,1
2026-01-23 20:43:49.965993,New Year Offer,Google Ads,35-44,Male,Delhi,Returning,43397,3780,1315,299,5577,182488.86,8.71,34.79,7.91,1.48,18.65,32.72,3172.17,January,1
2026-01-23 22:28:41.144228,Monsoon Offer,Instagram,45-54,Other,Pune,New,115311,2646,393,89,7880,147570.75,2.29,14.85,3.36,2.98,88.54,18.73,1772.73,January,1
2026-01-24 00:13:32.322464,New Year Offer,Instagram,55+,Male,Bangalore,New,26186,599,115,29,7305,14604.72,2.29,19.2,4.84,12.2,251.9,2.0,99.93,January,1
2026-01-24 01:58:23.500700,Summer Sale,Email,25-34,Other,Ahmedabad,New,125162,4691,1360,308,29740,580883.4,3.75,28.99,6.57,6.34,96.56,19.53,1853.21,January,1
2026-01-24 03:43:14.678935,Diwali Campaign,Email,18-24,Male,Mumbai,New,79616,1259,326,80,17951,132416.33,1.58,25.89,6.35,14.26,224.39,7.38,637.65,January,1
2026-01-24 05:28:05.857171,Clearance Sale,Instagram,55+,Male,Ahmedabad,New,88508,1610,467,126,22532,351377.02,1.82,29.01,7.83,14.0,178.83,15.59,1459.46,January,1
2026-01-24 07:12:57.035407,Monsoon Offer,Instagram,25-34,Female,Ahmedabad,Returning,77296,1769,364,29,15602,66719.71,2.29,20.58,1.64,8.82,538.0,4.28,327.64,January,1
2026-01-24 08:57:48.213642,Product Launch,Facebook,45-54,Other,Delhi,Returning,33304,2468,807,221,25538,180118.41,7.41,32.7,8.95,10.35,115.56,7.05,605.3,January,1
2026-01-24 10:42:39.391878,Festival Campaign,Facebook,45-54,Other,Nagpur,New,106161,1350,395,50,43828,69317.49,1.27,29.26,3.7,32.47,876.56,1.58,58.16,January,1
2026-01-24 12:27:30.570114,Winter Sale,Instagram,55+,Female,Nagpur,Returning,24705,432,70,19,8126,53750.04,1.75,16.2,4.4,18.81,427.68,6.61,561.46,January,1
2026-01-24 14:12:21.748349,Clearance Sale,Facebook,25-34,Male,Chennai,New,62996,5983,2010,278,21330,643107.23,9.5,33.6,4.65,3.57,76.73,30.15,2915.04,January,1
2026-01-24 15:57:12.926585,Clearance Sale,YouTube,45-54,Male,Bangalore,New,20607,361,122,21,16242,41699.44,1.75,33.8,5.82,44.99,773.43,2.57,156.74,January,1
2026-01-24 17:42:04.104820,New Year Offer,Email,55+,Other,Mumbai,Returning,40006,2335,448,127,37340,241005.23,5.84,19.19,5.44,15.99,294.02,6.45,545.43,January,1
2026-01-24 19:26:55.283056,Diwali Campaign,Email,45-54,Male,Mumbai,New,88554,6006,1537,160,31932,239239.39,6.78,25.59,2.66,5.32,199.58,7.49,649.22,January,1
2026-01-24 21:11:46.461292,Monsoon Offer,Instagram,45-54,Other,Hyderabad,New,126196,12149,3644,888,16823,1743147.25,9.63,29.99,7.31,1.38,18.94,103.62,10261.69,January,1
2026-01-24 22:56:37.639527,Monsoon Offer,Google Ads,45-54,Other,Ahmedabad,New,50963,4636,1393,231,19583,561136.2,9.1,30.05,4.98,4.22,84.77,28.65,2765.43,January,1
2026-01-25 00:41:28.817763,Summer Sale,Instagram,35-44,Male,Mumbai,Returning,13447,667,55,4,7068,3275.38,4.96,8.25,0.6,10.6,1767.0,0.46,-53.66,January,1
2026-01-25 02:26:19.995999,Summer Sale,Facebook,25-34,Male,Pune,Returning,37156,3522,879,251,11281,734068.73,9.48,24.96,7.13,3.2,44.94,65.07,6407.12,January,1
2026-01-25 04:11:11.174234,Festival Campaign,Google Ads,55+,Male,Kolkata,New,52120,2548,873,92,9198,101053.92,4.89,34.26,3.61,3.61,99.98,10.99,998.65,January,1
2026-01-25 05:56:02.352470,New Year Offer,Facebook,55+,Female,Ahmedabad,New,92753,6519,928,232,25415,375690.76,7.03,14.24,3.56,3.9,109.55,14.78,1378.22,January,1
2026-01-25 07:40:53.530706,Clearance Sale,YouTube,25-34,Other,Delhi,Returning,20190,673,198,32,44051,17817.25,3.33,29.42,4.75,65.45,1376.59,0.4,-59.55,January,1
2026-01-25 09:25:44.708941,Monsoon Offer,Facebook,25-34,Male,Ahmedabad,Returning,73394,4939,1107,285,47617,534621.47,6.73,22.41,5.77,9.64,167.08,11.23,1022.75,January,1
2026-01-25 11:10:35.887177,Product Launch,YouTube,25-34,Female,Mumbai,Returning,15335,896,125,30,29679,43640.01,5.84,13.95,3.35,33.12,989.3,1.47,47.04,January,1
2026-01-25 12:55:27.065413,New Year Offer,YouTube,25-34,Male,Jaipur,Returning,30557,1974,185,40,15348,44975.59,6.46,9.37,2.03,7.78,383.7,2.93,193.04,January,1
2026-01-25 14:40:18.243648,Festival Campaign,Facebook,18-24,Other,Pune,New,111092,7936,2263,648,46124,1920549.29,7.14,28.52,8.17,5.81,71.18,41.64,4063.88,January,1
2026-01-25 16:25:09.421884,Festival Campaign,Facebook,55+,Female,Pune,New,107074,2742,453,46,19973,72236.23,2.56,16.52,1.68,7.28,434.2,3.62,261.67,January,1
2026-01-25 18:10:00.600120,New Year Offer,YouTube,18-24,Other,Bangalore,New,30575,1134,205,52,23022,79858.53,3.71,18.08,4.59,20.3,442.73,3.47,246.88,January,1
2026-01-25 19:54:51.778355,Festival Campaign,Google Ads,45-54,Male,Nagpur,Returning,82848,6318,1333,303,27459,502300.72,7.63,21.1,4.8,4.35,90.62,18.29,1729.28,January,1
2026-01-25 21:39:42.956591,New Year Offer,YouTube,45-54,Male,Delhi,Returning,123216,3048,661,98,49153,77457.68,2.47,21.69,3.22,16.13,501.56,1.58,57.58,January,1
2026-01-25 23:24:34.134826,Winter Sale,Email,55+,Male,Bangalore,New,14616,598,81,16,48076,23723.84,4.09,13.55,2.68,80.39,3004.75,0.49,-50.65,January,1
2026-01-26 01:09:25.313062,New Year Offer,YouTube,45-54,Female,Chennai,Returning,43124,3017,787,174,13080,233335.85,7.0,26.09,5.77,4.34,75.17,17.84,1683.91,January,1
2026-01-26 02:54:16.491298,Diwali Campaign,Google Ads,25-34,Female,Kolkata,New,143662,13560,3620,875,39813,1454959.75,9.44,26.7,6.45,2.94,45.5,36.54,3554.48,January,1
2026-01-26 04:39:07.669533,New Year Offer,Email,18-24,Female,Hyderabad,Returning,19534,327,38,4,23168,10566.21,1.67,11.62,1.22,70.85,5792.0,0.46,-54.39,January,1
2026-01-26 06:23:58.847769,Festival Campaign,Instagram,25-34,Female,Pune,New,17921,1012,226,23,20561,22585.16,5.65,22.33,2.27,20.32,893.96,1.1,9.84,January,1
2026-01-26 08:08:50.026005,Monsoon Offer,Instagram,45-54,Male,Delhi,New,142763,2480,606,62,37045,125199.6,1.74,24.44,2.5,14.94,597.5,3.38,237.97,January,1
2026-01-26 09:53:41.204240,Diwali Campaign,Google Ads,18-24,Male,Nagpur,New,52042,2296,299,43,34892,25545.99,4.41,13.02,1.87,15.2,811.44,0.73,-26.79,January,1
2026-01-26 11:38:32.382476,Festival Campaign,YouTube,25-34,Male,Delhi,New,61209,1578,507,57,5965,73642.93,2.58,32.13,3.61,3.78,104.65,12.35,1134.58,January,1
2026-01-26 13:23:23.560712,Summer Sale,Facebook,55+,Female,Hyderabad,Returning,63603,4353,915,181,35438,304377.57,6.84,21.02,4.16,8.14,195.79,8.59,758.9,January,1
2026-01-26 15:08:14.738947,Summer Sale,Google Ads,25-34,Female,Hyderabad,New,54377,4252,472,83,11493,56912.92,7.82,11.1,1.95,2.7,138.47,4.95,395.2,January,1
2026-01-26 16:53:05.917183,Monsoon Offer,Email,45-54,Male,Bangalore,New,49705,1603,272,75,5344,139493.99,3.23,16.97,4.68,3.33,71.25,26.1,2510.29,January,1
2026-01-26 18:37:57.095419,Monsoon Offer,Email,18-24,Male,Ahmedabad,New,106492,7897,1648,391,43426,498843.29,7.42,20.87,4.95,5.5,111.06,11.49,1048.72,January,1
2026-01-26 20:22:48.273654,Diwali Campaign,Instagram,55+,Female,Chennai,New,25783,1294,107,13,48828,38766.33,5.02,8.27,1.0,37.73,3756.0,0.79,-20.61,January,1
2026-01-26 22:07:39.451890,Winter Sale,Email,18-24,Other,Chennai,Returning,18515,657,58,5,40931,10387.12,3.55,8.83,0.76,62.3,8186.2,0.25,-74.62,January,1
2026-01-26 23:52:30.630126,Monsoon Offer,Google Ads,55+,Male,Mumbai,New,143142,8174,776,183,22599,203210.15,5.71,9.49,2.24,2.76,123.49,8.99,799.2,January,1
2026-01-27 01:37:21.808361,Summer Sale,Email,18-24,Male,Chennai,New,92850,4101,923,245,30891,185387.36,4.42,22.51,5.97,7.53,126.09,6.0,500.13,January,1
2026-01-27 03:22:12.986597,New Year Offer,Google Ads,45-54,Male,Delhi,Returning,106776,3277,559,130,43955,78233.93,3.07,17.06,3.97,13.41,338.12,1.78,77.99,January,1
2026-01-27 05:07:04.164832,Festival Campaign,Facebook,55+,Female,Chennai,New,74206,5796,1861,412,48474,299496.46,7.81,32.11,7.11,8.36,117.66,6.18,517.85,January,1
2026-01-27 06:51:55.343068,Summer Sale,Instagram,35-44,Male,Nagpur,New,93364,7635,1763,237,19445,521435.27,8.18,23.09,3.1,2.55,82.05,26.82,2581.59,January,1
2026-01-27 08:36:46.521304,Summer Sale,Email,18-24,Male,Chennai,New,120532,9887,2819,532,36625,1403139.73,8.2,28.51,5.38,3.7,68.84,38.31,3731.1,January,1
2026-01-27 10:21:37.699539,Winter Sale,Google Ads,18-24,Male,Pune,New,128090,5686,1509,361,28113,321951.64,4.44,26.54,6.35,4.94,77.88,11.45,1045.21,January,1
2026-01-27 12:06:28.877775,Diwali Campaign,YouTube,25-34,Male,Mumbai,Returning,30936,781,172,21,20724,31612.06,2.52,22.02,2.69,26.54,986.86,1.53,52.54,January,1
2026-01-27 13:51:20.056011,Diwali Campaign,Instagram,55+,Male,Delhi,Returning,101618,8702,2445,451,33532,624900.35,8.56,28.1,5.18,3.85,74.35,18.64,1763.59,January,1
2026-01-27 15:36:11.234246,Clearance Sale,Facebook,35-44,Other,Hyderabad,Returning,144170,5713,1297,137,48751,289247.45,3.96,22.7,2.4,8.53,355.85,5.93,493.32,January,1
2026-01-27 17:21:02.412482,Winter Sale,Google Ads,45-54,Other,Bangalore,Returning,37020,2862,526,103,28393,98539.55,7.73,18.38,3.6,9.92,275.66,3.47,247.06,January,1
2026-01-27 19:05:53.590718,New Year Offer,Facebook,25-34,Male,Kolkata,Returning,132043,11034,2181,449,30683,1294600.93,8.36,19.77,4.07,2.78,68.34,42.19,4119.28,January,1
2026-01-27 20:50:44.768953,Diwali Campaign,Facebook,35-44,Male,Bangalore,Returning,20985,1660,508,100,24399,232139.1,7.91,30.6,6.02,14.7,243.99,9.51,851.43,January,1
2026-01-27 22:35:35.947189,Festival Campaign,Email,55+,Male,Ahmedabad,New,149355,6733,1562,286,20358,825876.39,4.51,23.2,4.25,3.02,71.18,40.57,3956.77,January,1
2026-01-28 00:20:27.125425,Monsoon Offer,Email,35-44,Male,Kolkata,New,139100,13134,2388,499,40405,595518.13,9.44,18.18,3.8,3.08,80.97,14.74,1373.87,January,1
2026-01-28 02:05:18.303660,Winter Sale,Google Ads,18-24,Female,Nagpur,New,129635,8998,1156,345,23036,679404.74,6.94,12.85,3.83,2.56,66.77,29.49,2849.32,January,1
2026-01-28 03:50:09.481896,Monsoon Offer,YouTube,18-24,Female,Jaipur,New,56323,3481,744,161,21095,375237.84,6.18,21.37,4.63,6.06,131.02,17.79,1678.8,January,1
2026-01-28 05:35:00.660132,Summer Sale,Google Ads,25-34,Female,Mumbai,Returning,47708,3473,514,126,29656,286951.21,7.28,14.8,3.63,8.54,235.37,9.68,867.6,January,1
2026-01-28 07:19:51.838367,Festival Campaign,YouTube,55+,Other,Hyderabad,New,80298,1126,380,46,36348,25454.8,1.4,33.75,4.09,32.28,790.17,0.7,-29.97,January,1
2026-01-28 09:04:43.016603,Festival Campaign,Facebook,55+,Male,Bangalore,New,110057,4968,1056,207,29617,620114.64,4.51,21.26,4.17,5.96,143.08,20.94,1993.78,January,1
2026-01-28 10:49:34.194838,Summer Sale,Instagram,35-44,Female,Chennai,Returning,15054,1344,110,8,44311,22561.2,8.93,8.18,0.6,32.97,5538.88,0.51,-49.08,January,1
2026-01-28 12:34:25.373074,Winter Sale,Google Ads,25-34,Male,Mumbai,New,129580,3174,333,28,38070,22382.65,2.45,10.49,0.88,11.99,1359.64,0.59,-41.21,January,1
2026-01-28 14:19:16.551310,Summer Sale,Google Ads,55+,Male,Chennai,New,81317,3845,602,90,36841,167302.52,4.73,15.66,2.34,9.58,409.34,4.54,354.12,January,1
2026-01-28 16:04:07.729545,Monsoon Offer,YouTube,18-24,Other,Mumbai,Returning,73304,3406,357,65,45991,83615.42,4.65,10.48,1.91,13.5,707.55,1.82,81.81,January,1
2026-01-28 17:48:58.907781,Clearance Sale,Facebook,35-44,Other,Mumbai,New,26471,1112,357,73,34766,196898.16,4.2,32.1,6.56,31.26,476.25,5.66,466.35,January,1
2026-01-28 19:33:50.086017,Festival Campaign,Facebook,45-54,Female,Ahmedabad,New,111266,6744,2095,576,10561,1292428.27,6.06,31.06,8.54,1.57,18.34,122.38,12137.75,January,1
2026-01-28 21:18:41.264252,Product Launch,YouTube,18-24,Female,Pune,Returning,135022,13455,4603,1149,33371,1216553.03,9.97,34.21,8.54,2.48,29.04,36.46,3545.54,January,1
2026-01-28 23:03:32.442488,Product Launch,Facebook,25-34,Other,Nagpur,New,36527,1206,326,47,48328,27478.68,3.3,27.03,3.9,40.07,1028.26,0.57,-43.14,January,1
2026-01-29 00:48:23.620724,Monsoon Offer,Email,55+,Other,Chennai,New,53250,3911,994,242,34412,297503.79,7.34,25.42,6.19,8.8,142.2,8.65,764.54,January,1
2026-01-29 02:33:14.798959,New Year Offer,Instagram,18-24,Male,Chennai,New,129917,10162,3346,672,21266,400070.62,7.82,32.93,6.61,2.09,31.65,18.81,1781.27,January,1
2026-01-29 04:18:05.977195,Diwali Campaign,Google Ads,45-54,Male,Chennai,New,22029,1379,462,116,7345,98980.11,6.26,33.5,8.41,5.33,63.32,13.48,1247.58,January,1
2026-01-29 06:02:57.155431,Summer Sale,Instagram,45-54,Female,Ahmedabad,New,51583,968,306,52,20644,108697.95,1.88,31.61,5.37,21.33,397.0,5.27,426.54,January,1
2026-01-29 07:47:48.333666,Summer Sale,Google Ads,25-34,Female,Bangalore,Returning,112061,6893,2154,215,10047,507983.22,6.15,31.25,3.12,1.46,46.73,50.56,4956.07,January,1
2026-01-29 09:32:39.511902,New Year Offer,Email,18-24,Other,Delhi,New,113100,10836,2832,611,3231,1020395.81,9.58,26.14,5.64,0.3,5.29,315.81,31481.42,January,1
2026-01-29 11:17:30.690138,New Year Offer,Facebook,35-44,Female,Chennai,New,78147,3187,256,51,12148,102036.7,4.08,8.03,1.6,3.81,238.2,8.4,739.95,January,1
2026-01-29 13:02:21.868373,Monsoon Offer,YouTube,18-24,Male,Bangalore,New,149425,10096,1978,573,40497,509805.31,6.76,19.59,5.68,4.01,70.68,12.59,1158.87,January,1
2026-01-29 14:47:13.046609,Monsoon Offer,Email,45-54,Other,Pune,Returning,53042,5110,1285,148,45054,191214.21,9.63,25.15,2.9,8.82,304.42,4.24,324.41,January,1
2026-01-29 16:32:04.224844,New Year Offer,Instagram,25-34,Male,Chennai,Returning,103125,8437,1921,430,47889,981350.14,8.18,22.77,5.1,5.68,111.37,20.49,1949.22,January,1
2026-01-29 18:16:55.403080,Festival Campaign,YouTube,25-34,Other,Nagpur,Returning,86604,6230,1879,346,22920,488630.82,7.19,30.16,5.55,3.68,66.24,21.32,2031.9,January,1
2026-01-29 20:01:46.581316,Monsoon Offer,Facebook,35-44,Other,Hyderabad,New,65918,6420,1933,315,7314,432188.84,9.74,30.11,4.91,1.14,23.22,59.09,5809.06,January,1
2026-01-29 21:46:37.759551,Clearance Sale,Email,25-34,Male,Jaipur,New,132225,3352,809,206,28272,202906.21,2.54,24.13,6.15,8.43,137.24,7.18,617.69,January,1
2026-01-29 23:31:28.937787,Monsoon Offer,YouTube,25-34,Female,Chennai,New,78882,6274,539,139,19690,276201.64,7.95,8.59,2.22,3.14,141.65,14.03,1302.75,January,1
2026-01-30 01:16:20.116023,Summer Sale,Email,25-34,Female,Delhi,New,46822,2182,392,92,45983,232193.88,4.66,17.97,4.22,21.07,499.82,5.05,404.96,January,1
2026-01-30 03:01:11.294258,Monsoon Offer,Email,25-34,Female,Hyderabad,New,58760,2493,353,34,6474,56902.83,4.24,14.16,1.36,2.6,190.41,8.79,778.94,January,1
2026-01-30 04:46:02.472494,Festival Campaign,Facebook,25-34,Female,Nagpur,Returning,14200,807,138,21,25232,16565.81,5.68,17.1,2.6,31.27,1201.52,0.66,-34.35,January,1
2026-01-30 06:30:53.650730,New Year Offer,Google Ads,45-54,Male,Ahmedabad,New,57259,746,184,16,27039,41534.7,1.3,24.66,2.14,36.25,1689.94,1.54,53.61,January,1
2026-01-30 08:15:44.828965,Summer Sale,YouTube,18-24,Other,Jaipur,New,18527,706,69,10,17104,6784.93,3.81,9.77,1.42,24.23,1710.4,0.4,-60.33,January,1
2026-01-30 10:00:36.007201,Monsoon Offer,Facebook,55+,Male,Ahmedabad,Returning,20535,512,44,9,20786,15113.87,2.49,8.59,1.76,40.6,2309.56,0.73,-27.29,January,1
2026-01-30 11:45:27.185437,Festival Campaign,Email,25-34,Female,Delhi,Returning,121477,2731,540,104,23760,119880.11,2.25,19.77,3.81,8.7,228.46,5.05,404.55,January,1
2026-01-30 13:30:18.363672,Clearance Sale,Facebook,55+,Female,Jaipur,Returning,22438,905,266,62,49716,176129.31,4.03,29.39,6.85,54.93,801.87,3.54,254.27,January,1
2026-01-30 15:15:09.541908,Monsoon Offer,Google Ads,55+,Male,Delhi,Returning,74344,6111,539,108,47358,253136.66,8.22,8.82,1.77,7.75,438.5,5.35,434.52,January,1
2026-01-30 17:00:00.720144,Festival Campaign,YouTube,45-54,Other,Ahmedabad,Returning,130127,3656,1130,228,25193,436853.12,2.81,30.91,6.24,6.89,110.5,17.34,1634.03,January,1
2026-01-30 18:44:51.898379,Clearance Sale,Google Ads,25-34,Male,Nagpur,New,80388,4648,853,164,25414,355779.73,5.78,18.35,3.53,5.47,154.96,14.0,1299.94,January,1
2026-01-30 20:29:43.076615,New Year Offer,Instagram,55+,Male,Jaipur,New,82249,6364,712,114,19791,208827.27,7.74,11.19,1.79,3.11,173.61,10.55,955.16,January,1
2026-01-30 22:14:34.254850,Monsoon Offer,YouTube,25-34,Male,Kolkata,New,71083,2252,525,93,8680,80817.22,3.17,23.31,4.13,3.85,93.33,9.31,831.07,January,1
2026-01-30 23:59:25.433086,Clearance Sale,Google Ads,35-44,Other,Bangalore,New,41354,3853,1298,135,17854,306820.8,9.32,33.69,3.5,4.63,132.25,17.18,1618.5,January,1
2026-01-31 01:44:16.611322,Summer Sale,Email,35-44,Male,Nagpur,New,134365,11822,2677,705,15893,1220837.84,8.8,22.64,5.96,1.34,22.54,76.82,7581.61,January,1
2026-01-31 03:29:07.789557,New Year Offer,YouTube,35-44,Male,Jaipur,Returning,81135,2645,701,193,41271,402554.22,3.26,26.5,7.3,15.6,213.84,9.75,875.39,January,1
2026-01-31 05:13:58.967793,Summer Sale,YouTube,55+,Female,Delhi,New,21289,2109,633,157,9224,96241.65,9.91,30.01,7.44,4.37,58.75,10.43,943.38,January,1
2026-01-31 06:58:50.146029,Product Launch,Facebook,35-44,Male,Delhi,New,119344,8380,2478,516,43373,441224.88,7.02,29.57,6.16,5.18,84.06,10.17,917.28,January,1
2026-01-31 08:43:41.324264,Winter Sale,Email,45-54,Female,Pune,Returning,121568,4345,433,88,30685,173661.5,3.57,9.97,2.03,7.06,348.69,5.66,465.95,January,1
2026-01-31 10:28:32.502500,Monsoon Offer,Instagram,45-54,Female,Nagpur,Returning,59178,4218,1181,216,31509,356091.61,7.13,28.0,5.12,7.47,145.88,11.3,1030.13,January,1
2026-01-31 12:13:23.680736,Clearance Sale,Google Ads,55+,Female,Delhi,New,76500,5352,1800,235,21476,250788.28,7.0,33.63,4.39,4.01,91.39,11.68,1067.76,January,1
2026-01-31 13:58:14.858971,Winter Sale,Facebook,25-34,Other,Mumbai,New,127784,8249,2220,365,14062,402194.34,6.46,26.91,4.42,1.7,38.53,28.6,2760.15,January,1
2026-01-31 15:43:06.037207,Winter Sale,Google Ads,18-24,Female,Bangalore,Returning,59223,4385,1341,399,44938,829579.17,7.4,30.58,9.1,10.25,112.63,18.46,1746.05,January,1
2026-01-31 17:27:57.215443,Clearance Sale,Instagram,25-34,Male,Ahmedabad,New,78483,2680,565,63,48875,40787.31,3.41,21.08,2.35,18.24,775.79,0.83,-16.55,January,1
2026-01-31 19:12:48.393678,New Year Offer,Instagram,25-34,Male,Hyderabad,Returning,129178,12673,2105,419,4484,664385.62,9.81,16.61,3.31,0.35,10.7,148.17,14716.81,January,1
2026-01-31 20:57:39.571914,Monsoon Offer,YouTube,25-34,Female,Pune,New,143483,12513,3285,889,29990,1607097.54,8.72,26.25,7.1,2.4,33.73,53.59,5258.78,January,1
2026-01-31 22:42:30.750150,Product Launch,Instagram,25-34,Female,Delhi,Returning,25674,1979,421,75,22760,95276.74,7.71,21.27,3.79,11.5,303.47,4.19,318.61,January,1
2026-02-01 00:27:21.928385,Summer Sale,Google Ads,18-24,Male,Mumbai,Returning,149380,1847,594,126,9326,321473.2,1.24,32.16,6.82,5.05,74.02,34.47,3347.06,February,2
2026-02-01 02:12:13.106621,Festival Campaign,Email,35-44,Female,Pune,Returning,118707,7494,2571,673,36234,432014.82,6.31,34.31,8.98,4.84,53.84,11.92,1092.29,February,2
2026-02-01 03:57:04.284856,Summer Sale,Email,25-34,Other,Mumbai,New,78460,5773,1739,348,7933,927231.02,7.36,30.12,6.03,1.37,22.8,116.88,11588.28,February,2
2026-02-01 05:41:55.463092,Festival Campaign,YouTube,45-54,Female,Pune,Returning,10576,918,319,76,17539,175419.97,8.68,34.75,8.28,19.11,230.78,10.0,900.17,February,2
2026-02-01 07:26:46.641328,Summer Sale,Google Ads,55+,Other,Delhi,Returning,108264,10301,1792,280,36742,452378.07,9.51,17.4,2.72,3.57,131.22,12.31,1131.23,February,2
2026-02-01 09:11:37.819563,Clearance Sale,Google Ads,55+,Other,Mumbai,New,60907,5629,1811,436,48678,1225669.46,9.24,32.17,7.75,8.65,111.65,25.18,2417.91,February,2
2026-02-01 10:56:28.997799,Product Launch,Instagram,45-54,Other,Jaipur,New,94325,4390,742,66,8187,148869.32,4.65,16.9,1.5,1.86,124.05,18.18,1718.36,February,2
2026-02-01 12:41:20.176035,Monsoon Offer,Google Ads,25-34,Female,Nagpur,New,49651,4502,503,57,42780,161173.96,9.07,11.17,1.27,9.5,750.53,3.77,276.75,February,2
2026-02-01 14:26:11.354270,Festival Campaign,Facebook,18-24,Other,Hyderabad,Returning,103435,1041,257,56,49789,94162.57,1.01,24.69,5.38,47.83,889.09,1.89,89.12,February,2
2026-02-01 16:11:02.532506,Monsoon Offer,Instagram,35-44,Other,Ahmedabad,Returning,48907,2036,412,73,5651,119167.59,4.16,20.24,3.59,2.78,77.41,21.09,2008.79,February,2
2026-02-01 17:55:53.710742,Monsoon Offer,Facebook,55+,Female,Hyderabad,Returning,73917,1496,491,128,21183,233837.64,2.02,32.82,8.56,14.16,165.49,11.04,1003.89,February,2
2026-02-01 19:40:44.888977,Monsoon Offer,YouTube,35-44,Other,Ahmedabad,New,64936,5810,1236,191,17963,126741.25,8.95,21.27,3.29,3.09,94.05,7.06,605.57,February,2
2026-02-01 21:25:36.067213,Diwali Campaign,Email,18-24,Female,Kolkata,New,36178,3383,1117,277,20399,767632.27,9.35,33.02,8.19,6.03,73.64,37.63,3663.09,February,2
2026-02-01 23:10:27.245449,New Year Offer,YouTube,55+,Male,Bangalore,Returning,140614,4645,470,51,9238,110633.92,3.3,10.12,1.1,1.99,181.14,11.98,1097.6,February,2
2026-02-02 00:55:18.423684,Summer Sale,Email,35-44,Other,Kolkata,New,109423,4711,1433,407,29324,831893.43,4.31,30.42,8.64,6.22,72.05,28.37,2736.9,February,2
2026-02-02 02:40:09.601920,Monsoon Offer,YouTube,18-24,Female,Chennai,New,18000,1773,505,86,45416,242189.66,9.85,28.48,4.85,25.62,528.09,5.33,433.27,February,2
2026-02-02 04:25:00.780156,Summer Sale,Google Ads,35-44,Male,Delhi,Returning,149137,9089,2493,326,44328,972814.3,6.09,27.43,3.59,4.88,135.98,21.95,2094.58,February,2
2026-02-02 06:09:51.958391,Monsoon Offer,Facebook,25-34,Other,Jaipur,Returning,118407,6481,1139,288,35667,261643.24,5.47,17.57,4.44,5.5,123.84,7.34,633.57,February,2
2026-02-02 07:54:43.136627,Festival Campaign,Email,18-24,Other,Nagpur,New,142157,7824,2281,658,9047,1561100.04,5.5,29.15,8.41,1.16,13.75,172.55,17155.44,February,2
2026-02-02 09:39:34.314862,New Year Offer,Instagram,35-44,Female,Jaipur,Returning,59325,4310,907,255,9589,497215.05,7.27,21.04,5.92,2.22,37.6,51.85,5085.26,February,2
2026-02-02 11:24:25.493098,New Year Offer,Facebook,25-34,Male,Hyderabad,New,121868,11688,3192,422,17965,697352.03,9.59,27.31,3.61,1.54,42.57,38.82,3781.73,February,2
2026-02-02 13:09:16.671334,Clearance Sale,Instagram,25-34,Female,Ahmedabad,New,136190,5855,1341,305,15805,897929.61,4.3,22.9,5.21,2.7,51.82,56.81,5581.3,February,2
2026-02-02 14:54:07.849569,Diwali Campaign,Facebook,18-24,Other,Kolkata,Returning,73902,1887,231,46,4344,120780.25,2.55,12.24,2.44,2.3,94.43,27.8,2680.39,February,2
2026-02-02 16:38:59.027805,Clearance Sale,Facebook,45-54,Other,Jaipur,Returning,14834,395,38,9,23501,20176.87,2.66,9.62,2.28,59.5,2611.22,0.86,-14.14,February,2
2026-02-02 18:23:50.206041,Clearance Sale,YouTube,55+,Other,Kolkata,New,95733,1132,202,37,30331,53897.55,1.18,17.84,3.27,26.79,819.76,1.78,77.7,February,2
2026-02-02 20:08:41.384276,Clearance Sale,Email,18-24,Other,Bangalore,New,22008,1320,438,80,12324,173208.16,6.0,33.18,6.06,9.34,154.05,14.05,1305.45,February,2
2026-02-02 21:53:32.562512,Clearance Sale,Email,25-34,Male,Bangalore,Returning,88498,8285,1847,506,10539,925593.07,9.36,22.29,6.11,1.27,20.83,87.83,8682.55,February,2
2026-02-02 23:38:23.740748,Clearance Sale,Facebook,25-34,Male,Ahmedabad,New,57229,4245,1259,342,43632,384210.02,7.42,29.66,8.06,10.28,127.58,8.81,780.57,February,2
2026-02-03 01:23:14.918983,Product Launch,Google Ads,18-24,Female,Chennai,New,122892,12211,2875,728,33262,1183694.01,9.94,23.54,5.96,2.72,45.69,35.59,3458.7,February,2
2026-02-03 03:08:06.097219,New Year Offer,Google Ads,45-54,Female,Jaipur,New,149084,13694,4637,1090,24732,1123277.61,9.19,33.86,7.96,1.81,22.69,45.42,4441.8,February,2
2026-02-03 04:52:57.275455,Clearance Sale,Instagram,55+,Female,Nagpur,New,61125,3317,596,136,16225,238142.9,5.43,17.97,4.1,4.89,119.3,14.68,1367.75,February,2
2026-02-03 06:37:48.453690,Monsoon Offer,Instagram,35-44,Other,Kolkata,New,95702,5147,491,45,42859,103526.78,5.38,9.54,0.87,8.33,952.42,2.42,141.55,February,2
2026-02-03 08:22:39.631926,New Year Offer,YouTube,18-24,Female,Kolkata,Returning,94164,6266,1822,446,47988,263860.54,6.65,29.08,7.12,7.66,107.6,5.5,449.85,February,2
2026-02-03 10:07:30.810162,New Year Offer,Facebook,55+,Male,Bangalore,New,23767,474,128,28,29496,67576.58,1.99,27.0,5.91,62.23,1053.43,2.29,129.1,February,2
2026-02-03 11:52:21.988397,Winter Sale,Instagram,55+,Female,Delhi,New,55052,3561,792,116,21856,63798.26,6.47,22.24,3.26,6.14,188.41,2.92,191.9,February,2
2026-02-03 13:37:13.166633,Product Launch,Instagram,25-34,Female,Ahmedabad,Returning,109427,5664,952,247,3958,442918.98,5.18,16.81,4.36,0.7,16.02,111.9,11090.47,February,2
2026-02-03 15:22:04.344868,Clearance Sale,Facebook,35-44,Male,Kolkata,Returning,140591,9538,1247,328,30863,634250.9,6.78,13.07,3.44,3.24,94.09,20.55,1955.05,February,2
2026-02-03 17:06:55.523104,Summer Sale,YouTube,18-24,Male,Bangalore,Returning,110547,6728,1414,403,20872,968452.79,6.09,21.02,5.99,3.1,51.79,46.4,4539.96,February,2
2026-02-03 18:51:46.701340,Festival Campaign,Instagram,25-34,Other,Bangalore,New,78125,2963,770,132,24151,317139.51,3.79,25.99,4.45,8.15,182.96,13.13,1213.15,February,2
2026-02-03 20:36:37.879575,Diwali Campaign,YouTube,25-34,Male,Mumbai,New,60281,3900,921,185,21317,285573.14,6.47,23.62,4.74,5.47,115.23,13.4,1239.65,February,2
2026-02-03 22:21:29.057811,Monsoon Offer,Email,45-54,Male,Kolkata,Returning,85285,3662,725,202,16584,134518.12,4.29,19.8,5.52,4.53,82.1,8.11,711.13,February,2
2026-02-04 00:06:20.236047,Summer Sale,YouTube,55+,Female,Mumbai,Returning,33423,919,207,30,41495,67012.51,2.75,22.52,3.26,45.15,1383.17,1.61,61.5,February,2
2026-02-04 01:51:11.414282,Product Launch,Google Ads,18-24,Male,Nagpur,Returning,94693,6700,731,186,29592,330608.49,7.08,10.91,2.78,4.42,159.1,11.17,1017.22,February,2
2026-02-04 03:36:02.592518,Festival Campaign,Google Ads,18-24,Other,Nagpur,Returning,98860,3714,994,296,40917,394463.26,3.76,26.76,7.97,11.02,138.23,9.64,864.06,February,2
2026-02-04 05:20:53.770754,Product Launch,YouTube,18-24,Female,Bangalore,Returning,11706,1053,292,65,25136,70666.99,9.0,27.73,6.17,23.87,386.71,2.81,181.14,February,2
2026-02-04 07:05:44.948989,Monsoon Offer,Google Ads,25-34,Other,Delhi,New,61753,1725,143,42,40742,33574.61,2.79,8.29,2.43,23.62,970.05,0.82,-17.59,February,2
2026-02-04 08:50:36.127225,New Year Offer,Email,45-54,Male,Delhi,Returning,103755,6641,1016,196,26474,242619.82,6.4,15.3,2.95,3.99,135.07,9.16,816.45,February,2
2026-02-04 10:35:27.305461,Festival Campaign,Facebook,35-44,Other,Mumbai,New,51334,3153,330,37,23321,60910.29,6.14,10.47,1.17,7.4,630.3,2.61,161.18,February,2
2026-02-04 12:20:18.483696,New Year Offer,Google Ads,25-34,Other,Bangalore,New,77148,2144,749,88,39029,149074.02,2.78,34.93,4.1,18.2,443.51,3.82,281.96,February,2
2026-02-04 14:05:09.661932,Monsoon Offer,Google Ads,35-44,Male,Mumbai,Returning,112601,5583,1341,323,46159,632061.69,4.96,24.02,5.79,8.27,142.91,13.69,1269.31,February,2
2026-02-04 15:50:00.840168,Summer Sale,YouTube,45-54,Male,Ahmedabad,Returning,60627,4292,883,70,46262,98432.0,7.08,20.57,1.63,10.78,660.89,2.13,112.77,February,2
2026-02-04 17:34:52.018403,Monsoon Offer,Email,55+,Female,Mumbai,Returning,25546,987,202,45,48813,125988.51,3.86,20.47,4.56,49.46,1084.73,2.58,158.1,February,2
2026-02-04 19:19:43.196639,Summer Sale,Facebook,18-24,Female,Chennai,Returning,84581,1712,582,65,34777,113078.81,2.02,34.0,3.8,20.31,535.03,3.25,225.15,February,2
2026-02-04 21:04:34.374874,Festival Campaign,YouTube,35-44,Female,Kolkata,Returning,53347,3487,900,266,31858,414777.15,6.54,25.81,7.63,9.14,119.77,13.02,1201.96,February,2
2026-02-04 22:49:25.553110,Festival Campaign,YouTube,25-34,Male,Nagpur,New,51221,1545,193,22,44838,13649.24,3.02,12.49,1.42,29.02,2038.09,0.3,-69.56,February,2
2026-02-05 00:34:16.731346,Clearance Sale,Email,35-44,Other,Pune,Returning,108203,7718,1551,312,41336,623231.76,7.13,20.1,4.04,5.36,132.49,15.08,1407.72,February,2
2026-02-05 02:19:07.909581,Product Launch,Facebook,55+,Other,Bangalore,Returning,25948,2219,641,145,7768,291039.99,8.55,28.89,6.53,3.5,53.57,37.47,3646.65,February,2
2026-02-05 04:03:59.087817,Clearance Sale,Email,18-24,Female,Delhi,New,35118,741,143,37,48931,72454.29,2.11,19.3,4.99,66.03,1322.46,1.48,48.07,February,2
2026-02-05 05:48:50.266053,Product Launch,Facebook,35-44,Female,Jaipur,Returning,113729,5616,918,166,14886,451352.72,4.94,16.35,2.96,2.65,89.67,30.32,2932.06,February,2
2026-02-05 07:33:41.444288,Clearance Sale,Email,55+,Male,Kolkata,Returning,136677,6839,2377,678,8177,1632116.91,5.0,34.76,9.91,1.2,12.06,199.6,19859.85,February,2
2026-02-05 09:18:32.622524,New Year Offer,YouTube,25-34,Other,Pune,Returning,27021,1808,601,111,34761,296205.06,6.69,33.24,6.14,19.23,313.16,8.52,752.12,February,2
2026-02-05 11:03:23.800760,Festival Campaign,YouTube,45-54,Female,Chennai,New,58215,2334,780,105,11046,68098.42,4.01,33.42,4.5,4.73,105.2,6.16,516.5,February,2
2026-02-05 12:48:14.978995,Summer Sale,Instagram,25-34,Male,Jaipur,Returning,11223,535,61,12,34883,15543.79,4.77,11.4,2.24,65.2,2906.92,0.45,-55.44,February,2
2026-02-05 14:33:06.157231,Product Launch,Google Ads,18-24,Female,Delhi,Returning,100162,1109,158,35,9601,45387.3,1.11,14.25,3.16,8.66,274.31,4.73,372.74,February,2
2026-02-05 16:17:57.335467,Monsoon Offer,Email,25-34,Male,Chennai,Returning,106453,2237,445,85,11897,182122.07,2.1,19.89,3.8,5.32,139.96,15.31,1430.82,February,2
2026-02-05 18:02:48.513702,Product Launch,Instagram,25-34,Other,Delhi,Returning,31526,1932,588,141,22073,228636.8,6.13,30.43,7.3,11.42,156.55,10.36,935.82,February,2
2026-02-05 19:47:39.691938,Summer Sale,Google Ads,25-34,Male,Delhi,New,48829,1437,400,69,46219,168614.02,2.94,27.84,4.8,32.16,669.84,3.65,264.82,February,2
2026-02-05 21:32:30.870174,Clearance Sale,Email,25-34,Female,Bangalore,Returning,61862,1423,440,35,7581,51137.67,2.3,30.92,2.46,5.33,216.6,6.75,574.55,February,2
2026-02-05 23:17:22.048409,Product Launch,Facebook,18-24,Female,Jaipur,New,137048,5371,1764,243,47827,256126.6,3.92,32.84,4.52,8.9,196.82,5.36,435.53,February,2
2026-02-06 01:02:13.226645,Diwali Campaign,Google Ads,55+,Other,Ahmedabad,Returning,40796,1008,293,84,42802,103099.72,2.47,29.07,8.33,42.46,509.55,2.41,140.88,February,2
2026-02-06 02:47:04.404880,New Year Offer,YouTube,35-44,Other,Mumbai,Returning,26818,412,62,15,32698,14342.61,1.54,15.05,3.64,79.36,2179.87,0.44,-56.14,February,2
2026-02-06 04:31:55.583116,Festival Campaign,Instagram,45-54,Female,Mumbai,Returning,34488,1225,192,23,12444,22878.83,3.55,15.67,1.88,10.16,541.04,1.84,83.85,February,2
2026-02-06 06:16:46.761352,Summer Sale,Google Ads,35-44,Female,Kolkata,New,93904,2328,407,38,12444,39599.7,2.48,17.48,1.63,5.35,327.47,3.18,218.22,February,2
2026-02-06 08:01:37.939587,Festival Campaign,Google Ads,35-44,Female,Delhi,Returning,106931,8762,1417,222,8080,119932.56,8.19,16.17,2.53,0.92,36.4,14.84,1384.31,February,2
2026-02-06 09:46:29.117823,Diwali Campaign,YouTube,45-54,Other,Kolkata,Returning,85520,1337,196,51,40206,116801.22,1.56,14.66,3.81,30.07,788.35,2.91,190.51,February,2
2026-02-06 11:31:20.296059,Product Launch,Email,18-24,Female,Jaipur,New,78334,6052,1713,176,6128,263825.03,7.73,28.3,2.91,1.01,34.82,43.05,4205.24,February,2
2026-02-06 13:16:11.474294,Product Launch,Facebook,45-54,Other,Delhi,Returning,148675,6608,589,117,45626,65131.36,4.44,8.91,1.77,6.9,389.97,1.43,42.75,February,2
2026-02-06 15:01:02.652530,Monsoon Offer,YouTube,18-24,Female,Delhi,Returning,121587,8605,2380,334,25206,475956.3,7.08,27.66,3.88,2.93,75.47,18.88,1788.27,February,2
2026-02-06 16:45:53.830766,Diwali Campaign,Facebook,35-44,Male,Pune,Returning,87240,1286,388,93,33450,256998.09,1.47,30.17,7.23,26.01,359.68,7.68,668.31,February,2
2026-02-06 18:30:45.009001,Summer Sale,Email,18-24,Male,Nagpur,Returning,44261,4110,402,32,15581,56899.55,9.29,9.78,0.78,3.79,486.91,3.65,265.19,February,2
2026-02-06 20:15:36.187237,Monsoon Offer,Google Ads,55+,Female,Mumbai,New,127367,10070,973,137,47569,406462.56,7.91,9.66,1.36,4.72,347.22,8.54,754.47,February,2
2026-02-06 22:00:27.365473,New Year Offer,Facebook,45-54,Male,Jaipur,New,25707,581,91,20,12811,36997.97,2.26,15.66,3.44,22.05,640.55,2.89,188.8,February,2
2026-02-06 23:45:18.543708,Monsoon Offer,Instagram,55+,Other,Chennai,New,28009,831,113,22,30482,63953.94,2.97,13.6,2.65,36.68,1385.55,2.1,109.81,February,2
2026-02-07 01:30:09.721944,Winter Sale,Instagram,35-44,Male,Chennai,Returning,62169,4224,1000,251,15105,252129.96,6.79,23.67,5.94,3.58,60.18,16.69,1569.18,February,2
2026-02-07 03:15:00.900180,Summer Sale,YouTube,45-54,Male,Ahmedabad,Returning,28231,2623,688,78,31361,95537.29,9.29,26.23,2.97,11.96,402.06,3.05,204.64,February,2
2026-02-07 04:59:52.078415,Winter Sale,Email,35-44,Other,Hyderabad,Returning,13246,663,166,32,24052,71997.61,5.01,25.04,4.83,36.28,751.62,2.99,199.34,February,2
2026-02-07 06:44:43.256651,Diwali Campaign,YouTube,55+,Male,Jaipur,Returning,39825,2138,377,46,14960,136484.49,5.37,17.63,2.15,7.0,325.22,9.12,812.33,February,2
2026-02-07 08:29:34.434886,Clearance Sale,YouTube,35-44,Male,Hyderabad,New,11316,355,76,16,28503,41011.9,3.14,21.41,4.51,80.29,1781.44,1.44,43.89,February,2
2026-02-07 10:14:25.613122,Winter Sale,YouTube,45-54,Female,Pune,Returning,93870,4174,1055,114,21162,214806.0,4.45,25.28,2.73,5.07,185.63,10.15,915.06,February,2
2026-02-07 11:59:16.791358,New Year Offer,Instagram,45-54,Other,Chennai,New,106608,3810,427,48,6103,34218.31,3.57,11.21,1.26,1.6,127.15,5.61,460.68,February,2
2026-02-07 13:44:07.969593,Monsoon Offer,Instagram,35-44,Other,Jaipur,Returning,124911,5190,736,112,41634,158026.15,4.15,14.18,2.16,8.02,371.73,3.8,279.56,February,2
2026-02-07 15:28:59.147829,Clearance Sale,YouTube,45-54,Female,Delhi,Returning,143098,1696,543,91,8530,65161.85,1.19,32.02,5.37,5.03,93.74,7.64,663.91,February,2
2026-02-07 17:13:50.326065,Monsoon Offer,Instagram,45-54,Female,Nagpur,New,25289,346,59,11,30020,14060.24,1.37,17.05,3.18,86.76,2729.09,0.47,-53.16,February,2
2026-02-07 18:58:41.504300,Winter Sale,Email,35-44,Male,Bangalore,Returning,112082,7987,2366,491,6088,563167.3,7.13,29.62,6.15,0.76,12.4,92.5,9150.45,February,2
2026-02-07 20:43:32.682536,Monsoon Offer,YouTube,55+,Male,Nagpur,New,58886,4202,620,113,26128,166266.87,7.14,14.75,2.69,6.22,231.22,6.36,536.36,February,2
2026-02-07 22:28:23.860772,Diwali Campaign,Instagram,45-54,Male,Ahmedabad,New,75020,2979,271,24,8171,62236.6,3.97,9.1,0.81,2.74,340.46,7.62,661.68,February,2
2026-02-08 00:13:15.039007,Clearance Sale,Facebook,45-54,Female,Chennai,Returning,49279,4419,950,147,7465,128763.43,8.97,21.5,3.33,1.69,50.78,17.25,1624.9,February,2
2026-02-08 01:58:06.217243,Diwali Campaign,YouTube,45-54,Other,Kolkata,New,116061,3940,1264,118,27739,149288.86,3.39,32.08,2.99,7.04,235.08,5.38,438.19,February,2
2026-02-08 03:42:57.395479,Winter Sale,YouTube,45-54,Male,Kolkata,New,95643,4363,1314,139,32998,160238.24,4.56,30.12,3.19,7.56,237.4,4.86,385.6,February,2
2026-02-08 05:27:48.573714,Diwali Campaign,Email,35-44,Female,Bangalore,Returning,109827,8327,1234,123,42361,152563.56,7.58,14.82,1.48,5.09,344.4,3.6,260.15,February,2
2026-02-08 07:12:39.751950,New Year Offer,Google Ads,55+,Other,Chennai,New,138089,10621,3459,397,31575,556418.8,7.69,32.57,3.74,2.97,79.53,17.62,1662.21,February,2
2026-02-08 08:57:30.930186,Winter Sale,Google Ads,55+,Female,Jaipur,New,75200,6580,1378,356,26071,395437.46,8.75,20.94,5.41,3.96,73.23,15.17,1416.77,February,2
2026-02-08 10:42:22.108421,Winter Sale,Email,18-24,Male,Delhi,Returning,105502,1330,123,26,30333,74267.78,1.26,9.25,1.95,22.81,1166.65,2.45,144.84,February,2
2026-02-08 12:27:13.286657,Winter Sale,Email,45-54,Female,Ahmedabad,New,92536,2455,214,40,31149,62010.17,2.65,8.72,1.63,12.69,778.72,1.99,99.08,February,2
2026-02-08 14:12:04.464892,Summer Sale,Email,45-54,Female,Kolkata,Returning,29005,1962,413,99,3350,77743.03,6.76,21.05,5.05,1.71,33.84,23.21,2220.69,February,2
2026-02-08 15:56:55.643128,Monsoon Offer,Google Ads,18-24,Female,Bangalore,New,120737,4882,1110,323,9522,539134.33,4.04,22.74,6.62,1.95,29.48,56.62,5561.99,February,2
2026-02-08 17:41:46.821364,Summer Sale,Email,55+,Female,Nagpur,Returning,94013,1308,132,22,49518,21143.75,1.39,10.09,1.68,37.86,2250.82,0.43,-57.3,February,2
2026-02-08 19:26:37.999599,Summer Sale,Instagram,25-34,Other,Delhi,Returning,55176,3464,1139,183,35968,190379.77,6.28,32.88,5.28,10.38,196.55,5.29,429.3,February,2
2026-02-08 21:11:29.177835,New Year Offer,YouTube,25-34,Male,Kolkata,Returning,125754,5706,1562,460,26658,557797.63,4.54,27.37,8.06,4.67,57.95,20.92,1992.42,February,2
2026-02-08 22:56:20.356071,Clearance Sale,YouTube,55+,Other,Nagpur,Returning,141777,6063,1796,448,38320,363731.04,4.28,29.62,7.39,6.32,85.54,9.49,849.19,February,2
2026-02-09 00:41:11.534306,Monsoon Offer,Facebook,45-54,Female,Jaipur,Returning,61510,2078,493,123,10551,283244.07,3.38,23.72,5.92,5.08,85.78,26.85,2584.52,February,2
2026-02-09 02:26:02.712542,Diwali Campaign,Facebook,25-34,Female,Nagpur,New,56293,593,153,32,47888,79355.72,1.05,25.8,5.4,80.76,1496.5,1.66,65.71,February,2
2026-02-09 04:10:53.890778,Product Launch,YouTube,35-44,Male,Delhi,Returning,128222,3386,625,119,36819,176799.76,2.64,18.46,3.51,10.87,309.4,4.8,380.19,February,2
2026-02-09 05:55:45.069013,Winter Sale,Instagram,35-44,Male,Nagpur,Returning,136947,7214,1900,382,32008,848987.88,5.27,26.34,5.3,4.44,83.79,26.52,2552.42,February,2
2026-02-09 07:40:36.247249,Diwali Campaign,Google Ads,18-24,Other,Jaipur,New,54420,1894,651,145,13870,213495.93,3.48,34.37,7.66,7.32,95.66,15.39,1439.26,February,2
2026-02-09 09:25:27.425485,Winter Sale,Google Ads,55+,Other,Ahmedabad,Returning,107391,9525,2427,395,45755,359526.36,8.87,25.48,4.15,4.8,115.84,7.86,685.76,February,2
2026-02-09 11:10:18.603720,New Year Offer,Instagram,55+,Male,Delhi,New,69278,1584,272,68,6558,101518.57,2.29,17.17,4.29,4.14,96.44,15.48,1448.01,February,2
2026-02-09 12:55:09.781956,Winter Sale,Google Ads,25-34,Other,Ahmedabad,New,70216,6233,978,273,11298,516643.9,8.88,15.69,4.38,1.81,41.38,45.73,4472.88,February,2
2026-02-09 14:40:00.960192,Summer Sale,Email,45-54,Female,Bangalore,Returning,83699,3886,1321,271,6513,163273.65,4.64,33.99,6.97,1.68,24.03,25.07,2406.89,February,2
2026-02-09 16:24:52.138427,Monsoon Offer,YouTube,55+,Female,Chennai,New,10209,355,46,7,12460,14953.48,3.48,12.96,1.97,35.1,1780.0,1.2,20.01,February,2
2026-02-09 18:09:43.316663,Product Launch,YouTube,25-34,Male,Nagpur,New,145906,5454,1623,378,28316,890764.53,3.74,29.76,6.93,5.19,74.91,31.46,3045.8,February,2
2026-02-09 19:54:34.494898,Festival Campaign,Instagram,25-34,Other,Pune,New,72485,2878,591,70,10653,185494.8,3.97,20.54,2.43,3.7,152.19,17.41,1641.24,February,2
2026-02-09 21:39:25.673134,Winter Sale,Google Ads,55+,Female,Ahmedabad,Returning,79498,4419,882,258,3022,195287.01,5.56,19.96,5.84,0.68,11.71,64.62,6362.18,February,2
2026-02-09 23:24:16.851370,Diwali Campaign,Facebook,25-34,Male,Jaipur,New,61542,2575,725,162,31669,81037.91,4.18,28.16,6.29,12.3,195.49,2.56,155.89,February,2
2026-02-10 01:09:08.029605,Summer Sale,Facebook,18-24,Other,Kolkata,Returning,40545,2767,331,31,40563,21178.14,6.82,11.96,1.12,14.66,1308.48,0.52,-47.79,February,2
2026-02-10 02:53:59.207841,Festival Campaign,Google Ads,18-24,Female,Ahmedabad,Returning,45212,2182,449,88,37218,247305.7,4.83,20.58,4.03,17.06,422.93,6.64,564.48,February,2
2026-02-10 04:38:50.386077,Product Launch,Facebook,55+,Other,Kolkata,New,119079,8388,752,184,34709,444155.63,7.04,8.97,2.19,4.14,188.64,12.8,1179.66,February,2
2026-02-10 06:23:41.564312,Festival Campaign,Instagram,45-54,Other,Nagpur,Returning,51100,3290,858,121,25169,313219.28,6.44,26.08,3.68,7.65,208.01,12.44,1144.46,February,2
2026-02-10 08:08:32.742548,Summer Sale,Instagram,18-24,Other,Bangalore,New,137215,4390,420,38,38522,68116.31,3.2,9.57,0.87,8.77,1013.74,1.77,76.82,February,2
2026-02-10 09:53:23.920784,Monsoon Offer,Google Ads,18-24,Male,Mumbai,New,62016,5156,533,99,20011,179863.17,8.31,10.34,1.92,3.88,202.13,8.99,798.82,February,2
2026-02-10 11:38:15.099019,Monsoon Offer,Facebook,55+,Female,Delhi,Returning,29301,2399,739,194,22651,241775.21,8.19,30.8,8.09,9.44,116.76,10.67,967.39,February,2
2026-02-10 13:23:06.277255,Clearance Sale,Instagram,35-44,Male,Kolkata,Returning,93717,9278,1851,250,3566,651720.66,9.9,19.95,2.69,0.38,14.26,182.76,18175.96,February,2
2026-02-10 15:07:57.455491,Monsoon Offer,Instagram,25-34,Female,Kolkata,Returning,19168,493,66,15,39526,38616.36,2.57,13.39,3.04,80.17,2635.07,0.98,-2.3,February,2
2026-02-10 16:52:48.633726,Clearance Sale,Email,18-24,Female,Delhi,New,78109,6741,1617,274,46450,405637.37,8.63,23.99,4.06,6.89,169.53,8.73,773.28,February,2
2026-02-10 18:37:39.811962,Festival Campaign,Email,35-44,Male,Mumbai,New,28973,2563,564,52,5020,68804.72,8.85,22.01,2.03,1.96,96.54,13.71,1270.61,February,2
2026-02-10 20:22:30.990198,New Year Offer,Instagram,45-54,Male,Nagpur,New,103059,6986,1333,195,6530,457456.97,6.78,19.08,2.79,0.93,33.49,70.05,6905.47,February,2
2026-02-10 22:07:22.168433,Diwali Campaign,Google Ads,35-44,Female,Jaipur,Returning,109017,6058,1965,292,21890,165102.74,5.56,32.44,4.82,3.61,74.97,7.54,654.24,February,2
2026-02-10 23:52:13.346669,Diwali Campaign,YouTube,55+,Female,Chennai,New,91115,8761,2473,690,14747,1828411.85,9.62,28.23,7.88,1.68,21.37,123.99,12298.53,February,2
2026-02-11 01:37:04.524904,Festival Campaign,YouTube,45-54,Female,Kolkata,New,85406,8330,1007,298,13383,481454.75,9.75,12.09,3.58,1.61,44.91,35.98,3497.51,February,2
2026-02-11 03:21:55.703140,Winter Sale,Instagram,45-54,Other,Mumbai,New,19109,1294,302,38,46882,60927.7,6.77,23.34,2.94,36.23,1233.74,1.3,29.96,February,2
2026-02-11 05:06:46.881376,Winter Sale,Instagram,35-44,Female,Mumbai,New,36842,1560,162,28,28304,60835.45,4.23,10.38,1.79,18.14,1010.86,2.15,114.94,February,2
2026-02-11 06:51:38.059611,Monsoon Offer,Instagram,55+,Male,Bangalore,Returning,107969,9020,1317,388,19857,820376.88,8.35,14.6,4.3,2.2,51.18,41.31,4031.42,February,2
2026-02-11 08:36:29.237847,Diwali Campaign,Google Ads,18-24,Male,Kolkata,New,117055,2110,687,116,36373,135132.48,1.8,32.56,5.5,17.24,313.56,3.72,271.52,February,2
2026-02-11 10:21:20.416083,Diwali Campaign,Email,35-44,Male,Ahmedabad,Returning,56408,2039,417,65,28818,185782.77,3.61,20.45,3.19,14.13,443.35,6.45,544.68,February,2
2026-02-11 12:06:11.594318,Clearance Sale,Instagram,18-24,Female,Nagpur,New,118407,11686,3749,390,41451,1156671.73,9.87,32.08,3.34,3.55,106.28,27.9,2690.46,February,2
2026-02-11 13:51:02.772554,New Year Offer,Instagram,35-44,Female,Jaipur,New,46530,3875,483,118,16669,214166.76,8.33,12.46,3.05,4.3,141.26,12.85,1184.82,February,2
2026-02-11 15:35:53.950790,Summer Sale,Facebook,18-24,Other,Mumbai,New,120047,11351,1537,274,10404,521545.85,9.46,13.54,2.41,0.92,37.97,50.13,4912.94,February,2
2026-02-11 17:20:45.129025,Winter Sale,Google Ads,35-44,Other,Bangalore,Returning,69730,4430,776,171,39522,322470.93,6.35,17.52,3.86,8.92,231.12,8.16,715.93,February,2
2026-02-11 19:05:36.307261,Diwali Campaign,Instagram,45-54,Male,Bangalore,Returning,85623,3997,715,137,23754,234882.19,4.67,17.89,3.43,5.94,173.39,9.89,888.81,February,2
2026-02-11 20:50:27.485497,Clearance Sale,Facebook,25-34,Other,Delhi,Returning,87658,8605,2419,286,39646,818808.74,9.82,28.11,3.32,4.61,138.62,20.65,1965.3,February,2
2026-02-11 22:35:18.663732,Product Launch,YouTube,45-54,Other,Kolkata,New,40898,1547,374,44,39511,48922.77,3.78,24.18,2.84,25.54,897.98,1.24,23.82,February,2
2026-02-12 00:20:09.841968,Clearance Sale,Instagram,18-24,Male,Mumbai,New,73908,5777,1325,379,7847,291790.37,7.82,22.94,6.56,1.36,20.7,37.18,3618.5,February,2
2026-02-12 02:05:01.020204,Winter Sale,Instagram,55+,Female,Jaipur,Returning,91377,5504,1335,368,18936,1039183.5,6.02,24.26,6.69,3.44,51.46,54.88,5387.87,February,2
2026-02-12 03:49:52.198439,Winter Sale,Facebook,45-54,Other,Ahmedabad,New,101118,3090,858,183,46224,188965.03,3.06,27.77,5.92,14.96,252.59,4.09,308.8,February,2
2026-02-12 05:34:43.376675,Clearance Sale,Google Ads,25-34,Female,Pune,New,67392,779,250,20,41446,47457.77,1.16,32.09,2.57,53.2,2072.3,1.15,14.51,February,2
2026-02-12 07:19:34.554910,Summer Sale,Instagram,18-24,Male,Pune,Returning,85578,3811,731,128,35140,129239.46,4.45,19.18,3.36,9.22,274.53,3.68,267.78,February,2
2026-02-12 09:04:25.733146,Festival Campaign,YouTube,45-54,Male,Ahmedabad,New,36505,2164,642,126,41865,365458.59,5.93,29.67,5.82,19.35,332.26,8.73,772.95,February,2
2026-02-12 10:49:16.911382,Winter Sale,Instagram,35-44,Other,Mumbai,New,98830,2617,559,99,7053,245302.64,2.65,21.36,3.78,2.7,71.24,34.78,3377.99,February,2
2026-02-12 12:34:08.089617,Clearance Sale,YouTube,55+,Male,Kolkata,New,147245,6966,1915,543,3709,1518659.92,4.73,27.49,7.8,0.53,6.83,409.45,40845.27,February,2
2026-02-12 14:18:59.267853,Diwali Campaign,Email,18-24,Male,Jaipur,Returning,94052,6147,1943,172,3922,494923.47,6.54,31.61,2.8,0.64,22.8,126.19,12519.16,February,2
2026-02-12 16:03:50.446089,Clearance Sale,Email,45-54,Male,Delhi,New,16932,1258,111,24,39167,17065.46,7.43,8.82,1.91,31.13,1631.96,0.44,-56.43,February,2
2026-02-12 17:48:41.624324,New Year Offer,YouTube,18-24,Other,Kolkata,Returning,93445,1378,313,46,36175,72839.72,1.47,22.71,3.34,26.25,786.41,2.01,101.35,February,2
2026-02-12 19:33:32.802560,Festival Campaign,Google Ads,35-44,Other,Chennai,New,39105,2728,946,192,48203,407088.16,6.98,34.68,7.04,17.67,251.06,8.45,744.53,February,2
2026-02-12 21:18:23.980796,Product Launch,Instagram,25-34,Other,Kolkata,Returning,117083,1767,378,84,39360,210515.78,1.51,21.39,4.75,22.28,468.57,5.35,434.85,February,2
2026-02-12 23:03:15.159031,Summer Sale,Instagram,45-54,Male,Kolkata,Returning,40382,506,158,27,15790,29799.34,1.25,31.23,5.34,31.21,584.81,1.89,88.72,February,2
2026-02-13 00:48:06.337267,Monsoon Offer,Email,18-24,Female,Nagpur,Returning,97892,2321,302,34,29364,94741.41,2.37,13.01,1.46,12.65,863.65,3.23,222.64,February,2
2026-02-13 02:32:57.515503,Product Launch,YouTube,18-24,Male,Mumbai,Returning,29589,2036,495,96,17567,101034.32,6.88,24.31,4.72,8.63,182.99,5.75,475.14,February,2
2026-02-13 04:17:48.693738,Festival Campaign,Instagram,18-24,Other,Delhi,New,130829,1930,607,173,23343,461121.29,1.48,31.45,8.96,12.09,134.93,19.75,1875.42,February,2
2026-02-13 06:02:39.871974,Festival Campaign,Instagram,25-34,Female,Nagpur,Returning,99452,1181,232,45,34142,80180.17,1.19,19.64,3.81,28.91,758.71,2.35,134.84,February,2
2026-02-13 07:47:31.050210,Festival Campaign,Google Ads,18-24,Female,Mumbai,New,144923,2987,631,67,4490,119833.21,2.06,21.12,2.24,1.5,67.01,26.69,2568.89,February,2
2026-02-13 09:32:22.228445,Product Launch,Facebook,55+,Other,Hyderabad,New,148654,14192,1449,378,17582,542435.31,9.55,10.21,2.66,1.24,46.51,30.85,2985.17,February,2
2026-02-13 11:17:13.406681,Diwali Campaign,Email,55+,Female,Delhi,Returning,146579,13434,1227,158,31426,119884.57,9.17,9.13,1.18,2.34,198.9,3.81,281.48,February,2
2026-02-13 13:02:04.584916,Festival Campaign,Email,18-24,Female,Mumbai,New,147006,2614,539,87,20865,118992.09,1.78,20.62,3.33,7.98,239.83,5.7,470.3,February,2
2026-02-13 14:46:55.763152,Clearance Sale,Facebook,55+,Other,Pune,New,51971,1941,597,104,37048,162951.55,3.73,30.76,5.36,19.09,356.23,4.4,339.84,February,2
2026-02-13 16:31:46.941388,Product Launch,Instagram,45-54,Female,Nagpur,New,14659,1396,462,71,33288,120526.24,9.52,33.09,5.09,23.85,468.85,3.62,262.07,February,2
2026-02-13 18:16:38.119623,Monsoon Offer,Google Ads,55+,Female,Hyderabad,New,14398,270,69,11,35378,25825.12,1.88,25.56,4.07,131.03,3216.18,0.73,-27.0,February,2
2026-02-13 20:01:29.297859,Festival Campaign,Google Ads,18-24,Other,Delhi,Returning,16242,300,90,22,34723,30363.86,1.85,30.0,7.33,115.74,1578.32,0.87,-12.55,February,2
2026-02-13 21:46:20.476095,Clearance Sale,Email,35-44,Female,Chennai,New,140014,2483,691,89,19178,134966.91,1.77,27.83,3.58,7.72,215.48,7.04,603.76,February,2
2026-02-13 23:31:11.654330,Diwali Campaign,Google Ads,45-54,Female,Jaipur,New,61175,5987,1612,295,40622,815747.72,9.79,26.93,4.93,6.79,137.7,20.08,1908.14,February,2
2026-02-14 01:16:02.832566,New Year Offer,Facebook,25-34,Female,Chennai,New,23937,1840,529,44,44834,104782.4,7.69,28.75,2.39,24.37,1018.95,2.34,133.71,February,2
2026-02-14 03:00:54.010802,Diwali Campaign,Instagram,18-24,Female,Pune,New,22343,654,141,27,11055,15042.76,2.93,21.56,4.13,16.9,409.44,1.36,36.07,February,2
2026-02-14 04:45:45.189037,Monsoon Offer,Facebook,25-34,Other,Pune,New,66875,945,192,20,27687,50604.44,1.41,20.32,2.12,29.3,1384.35,1.83,82.77,February,2
2026-02-14 06:30:36.367273,Festival Campaign,YouTube,35-44,Male,Ahmedabad,Returning,56803,5502,676,96,42848,285586.54,9.69,12.29,1.74,7.79,446.33,6.67,566.51,February,2
2026-02-14 08:15:27.545509,Monsoon Offer,Email,25-34,Male,Ahmedabad,New,69937,3377,1039,157,43829,447358.84,4.83,30.77,4.65,12.98,279.17,10.21,920.69,February,2
2026-02-14 10:00:18.723744,Product Launch,Google Ads,18-24,Female,Chennai,Returning,87069,5559,511,50,42226,129494.49,6.38,9.19,0.9,7.6,844.52,3.07,206.67,February,2
2026-02-14 11:45:09.901980,Winter Sale,YouTube,18-24,Other,Nagpur,New,25438,893,135,21,11393,43531.62,3.51,15.12,2.35,12.76,542.52,3.82,282.09,February,2
2026-02-14 13:30:01.080216,Festival Campaign,Google Ads,35-44,Other,Kolkata,Returning,89504,7003,1543,292,18860,349080.25,7.82,22.03,4.17,2.69,64.59,18.51,1750.9,February,2
2026-02-14 15:14:52.258451,Winter Sale,Instagram,18-24,Female,Mumbai,New,27490,761,260,45,46613,96123.44,2.77,34.17,5.91,61.25,1035.84,2.06,106.22,February,2
2026-02-14 16:59:43.436687,Clearance Sale,Instagram,35-44,Male,Jaipur,New,76254,6163,1800,255,24136,570940.2,8.08,29.21,4.14,3.92,94.65,23.66,2265.51,February,2
2026-02-14 18:44:34.614922,New Year Offer,Instagram,35-44,Female,Hyderabad,Returning,115380,3548,637,92,20915,110758.38,3.08,17.95,2.59,5.89,227.34,5.3,429.56,February,2
2026-02-14 20:29:25.793158,Summer Sale,Google Ads,18-24,Other,Jaipur,Returning,46763,879,239,52,12581,59192.85,1.88,27.19,5.92,14.31,241.94,4.7,370.49,February,2
2026-02-14 22:14:16.971394,Monsoon Offer,YouTube,55+,Other,Pune,Returning,75841,4026,1334,317,44490,473062.16,5.31,33.13,7.87,11.05,140.35,10.63,963.3,February,2
2026-02-14 23:59:08.149629,Diwali Campaign,Instagram,35-44,Male,Ahmedabad,New,51347,4271,963,199,19081,418470.62,8.32,22.55,4.66,4.47,95.88,21.93,2093.13,February,2
2026-02-15 01:43:59.327865,New Year Offer,YouTube,18-24,Other,Kolkata,Returning,51684,2307,472,139,21001,171339.14,4.46,20.46,6.03,9.1,151.09,8.16,715.86,February,2
2026-02-15 03:28:50.506101,Festival Campaign,Google Ads,55+,Other,Bangalore,Returning,40711,512,117,33,48101,62342.49,1.26,22.85,6.45,93.95,1457.61,1.3,29.61,February,2
2026-02-15 05:13:41.684336,Winter Sale,YouTube,35-44,Other,Delhi,Returning,24177,1445,237,24,40922,65954.24,5.98,16.4,1.66,28.32,1705.08,1.61,61.17,February,2
2026-02-15 06:58:32.862572,Diwali Campaign,Google Ads,55+,Male,Bangalore,New,135220,9633,3130,430,27940,532232.85,7.12,32.49,4.46,2.9,64.98,19.05,1804.91,February,2
2026-02-15 08:43:24.040808,Winter Sale,Google Ads,45-54,Other,Bangalore,New,41391,3173,936,253,6371,737478.39,7.67,29.5,7.97,2.01,25.18,115.76,11475.55,February,2
2026-02-15 10:28:15.219043,Product Launch,Email,45-54,Female,Nagpur,New,25788,1190,321,27,14016,45450.99,4.61,26.97,2.27,11.78,519.11,3.24,224.28,February,2
2026-02-15 12:13:06.397279,Winter Sale,Google Ads,55+,Male,Nagpur,Returning,61055,1143,273,57,25943,42879.44,1.87,23.88,4.99,22.7,455.14,1.65,65.28,February,2
2026-02-15 13:57:57.575515,Product Launch,Google Ads,35-44,Female,Ahmedabad,New,124187,7772,2656,770,20756,490950.83,6.26,34.17,9.91,2.67,26.96,23.65,2265.34,February,2
2026-02-15 15:42:48.753750,Clearance Sale,Facebook,18-24,Female,Bangalore,New,128071,5079,814,186,14049,250483.65,3.97,16.03,3.66,2.77,75.53,17.83,1682.93,February,2
2026-02-15 17:27:39.931986,Diwali Campaign,Instagram,25-34,Male,Hyderabad,New,140101,13340,2086,209,5237,239701.55,9.52,15.64,1.57,0.39,25.06,45.77,4477.08,February,2
2026-02-15 19:12:31.110222,Diwali Campaign,Email,18-24,Female,Pune,New,96462,5328,774,189,39242,493154.55,5.52,14.53,3.55,7.37,207.63,12.57,1156.7,February,2
2026-02-15 20:57:22.288457,Summer Sale,Email,25-34,Male,Bangalore,Returning,23376,1227,343,55,7444,128925.28,5.25,27.95,4.48,6.07,135.35,17.32,1631.94,February,2
2026-02-15 22:42:13.466693,Festival Campaign,Email,25-34,Female,Kolkata,New,57606,2179,643,181,23852,490757.19,3.78,29.51,8.31,10.95,131.78,20.58,1957.51,February,2
2026-02-16 00:27:04.644928,Product Launch,Facebook,35-44,Male,Delhi,Returning,88393,3579,863,123,8758,242695.45,4.05,24.11,3.44,2.45,71.2,27.71,2671.13,February,2
2026-02-16 02:11:55.823164,Summer Sale,Google Ads,55+,Other,Mumbai,Returning,72996,4098,1049,193,39344,306608.12,5.61,25.6,4.71,9.6,203.85,7.79,679.3,February,2
2026-02-16 03:56:47.001400,Winter Sale,Instagram,18-24,Other,Ahmedabad,Returning,11283,424,73,17,47322,19999.14,3.76,17.22,4.01,111.61,2783.65,0.42,-57.74,February,2
2026-02-16 05:41:38.179635,Winter Sale,YouTube,55+,Female,Ahmedabad,Returning,90456,8168,741,101,48003,197734.98,9.03,9.07,1.24,5.88,475.28,4.12,311.92,February,2
2026-02-16 07:26:29.357871,Summer Sale,Google Ads,45-54,Other,Chennai,Returning,75783,3752,557,66,23359,134974.09,4.95,14.85,1.76,6.23,353.92,5.78,477.82,February,2
2026-02-16 09:11:20.536107,Diwali Campaign,Facebook,35-44,Male,Kolkata,Returning,106382,3859,917,73,12176,108212.93,3.63,23.76,1.89,3.16,166.79,8.89,788.74,February,2
2026-02-16 10:56:11.714342,Winter Sale,Google Ads,35-44,Female,Nagpur,New,82178,1971,590,110,32658,312563.74,2.4,29.93,5.58,16.57,296.89,9.57,857.08,February,2
2026-02-16 12:41:02.892578,Monsoon Offer,Google Ads,45-54,Other,Pune,Returning,27365,1929,559,158,8674,331782.06,7.05,28.98,8.19,4.5,54.9,38.25,3725.02,February,2
2026-02-16 14:25:54.070814,Clearance Sale,Facebook,18-24,Other,Hyderabad,New,122255,1506,193,27,20910,70029.98,1.23,12.82,1.79,13.88,774.44,3.35,234.91,February,2
2026-02-16 16:10:45.249049,Clearance Sale,Email,45-54,Female,Kolkata,Returning,126829,6404,601,53,30948,108701.77,5.05,9.38,0.83,4.83,583.92,3.51,251.24,February,2
2026-02-16 17:55:36.427285,Monsoon Offer,Email,18-24,Other,Jaipur,New,136267,8109,2510,543,4036,701198.69,5.95,30.95,6.7,0.5,7.43,173.74,17273.6,February,2
2026-02-16 19:40:27.605521,Summer Sale,Instagram,25-34,Other,Mumbai,Returning,86387,3505,351,32,30749,74929.53,4.06,10.01,0.91,8.77,960.91,2.44,143.68,February,2
2026-02-16 21:25:18.783756,Monsoon Offer,Instagram,35-44,Female,Delhi,New,89942,6969,1297,248,29820,266757.81,7.75,18.61,3.56,4.28,120.24,8.95,794.56,February,2
2026-02-16 23:10:09.961992,Product Launch,Email,18-24,Other,Chennai,New,148606,10522,1109,181,29678,360465.74,7.08,10.54,1.72,2.82,163.97,12.15,1114.59,February,2
2026-02-17 00:55:01.140228,Product Launch,YouTube,55+,Other,Kolkata,Returning,142907,13922,3233,596,5230,897525.85,9.74,23.22,4.28,0.38,8.78,171.61,17061.11,February,2
2026-02-17 02:39:52.318463,Summer Sale,Google Ads,55+,Other,Chennai,Returning,80251,4477,797,92,20426,80473.52,5.58,17.8,2.05,4.56,222.02,3.94,293.98,February,2
2026-02-17 04:24:43.496699,Monsoon Offer,YouTube,35-44,Other,Mumbai,Returning,64780,3783,509,50,48418,76655.07,5.84,13.45,1.32,12.8,968.36,1.58,58.32,February,2
2026-02-17 06:09:34.674934,Product Launch,Google Ads,45-54,Female,Bangalore,Returning,76412,2454,590,144,43709,183701.1,3.21,24.04,5.87,17.81,303.53,4.2,320.28,February,2
2026-02-17 07:54:25.853170,Diwali Campaign,Email,45-54,Male,Chennai,New,108975,4870,867,116,31680,90544.4,4.47,17.8,2.38,6.51,273.1,2.86,185.81,February,2
2026-02-17 09:39:17.031406,Monsoon Offer,Instagram,18-24,Male,Ahmedabad,New,139788,1735,216,55,46667,140776.38,1.24,12.45,3.17,26.9,848.49,3.02,201.66,February,2
2026-02-17 11:24:08.209641,Diwali Campaign,Instagram,45-54,Other,Nagpur,Returning,70662,5090,1369,337,9168,588555.8,7.2,26.9,6.62,1.8,27.2,64.2,6319.67,February,2
2026-02-17 13:08:59.387877,Product Launch,YouTube,35-44,Other,Bangalore,Returning,108664,4134,1264,156,37097,213078.95,3.8,30.58,3.77,8.97,237.8,5.74,474.38,February,2
2026-02-17 14:53:50.566113,Clearance Sale,Instagram,18-24,Male,Kolkata,New,90249,5291,814,227,6655,400067.21,5.86,15.38,4.29,1.26,29.32,60.12,5911.53,February,2
2026-02-17 16:38:41.744348,Product Launch,Email,25-34,Other,Delhi,Returning,66525,2191,285,32,41321,76366.65,3.29,13.01,1.46,18.86,1291.28,1.85,84.81,February,2
2026-02-17 18:23:32.922584,Diwali Campaign,YouTube,45-54,Male,Ahmedabad,New,144973,9552,958,244,41309,133160.19,6.59,10.03,2.55,4.32,169.3,3.22,222.35,February,2
2026-02-17 20:08:24.100820,New Year Offer,Google Ads,45-54,Female,Mumbai,Returning,123094,6189,1377,237,39673,442450.42,5.03,22.25,3.83,6.41,167.4,11.15,1015.24,February,2
2026-02-17 21:53:15.279055,Festival Campaign,Instagram,18-24,Female,Bangalore,Returning,66203,3533,1075,129,4080,219026.13,5.34,30.43,3.65,1.15,31.63,53.68,5268.29,February,2
2026-02-17 23:38:06.457291,Winter Sale,Facebook,55+,Female,Ahmedabad,New,97597,9255,1367,391,14797,1068476.11,9.48,14.77,4.22,1.6,37.84,72.21,7120.9,February,2
2026-02-18 01:22:57.635527,Monsoon Offer,Instagram,45-54,Female,Nagpur,New,12090,889,181,52,39018,98276.32,7.35,20.36,5.85,43.89,750.35,2.52,151.87,February,2
2026-02-18 03:07:48.813762,New Year Offer,Google Ads,35-44,Female,Bangalore,Returning,32454,1089,134,25,5115,21082.68,3.36,12.3,2.3,4.7,204.6,4.12,312.17,February,2
2026-02-18 04:52:39.991998,Product Launch,YouTube,45-54,Female,Pune,New,65084,3602,681,124,22951,182491.8,5.53,18.91,3.44,6.37,185.09,7.95,695.14,February,2
2026-02-18 06:37:31.170234,Clearance Sale,Google Ads,25-34,Male,Pune,Returning,107103,5569,468,130,40888,266847.55,5.2,8.4,2.33,7.34,314.52,6.53,552.63,February,2
2026-02-18 08:22:22.348469,Summer Sale,Facebook,45-54,Other,Bangalore,New,114560,9342,3044,642,11239,394723.76,8.15,32.58,6.87,1.2,17.51,35.12,3412.09,February,2
2026-02-18 10:07:13.526705,Product Launch,Email,55+,Male,Bangalore,Returning,22746,1933,507,70,20824,189813.59,8.5,26.23,3.62,10.77,297.49,9.12,811.51,February,2
2026-02-18 11:52:04.704940,Clearance Sale,Instagram,45-54,Female,Pune,Returning,13347,473,80,13,14927,8702.93,3.54,16.91,2.75,31.56,1148.23,0.58,-41.7,February,2
2026-02-18 13:36:55.883176,Festival Campaign,YouTube,18-24,Other,Kolkata,Returning,121972,10233,3253,858,3944,494617.97,8.39,31.79,8.38,0.39,4.6,125.41,12441.02,February,2
2026-02-18 15:21:47.061412,Product Launch,Email,45-54,Other,Chennai,New,14101,368,47,12,22503,6060.47,2.61,12.77,3.26,61.15,1875.25,0.27,-73.07,February,2
2026-02-18 17:06:38.239647,Diwali Campaign,Google Ads,55+,Female,Delhi,New,115811,9108,922,264,25456,583271.36,7.86,10.12,2.9,2.79,96.42,22.91,2191.29,February,2
2026-02-18 18:51:29.417883,Summer Sale,YouTube,18-24,Female,Ahmedabad,New,58095,1881,629,90,13175,147582.02,3.24,33.44,4.78,7.0,146.39,11.2,1020.17,February,2
2026-02-18 20:36:20.596119,Clearance Sale,Email,35-44,Female,Ahmedabad,New,111483,4104,670,153,27930,115827.77,3.68,16.33,3.73,6.81,182.55,4.15,314.71,February,2
2026-02-18 22:21:11.774354,Clearance Sale,YouTube,18-24,Female,Mumbai,Returning,130902,11352,3776,358,6305,945306.63,8.67,33.26,3.15,0.56,17.61,149.93,14892.97,February,2
2026-02-19 00:06:02.952590,Clearance Sale,Facebook,25-34,Female,Delhi,New,27747,1326,334,80,18345,80544.05,4.78,25.19,6.03,13.83,229.31,4.39,339.05,February,2
2026-02-19 01:50:54.130826,Festival Campaign,Facebook,18-24,Female,Hyderabad,New,99187,9834,3388,690,37685,907909.17,9.91,34.45,7.02,3.83,54.62,24.09,2309.21,February,2
2026-02-19 03:35:45.309061,Product Launch,Instagram,35-44,Other,Pune,New,142128,3364,953,128,42537,120870.87,2.37,28.33,3.8,12.64,332.32,2.84,184.15,February,2
2026-02-19 05:20:36.487297,Festival Campaign,Instagram,45-54,Female,Hyderabad,Returning,40375,2087,226,50,48145,140844.54,5.17,10.83,2.4,23.07,962.9,2.93,192.54,February,2
2026-02-19 07:05:27.665533,Monsoon Offer,Facebook,18-24,Female,Nagpur,New,126612,9612,2980,327,36136,783219.6,7.59,31.0,3.4,3.76,110.51,21.67,2067.42,February,2
2026-02-19 08:50:18.843768,Winter Sale,YouTube,18-24,Other,Delhi,New,120541,1263,151,23,30562,53127.32,1.05,11.96,1.82,24.2,1328.78,1.74,73.83,February,2
2026-02-19 10:35:10.022004,Winter Sale,Facebook,18-24,Male,Jaipur,Returning,50664,1199,320,53,36960,32329.47,2.37,26.69,4.42,30.83,697.36,0.87,-12.53,February,2
2026-02-19 12:20:01.200240,Monsoon Offer,Instagram,18-24,Female,Mumbai,Returning,48779,577,124,31,47953,56009.38,1.18,21.49,5.37,83.11,1546.87,1.17,16.8,February,2
2026-02-19 14:04:52.378475,Product Launch,Facebook,35-44,Other,Bangalore,Returning,69312,6886,1866,276,14194,535062.18,9.93,27.1,4.01,2.06,51.43,37.7,3669.64,February,2
2026-02-19 15:49:43.556711,Diwali Campaign,Facebook,55+,Other,Nagpur,Returning,21414,1680,481,43,13088,62620.99,7.85,28.63,2.56,7.79,304.37,4.78,378.46,February,2
2026-02-19 17:34:34.734946,Festival Campaign,YouTube,55+,Male,Chennai,Returning,133938,5842,1735,207,26728,270008.86,4.36,29.7,3.54,4.58,129.12,10.1,910.21,February,2
2026-02-19 19:19:25.913182,Summer Sale,Email,18-24,Female,Jaipur,Returning,19198,462,141,30,20937,78895.71,2.41,30.52,6.49,45.32,697.9,3.77,276.82,February,2
2026-02-19 21:04:17.091418,Clearance Sale,Instagram,35-44,Female,Delhi,Returning,103302,1873,578,48,22194,26761.99,1.81,30.86,2.56,11.85,462.38,1.21,20.58,February,2
2026-02-19 22:49:08.269653,Clearance Sale,YouTube,35-44,Female,Delhi,New,109524,6338,1213,308,17776,635523.23,5.79,19.14,4.86,2.8,57.71,35.75,3475.18,February,2
2026-02-20 00:33:59.447889,Product Launch,Facebook,18-24,Other,Hyderabad,Returning,113170,11071,3543,985,46992,1463333.03,9.78,32.0,8.9,4.24,47.71,31.14,3014.0,February,2
2026-02-20 02:18:50.626125,Diwali Campaign,Facebook,25-34,Female,Kolkata,Returning,133393,9432,2587,488,35879,1056459.83,7.07,27.43,5.17,3.8,73.52,29.45,2844.51,February,2
2026-02-20 04:03:41.804360,Winter Sale,Email,18-24,Female,Hyderabad,Returning,126305,5413,1659,390,23456,387969.61,4.29,30.65,7.2,4.33,60.14,16.54,1554.03,February,2
2026-02-20 05:48:32.982596,Winter Sale,Instagram,25-34,Female,Ahmedabad,Returning,130759,7201,2499,454,20447,497878.37,5.51,34.7,6.3,2.84,45.04,24.35,2334.97,February,2
2026-02-20 07:33:24.160832,Clearance Sale,Instagram,18-24,Female,Hyderabad,Returning,80148,8006,892,131,37160,257694.62,9.99,11.14,1.64,4.64,283.66,6.93,593.47,February,2
2026-02-20 09:18:15.339067,Product Launch,Google Ads,25-34,Male,Kolkata,New,118169,6698,1206,140,20581,412978.49,5.67,18.01,2.09,3.07,147.01,20.07,1906.6,February,2
2026-02-20 11:03:06.517303,Festival Campaign,Instagram,25-34,Male,Chennai,New,41528,4019,1196,232,36108,681316.48,9.68,29.76,5.77,8.98,155.64,18.87,1786.89,February,2
2026-02-20 12:47:57.695539,Winter Sale,Email,18-24,Male,Nagpur,New,146025,1675,173,49,8015,55000.17,1.15,10.33,2.93,4.79,163.57,6.86,586.22,February,2
2026-02-20 14:32:48.873774,Festival Campaign,Google Ads,25-34,Female,Pune,New,135728,10164,2297,633,38629,478470.51,7.49,22.6,6.23,3.8,61.03,12.39,1138.63,February,2
2026-02-20 16:17:40.052010,Diwali Campaign,Google Ads,45-54,Female,Delhi,New,96234,6394,1993,562,48251,1110432.25,6.64,31.17,8.79,7.55,85.86,23.01,2201.37,February,2
2026-02-20 18:02:31.230246,Winter Sale,Facebook,55+,Other,Bangalore,New,69121,4954,421,123,16895,190644.65,7.17,8.5,2.48,3.41,137.36,11.28,1028.41,February,2
2026-02-20 19:47:22.408481,Winter Sale,Facebook,35-44,Other,Hyderabad,New,32016,1964,655,76,33496,182720.48,6.13,33.35,3.87,17.05,440.74,5.45,445.5,February,2
2026-02-20 21:32:13.586717,New Year Offer,Instagram,25-34,Other,Jaipur,Returning,130184,1819,625,70,32808,127397.15,1.4,34.36,3.85,18.04,468.69,3.88,288.31,February,2
2026-02-20 23:17:04.764952,Winter Sale,Google Ads,25-34,Female,Chennai,Returning,106544,2499,417,72,15792,127905.63,2.35,16.69,2.88,6.32,219.33,8.1,709.94,February,2
2026-02-21 01:01:55.943188,Monsoon Offer,Facebook,35-44,Male,Mumbai,Returning,68451,6366,1827,423,18430,895131.31,9.3,28.7,6.64,2.9,43.57,48.57,4756.93,February,2
2026-02-21 02:46:47.121424,Summer Sale,Email,25-34,Male,Delhi,Returning,31529,976,111,19,42130,15504.88,3.1,11.37,1.95,43.17,2217.37,0.37,-63.2,February,2
2026-02-21 04:31:38.299659,Monsoon Offer,Facebook,35-44,Male,Kolkata,Returning,130542,12971,3744,1034,45500,2267463.07,9.94,28.86,7.97,3.51,44.0,49.83,4883.44,February,2
2026-02-21 06:16:29.477895,Product Launch,Facebook,18-24,Female,Ahmedabad,Returning,30096,2141,449,106,9308,182457.72,7.11,20.97,4.95,4.35,87.81,19.6,1860.22,February,2
2026-02-21 08:01:20.656131,Product Launch,Google Ads,45-54,Male,Kolkata,New,105653,5281,1649,361,6584,920682.73,5.0,31.23,6.84,1.25,18.24,139.84,13883.64,February,2
2026-02-21 09:46:11.834366,Festival Campaign,Google Ads,45-54,Other,Hyderabad,Returning,13417,1245,171,16,34088,13548.27,9.28,13.73,1.29,27.38,2130.5,0.4,-60.26,February,2
2026-02-21 11:31:03.012602,Monsoon Offer,YouTube,55+,Other,Nagpur,Returning,81981,6685,1748,207,6519,259136.6,8.15,26.15,3.1,0.98,31.49,39.75,3875.1,February,2
2026-02-21 13:15:54.190838,Monsoon Offer,Email,25-34,Male,Ahmedabad,Returning,80953,3934,1149,200,43555,575123.19,4.86,29.21,5.08,11.07,217.78,13.2,1220.45,February,2
2026-02-21 15:00:45.369073,Monsoon Offer,Google Ads,55+,Other,Jaipur,New,25494,412,55,16,12597,30122.92,1.62,13.35,3.88,30.58,787.31,2.39,139.13,February,2
2026-02-21 16:45:36.547309,Diwali Campaign,Instagram,18-24,Male,Kolkata,New,121670,10724,3227,495,43317,1397509.99,8.81,30.09,4.62,4.04,87.51,32.26,3126.24,February,2
2026-02-21 18:30:27.725545,Winter Sale,Email,45-54,Male,Jaipur,New,128839,10159,3440,751,5013,1669163.41,7.89,33.86,7.39,0.49,6.68,332.97,33196.7,February,2
2026-02-21 20:15:18.903780,Summer Sale,Email,18-24,Other,Mumbai,Returning,65669,5330,1312,390,36215,1098270.58,8.12,24.62,7.32,6.79,92.86,30.33,2932.64,February,2
2026-02-21 22:00:10.082016,Festival Campaign,Google Ads,18-24,Other,Jaipur,Returning,68263,5258,1534,211,21104,273153.37,7.7,29.17,4.01,4.01,100.02,12.94,1194.32,February,2
2026-02-21 23:45:01.260252,Monsoon Offer,Email,25-34,Other,Delhi,Returning,50274,1750,391,45,31443,32685.05,3.48,22.34,2.57,17.97,698.73,1.04,3.95,February,2
2026-02-22 01:29:52.438487,Monsoon Offer,Google Ads,18-24,Other,Chennai,New,129240,11282,2724,545,16465,1365554.4,8.73,24.14,4.83,1.46,30.21,82.94,8193.68,February,2
2026-02-22 03:14:43.616723,New Year Offer,Facebook,45-54,Male,Ahmedabad,New,48441,494,41,8,23477,20089.38,1.02,8.3,1.62,47.52,2934.62,0.86,-14.43,February,2
2026-02-22 04:59:34.794958,Festival Campaign,YouTube,55+,Other,Delhi,Returning,73327,2299,509,143,3033,292730.58,3.14,22.14,6.22,1.32,21.21,96.52,9551.52,February,2
2026-02-22 06:44:25.973194,Monsoon Offer,Facebook,45-54,Other,Bangalore,New,110461,1567,368,31,30487,60416.69,1.42,23.48,1.98,19.46,983.45,1.98,98.17,February,2
2026-02-22 08:29:17.151430,Festival Campaign,Google Ads,25-34,Female,Kolkata,Returning,109099,2176,567,96,4403,267577.96,1.99,26.06,4.41,2.02,45.86,60.77,5977.17,February,2
2026-02-22 10:14:08.329665,Winter Sale,Google Ads,45-54,Other,Kolkata,New,86925,5034,632,93,6219,87535.89,5.79,12.55,1.85,1.24,66.87,14.08,1307.56,February,2
2026-02-22 11:58:59.507901,New Year Offer,Facebook,35-44,Other,Bangalore,New,61035,815,118,24,11077,48992.28,1.34,14.48,2.94,13.59,461.54,4.42,342.29,February,2
2026-02-22 13:43:50.686137,Festival Campaign,Instagram,55+,Male,Jaipur,New,119863,3155,896,73,5710,45583.14,2.63,28.4,2.31,1.81,78.22,7.98,698.3,February,2
2026-02-22 15:28:41.864372,Summer Sale,Instagram,35-44,Male,Delhi,Returning,23490,726,90,21,29178,17895.41,3.09,12.4,2.89,40.19,1389.43,0.61,-38.67,February,2
2026-02-22 17:13:33.042608,Summer Sale,Instagram,35-44,Female,Ahmedabad,New,16044,1106,212,39,49994,62134.05,6.89,19.17,3.53,45.2,1281.9,1.24,24.28,February,2
2026-02-22 18:58:24.220844,Product Launch,Google Ads,25-34,Other,Ahmedabad,Returning,37509,1957,288,67,48645,171052.23,5.22,14.72,3.42,24.86,726.04,3.52,251.63,February,2
2026-02-22 20:43:15.399079,New Year Offer,Email,18-24,Other,Bangalore,Returning,37844,1939,440,78,35487,181960.87,5.12,22.69,4.02,18.3,454.96,5.13,412.75,February,2
2026-02-22 22:28:06.577315,New Year Offer,Google Ads,35-44,Other,Kolkata,Returning,72212,5716,1980,364,41438,1068398.6,7.92,34.64,6.37,7.25,113.84,25.78,2478.31,February,2
2026-02-23 00:12:57.755551,Product Launch,Email,45-54,Other,Bangalore,New,142278,7271,2254,624,15964,381963.89,5.11,31.0,8.58,2.2,25.58,23.93,2292.66,February,2
2026-02-23 01:57:48.933786,Festival Campaign,Facebook,18-24,Other,Mumbai,New,124587,5153,787,99,24602,143884.67,4.14,15.27,1.92,4.77,248.51,5.85,484.85,February,2
2026-02-23 03:42:40.112022,New Year Offer,YouTube,45-54,Other,Mumbai,New,88632,8563,1537,196,31288,175807.49,9.66,17.95,2.29,3.65,159.63,5.62,461.9,February,2
2026-02-23 05:27:31.290258,Summer Sale,Email,45-54,Female,Mumbai,Returning,62232,668,219,44,33714,26065.74,1.07,32.78,6.59,50.47,766.23,0.77,-22.69,February,2
2026-02-23 07:12:22.468493,Summer Sale,Instagram,18-24,Other,Pune,New,45228,1695,546,122,6602,141641.25,3.75,32.21,7.2,3.89,54.11,21.45,2045.43,February,2
2026-02-23 08:57:13.646729,Monsoon Offer,Google Ads,18-24,Other,Chennai,New,95925,6220,767,121,25488,134452.73,6.48,12.33,1.95,4.1,210.64,5.28,427.51,February,2
2026-02-23 10:42:04.824964,Winter Sale,Facebook,45-54,Other,Nagpur,Returning,47693,3837,1166,226,7096,350315.66,8.05,30.39,5.89,1.85,31.4,49.37,4836.8,February,2
2026-02-23 12:26:56.003200,New Year Offer,Instagram,25-34,Female,Hyderabad,Returning,94533,7891,1265,164,38102,139433.3,8.35,16.03,2.08,4.83,232.33,3.66,265.95,February,2
2026-02-23 14:11:47.181436,Festival Campaign,Facebook,55+,Other,Pune,Returning,110019,1556,352,38,9116,65413.92,1.41,22.62,2.44,5.86,239.89,7.18,617.57,February,2
2026-02-23 15:56:38.359671,Product Launch,YouTube,55+,Female,Ahmedabad,New,97165,7172,583,77,18539,215618.93,7.38,8.13,1.07,2.58,240.77,11.63,1063.06,February,2
2026-02-23 17:41:29.537907,Product Launch,Google Ads,25-34,Male,Jaipur,New,44337,3317,1159,326,32610,772773.98,7.48,34.94,9.83,9.83,100.03,23.7,2269.75,February,2
2026-02-23 19:26:20.716143,Festival Campaign,Google Ads,18-24,Other,Kolkata,Returning,27060,791,225,57,4279,148510.27,2.92,28.45,7.21,5.41,75.07,34.71,3370.68,February,2
2026-02-23 21:11:11.894378,Diwali Campaign,YouTube,45-54,Female,Jaipur,New,58993,1188,172,19,40717,47724.61,2.01,14.48,1.6,34.27,2143.0,1.17,17.21,February,2
2026-02-23 22:56:03.072614,Clearance Sale,Google Ads,55+,Male,Bangalore,Returning,89459,6930,1833,165,3049,243220.86,7.75,26.45,2.38,0.44,18.48,79.77,7877.07,February,2
2026-02-24 00:40:54.250850,Winter Sale,Email,45-54,Female,Kolkata,New,117606,3816,607,61,41419,138616.56,3.24,15.91,1.6,10.85,679.0,3.35,234.67,February,2
2026-02-24 02:25:45.429085,Product Launch,Facebook,25-34,Female,Hyderabad,Returning,125600,1274,132,19,30240,45327.17,1.01,10.36,1.49,23.74,1591.58,1.5,49.89,February,2
2026-02-24 04:10:36.607321,New Year Offer,Instagram,45-54,Male,Hyderabad,New,15322,461,89,23,45734,23324.77,3.01,19.31,4.99,99.21,1988.43,0.51,-49.0,February,2
2026-02-24 05:55:27.785557,Winter Sale,YouTube,25-34,Other,Delhi,Returning,48438,619,152,22,39814,58314.43,1.28,24.56,3.55,64.32,1809.73,1.46,46.47,February,2
2026-02-24 07:40:18.963792,New Year Offer,Email,18-24,Other,Jaipur,Returning,89369,2897,301,36,19449,59197.27,3.24,10.39,1.24,6.71,540.25,3.04,204.37,February,2
2026-02-24 09:25:10.142028,Diwali Campaign,Instagram,25-34,Female,Nagpur,Returning,28134,1129,248,41,9539,22176.87,4.01,21.97,3.63,8.45,232.66,2.32,132.49,February,2
2026-02-24 11:10:01.320264,Summer Sale,Instagram,25-34,Male,Hyderabad,New,17575,605,132,14,24754,29518.44,3.44,21.82,2.31,40.92,1768.14,1.19,19.25,February,2
2026-02-24 12:54:52.498499,Winter Sale,YouTube,55+,Other,Chennai,New,86899,8063,2013,369,7223,808813.95,9.28,24.97,4.58,0.9,19.57,111.98,11097.76,February,2
2026-02-24 14:39:43.676735,Monsoon Offer,Email,45-54,Female,Delhi,New,98307,3040,444,101,30320,189819.98,3.09,14.61,3.32,9.97,300.2,6.26,526.06,February,2
2026-02-24 16:24:34.854970,Product Launch,Instagram,55+,Male,Nagpur,Returning,104265,5429,464,74,8302,76296.83,5.21,8.55,1.36,1.53,112.19,9.19,819.02,February,2
2026-02-24 18:09:26.033206,Winter Sale,Instagram,35-44,Female,Kolkata,Returning,29812,2866,480,56,48633,95518.92,9.61,16.75,1.95,16.97,868.45,1.96,96.41,February,2
2026-02-24 19:54:17.211442,Winter Sale,Email,25-34,Male,Jaipur,Returning,54522,4859,911,163,31615,244551.94,8.91,18.75,3.35,6.51,193.96,7.74,673.53,February,2
2026-02-24 21:39:08.389677,Winter Sale,Google Ads,35-44,Other,Jaipur,Returning,98383,3722,936,231,22272,678381.21,3.78,25.15,6.21,5.98,96.42,30.46,2945.89,February,2
2026-02-24 23:23:59.567913,Clearance Sale,Instagram,55+,Other,Nagpur,Returning,34932,1375,455,44,24241,112714.63,3.94,33.09,3.2,17.63,550.93,4.65,364.98,February,2
2026-02-25 01:08:50.746149,Winter Sale,Facebook,45-54,Female,Nagpur,Returning,58966,3738,504,48,36434,115427.95,6.34,13.48,1.28,9.75,759.04,3.17,216.81,February,2
2026-02-25 02:53:41.924384,New Year Offer,Email,55+,Other,Hyderabad,Returning,55580,5147,1366,204,44892,194347.59,9.26,26.54,3.96,8.72,220.06,4.33,332.92,February,2
2026-02-25 04:38:33.102620,Summer Sale,Instagram,45-54,Other,Kolkata,Returning,118113,1287,136,23,33798,30534.8,1.09,10.57,1.79,26.26,1469.48,0.9,-9.66,February,2
2026-02-25 06:23:24.280856,Diwali Campaign,YouTube,45-54,Male,Delhi,Returning,36199,1642,215,27,8138,39130.55,4.54,13.09,1.64,4.96,301.41,4.81,380.84,February,2
2026-02-25 08:08:15.459091,Festival Campaign,Facebook,18-24,Other,Chennai,New,113528,9817,2134,183,39620,316877.1,8.65,21.74,1.86,4.04,216.5,8.0,699.79,February,2
2026-02-25 09:53:06.637327,Winter Sale,Instagram,25-34,Male,Ahmedabad,Returning,22688,1065,288,36,7140,20720.21,4.69,27.04,3.38,6.7,198.33,2.9,190.2,February,2
2026-02-25 11:37:57.815563,Product Launch,Facebook,55+,Male,Ahmedabad,New,100640,7528,2347,412,16533,816799.5,7.48,31.18,5.47,2.2,40.13,49.4,4840.42,February,2
2026-02-25 13:22:48.993798,Winter Sale,Facebook,45-54,Female,Pune,Returning,70539,5098,1431,139,46136,193855.15,7.23,28.07,2.73,9.05,331.91,4.2,320.18,February,2
2026-02-25 15:07:40.172034,Product Launch,Google Ads,55+,Male,Chennai,New,141135,4021,338,80,36385,152335.43,2.85,8.41,1.99,9.05,454.81,4.19,318.68,February,2
2026-02-25 16:52:31.350270,New Year Offer,Facebook,55+,Other,Kolkata,Returning,87688,4425,1171,235,48818,122774.8,5.05,26.46,5.31,11.03,207.74,2.51,151.49,February,2
2026-02-25 18:37:22.528505,Product Launch,Google Ads,45-54,Male,Kolkata,New,94732,5774,1747,306,16944,398896.35,6.1,30.26,5.3,2.93,55.37,23.54,2254.2,February,2
2026-02-25 20:22:13.706741,Monsoon Offer,Email,35-44,Male,Delhi,Returning,13135,977,216,41,34973,99288.27,7.44,22.11,4.2,35.8,853.0,2.84,183.9,February,2
2026-02-25 22:07:04.884976,Festival Campaign,Google Ads,25-34,Female,Jaipur,Returning,27564,2315,788,176,15185,308475.88,8.4,34.04,7.6,6.56,86.28,20.31,1931.45,February,2
2026-02-25 23:51:56.063212,Summer Sale,YouTube,25-34,Other,Pune,Returning,73258,5742,466,139,5444,343638.35,7.84,8.12,2.42,0.95,39.17,63.12,6212.24,February,2
2026-02-26 01:36:47.241448,Product Launch,Instagram,18-24,Other,Delhi,New,113813,1428,429,107,13514,240471.9,1.25,30.04,7.49,9.46,126.3,17.79,1679.43,February,2
2026-02-26 03:21:38.419683,Product Launch,Email,18-24,Other,Pune,Returning,37462,2635,449,89,23617,234719.83,7.03,17.04,3.38,8.96,265.36,9.94,893.86,February,2
2026-02-26 05:06:29.597919,Summer Sale,Email,18-24,Male,Jaipur,New,66682,3651,933,232,4350,120317.28,5.48,25.55,6.35,1.19,18.75,27.66,2665.91,February,2
2026-02-26 06:51:20.776155,Festival Campaign,YouTube,25-34,Other,Bangalore,New,12728,784,209,38,30406,43825.92,6.16,26.66,4.85,38.78,800.16,1.44,44.14,February,2
2026-02-26 08:36:11.954390,Winter Sale,Google Ads,35-44,Other,Pune,New,148703,6478,1053,156,21659,292032.67,4.36,16.26,2.41,3.34,138.84,13.48,1248.32,February,2
2026-02-26 10:21:03.132626,Product Launch,Instagram,25-34,Male,Delhi,New,34974,2597,905,124,25634,353715.6,7.43,34.85,4.77,9.87,206.73,13.8,1279.87,February,2
2026-02-26 12:05:54.310862,Summer Sale,Google Ads,25-34,Female,Bangalore,New,125092,8837,953,159,37685,349716.6,7.06,10.78,1.8,4.26,237.01,9.28,828.0,February,2
2026-02-26 13:50:45.489097,Monsoon Offer,Facebook,25-34,Female,Nagpur,Returning,111177,6910,845,68,13269,111620.09,6.22,12.23,0.98,1.92,195.13,8.41,741.21,February,2
2026-02-26 15:35:36.667333,Monsoon Offer,Google Ads,25-34,Male,Chennai,New,123795,10837,3477,413,3608,340870.92,8.75,32.08,3.81,0.33,8.74,94.48,9347.64,February,2
2026-02-26 17:20:27.845569,New Year Offer,Email,35-44,Female,Hyderabad,New,94614,1813,203,21,28344,36393.81,1.92,11.2,1.16,15.63,1349.71,1.28,28.4,February,2
2026-02-26 19:05:19.023804,Summer Sale,Instagram,18-24,Female,Delhi,New,71816,2663,487,141,14121,225983.16,3.71,18.29,5.29,5.3,100.15,16.0,1500.33,February,2
2026-02-26 20:50:10.202040,New Year Offer,Google Ads,55+,Female,Nagpur,New,58526,3193,887,83,42834,203026.98,5.46,27.78,2.6,13.41,516.07,4.74,373.99,February,2
2026-02-26 22:35:01.380276,Monsoon Offer,Instagram,18-24,Other,Ahmedabad,Returning,63467,6110,1794,341,38157,522879.72,9.63,29.36,5.58,6.25,111.9,13.7,1270.34,February,2
2026-02-27 00:19:52.558511,Festival Campaign,Instagram,18-24,Female,Ahmedabad,Returning,126609,2086,704,198,3167,256824.85,1.65,33.75,9.49,1.52,15.99,81.09,8009.4,February,2
2026-02-27 02:04:43.736747,Winter Sale,Facebook,55+,Other,Kolkata,Returning,134420,5422,1589,339,42543,245537.43,4.03,29.31,6.25,7.85,125.5,5.77,477.15,February,2
2026-02-27 03:49:34.914982,Summer Sale,Facebook,25-34,Female,Delhi,New,89430,8346,2570,485,6256,298882.54,9.33,30.79,5.81,0.75,12.9,47.78,4677.53,February,2
2026-02-27 05:34:26.093218,Diwali Campaign,Email,35-44,Other,Mumbai,New,36965,3356,1128,274,5479,437807.08,9.08,33.61,8.16,1.63,20.0,79.91,7890.64,February,2
2026-02-27 07:19:17.271454,Monsoon Offer,YouTube,35-44,Male,Hyderabad,New,69807,6134,1407,221,26975,302141.24,8.79,22.94,3.6,4.4,122.06,11.2,1020.08,February,2
2026-02-27 09:04:08.449689,Monsoon Offer,Instagram,18-24,Male,Mumbai,Returning,62520,2360,407,49,44939,92527.21,3.77,17.25,2.08,19.04,917.12,2.06,105.9,February,2
2026-02-27 10:48:59.627925,Diwali Campaign,YouTube,55+,Female,Chennai,New,140030,12072,3448,918,30010,2092875.76,8.62,28.56,7.6,2.49,32.69,69.74,6873.93,February,2
2026-02-27 12:33:50.806161,Clearance Sale,Email,45-54,Other,Kolkata,Returning,108983,6046,750,69,38584,41401.18,5.55,12.4,1.14,6.38,559.19,1.07,7.3,February,2
2026-02-27 14:18:41.984396,Monsoon Offer,Instagram,25-34,Male,Hyderabad,New,132194,8695,855,220,11982,382919.41,6.58,9.83,2.53,1.38,54.46,31.96,3095.79,February,2
2026-02-27 16:03:33.162632,Product Launch,Instagram,18-24,Male,Bangalore,New,92667,2918,852,87,48797,230978.89,3.15,29.2,2.98,16.72,560.89,4.73,373.35,February,2
2026-02-27 17:48:24.340868,Festival Campaign,YouTube,35-44,Male,Pune,Returning,139335,10255,3452,751,47146,1230075.27,7.36,33.66,7.32,4.6,62.78,26.09,2509.08,February,2
2026-02-27 19:33:15.519103,Summer Sale,Google Ads,55+,Male,Hyderabad,New,55110,2176,434,80,39769,144248.44,3.95,19.94,3.68,18.28,497.11,3.63,262.72,February,2
2026-02-27 21:18:06.697339,Diwali Campaign,Facebook,55+,Female,Jaipur,Returning,141032,5775,713,213,13640,365716.66,4.09,12.35,3.69,2.36,64.04,26.81,2581.21,February,2
2026-02-27 23:02:57.875575,Product Launch,Google Ads,18-24,Other,Bangalore,New,14789,995,213,35,43239,51606.88,6.73,21.41,3.52,43.46,1235.4,1.19,19.35,February,2
2026-02-28 00:47:49.053810,Diwali Campaign,YouTube,45-54,Male,Pune,Returning,10533,332,61,17,47634,13180.08,3.15,18.37,5.12,143.48,2802.0,0.28,-72.33,February,2
2026-02-28 02:32:40.232046,Summer Sale,Facebook,35-44,Female,Chennai,New,60970,1841,332,56,10740,45689.87,3.02,18.03,3.04,5.83,191.79,4.25,325.42,February,2
2026-02-28 04:17:31.410282,New Year Offer,Google Ads,18-24,Male,Ahmedabad,New,38776,1676,418,96,28702,90981.42,4.32,24.94,5.73,17.13,298.98,3.17,216.99,February,2
2026-02-28 06:02:22.588517,Summer Sale,Facebook,45-54,Male,Pune,New,28725,2298,292,64,41794,158810.34,8.0,12.71,2.79,18.19,653.03,3.8,279.98,February,2
2026-02-28 07:47:13.766753,Clearance Sale,Instagram,55+,Male,Jaipur,New,74367,2247,410,40,24134,47533.23,3.02,18.25,1.78,10.74,603.35,1.97,96.96,February,2
2026-02-28 09:32:04.944988,Summer Sale,Google Ads,25-34,Male,Kolkata,New,82230,6649,2091,509,14353,1460987.51,8.09,31.45,7.66,2.16,28.2,101.79,10078.97,February,2
2026-02-28 11:16:56.123224,Summer Sale,Facebook,35-44,Female,Pune,Returning,80542,5847,1619,203,14381,512661.36,7.26,27.69,3.47,2.46,70.84,35.65,3464.85,February,2
2026-02-28 13:01:47.301460,Clearance Sale,Facebook,35-44,Other,Hyderabad,Returning,102534,7291,692,114,43074,252094.09,7.11,9.49,1.56,5.91,377.84,5.85,485.26,February,2
2026-02-28 14:46:38.479695,Festival Campaign,Facebook,45-54,Female,Hyderabad,New,112849,5950,1301,327,18238,752421.79,5.27,21.87,5.5,3.07,55.77,41.26,4025.57,February,2
2026-02-28 16:31:29.657931,Monsoon Offer,Google Ads,18-24,Female,Kolkata,Returning,105623,8146,852,245,44711,151674.73,7.71,10.46,3.01,5.49,182.49,3.39,239.23,February,2
2026-02-28 18:16:20.836167,Summer Sale,Email,55+,Female,Hyderabad,Returning,113211,1269,429,87,49596,167124.69,1.12,33.81,6.86,39.08,570.07,3.37,236.97,February,2
2026-02-28 20:01:12.014402,Clearance Sale,Google Ads,45-54,Male,Chennai,Returning,14485,543,79,15,20616,42789.63,3.75,14.55,2.76,37.97,1374.4,2.08,107.56,February,2
2026-02-28 21:46:03.192638,Product Launch,YouTube,25-34,Other,Jaipur,Returning,76771,5460,1811,346,17422,206830.31,7.11,33.17,6.34,3.19,50.35,11.87,1087.18,February,2
2026-02-28 23:30:54.370874,New Year Offer,Google Ads,25-34,Male,Delhi,New,107519,10628,3243,842,44818,1033589.77,9.88,30.51,7.92,4.22,53.23,23.06,2206.19,February,2
2026-03-01 01:15:45.549109,New Year Offer,Facebook,25-34,Female,Delhi,Returning,76681,784,179,53,32638,33325.27,1.02,22.83,6.76,41.63,615.81,1.02,2.11,March,3
2026-03-01 03:00:36.727345,Summer Sale,Instagram,45-54,Male,Ahmedabad,Returning,11475,641,109,23,7728,44260.14,5.59,17.0,3.59,12.06,336.0,5.73,472.72,March,3
2026-03-01 04:45:27.905581,Festival Campaign,Google Ads,55+,Other,Nagpur,New,136803,12742,3970,648,27029,512245.02,9.31,31.16,5.09,2.12,41.71,18.95,1795.17,March,3
2026-03-01 06:30:19.083816,Festival Campaign,Google Ads,35-44,Other,Chennai,New,62073,5444,660,84,43047,142642.53,8.77,12.12,1.54,7.91,512.46,3.31,231.36,March,3
2026-03-01 08:15:10.262052,Product Launch,Facebook,18-24,Male,Nagpur,New,20047,242,31,3,21384,6899.62,1.21,12.81,1.24,88.36,7128.0,0.32,-67.73,March,3
2026-03-01 10:00:01.440288,Summer Sale,Instagram,35-44,Female,Delhi,New,136104,7847,1103,295,33089,268773.42,5.77,14.06,3.76,4.22,112.17,8.12,712.27,March,3
2026-03-01 11:44:52.618523,New Year Offer,Instagram,55+,Male,Pune,New,105957,1100,265,79,25390,188684.48,1.04,24.09,7.18,23.08,321.39,7.43,643.14,March,3
2026-03-01 13:29:43.796759,Festival Campaign,YouTube,35-44,Female,Pune,New,103491,8389,1383,323,36007,210115.1,8.11,16.49,3.85,4.29,111.48,5.84,483.54,March,3
2026-03-01 15:14:34.974994,Summer Sale,Google Ads,45-54,Other,Pune,New,97599,3689,1280,371,26823,324276.71,3.78,34.7,10.06,7.27,72.3,12.09,1108.95,March,3
2026-03-01 16:59:26.153230,Diwali Campaign,Instagram,25-34,Male,Hyderabad,New,58444,4611,611,95,5190,114026.21,7.89,13.25,2.06,1.13,54.63,21.97,2097.04,March,3
2026-03-01 18:44:17.331466,Festival Campaign,Instagram,55+,Other,Hyderabad,Returning,96858,9204,2738,597,40459,1486677.86,9.5,29.75,6.49,4.4,67.77,36.75,3574.53,March,3
2026-03-01 20:29:08.509701,Clearance Sale,Email,55+,Female,Mumbai,New,121897,11927,1262,243,5015,637958.16,9.78,10.58,2.04,0.42,20.64,127.21,12621.0,March,3
2026-03-01 22:13:59.687937,Diwali Campaign,Email,35-44,Female,Pune,Returning,113351,10254,1798,334,24754,351017.14,9.05,17.53,3.26,2.41,74.11,14.18,1318.02,March,3
2026-03-01 23:58:50.866173,Monsoon Offer,Instagram,45-54,Male,Pune,New,67895,1926,280,61,19546,45107.03,2.84,14.54,3.17,10.15,320.43,2.31,130.77,March,3
2026-03-02 01:43:42.044408,Festival Campaign,YouTube,35-44,Male,Bangalore,New,118500,3260,1120,166,44309,434900.82,2.75,34.36,5.09,13.59,266.92,9.82,881.52,March,3
2026-03-02 03:28:33.222644,New Year Offer,Instagram,35-44,Male,Kolkata,Returning,72559,4812,418,92,3030,195354.51,6.63,8.69,1.91,0.63,32.93,64.47,6347.34,March,3
2026-03-02 05:13:24.400880,Winter Sale,Facebook,55+,Other,Delhi,New,41092,2422,665,151,9601,135090.43,5.89,27.46,6.23,3.96,63.58,14.07,1307.05,March,3
2026-03-02 06:58:15.579115,Diwali Campaign,Google Ads,35-44,Female,Hyderabad,New,39768,431,63,16,27389,30308.67,1.08,14.62,3.71,63.55,1711.81,1.11,10.66,March,3
2026-03-02 08:43:06.757351,Monsoon Offer,YouTube,25-34,Female,Jaipur,Returning,44604,2018,603,145,46098,388734.64,4.52,29.88,7.19,22.84,317.92,8.43,743.28,March,3
2026-03-02 10:27:57.935587,Product Launch,Facebook,35-44,Other,Hyderabad,Returning,97824,8960,1469,220,21559,148233.22,9.16,16.4,2.46,2.41,98.0,6.88,587.57,March,3
2026-03-02 12:12:49.113822,Product Launch,YouTube,25-34,Male,Jaipur,Returning,56760,5156,673,120,24449,85116.37,9.08,13.05,2.33,4.74,203.74,3.48,248.14,March,3
2026-03-02 13:57:40.292058,New Year Offer,Facebook,55+,Male,Mumbai,Returning,16476,467,124,13,20231,15392.25,2.83,26.55,2.78,43.32,1556.23,0.76,-23.92,March,3
2026-03-02 15:42:31.470294,Festival Campaign,Google Ads,45-54,Other,Jaipur,Returning,139416,6186,925,126,27276,268462.63,4.44,14.95,2.04,4.41,216.48,9.84,884.24,March,3
2026-03-02 17:27:22.648529,Summer Sale,Google Ads,25-34,Female,Hyderabad,Returning,108138,6535,1379,268,32416,253265.7,6.04,21.1,4.1,4.96,120.96,7.81,681.3,March,3
2026-03-02 19:12:13.826765,Festival Campaign,Email,45-54,Female,Ahmedabad,New,117620,10203,1178,120,48795,304910.16,8.67,11.55,1.18,4.78,406.62,6.25,524.88,March,3
2026-03-02 20:57:05.005001,New Year Offer,Facebook,45-54,Female,Hyderabad,New,126070,7296,2011,413,10977,981319.16,5.79,27.56,5.66,1.5,26.58,89.4,8839.78,March,3
2026-03-02 22:41:56.183236,Product Launch,Email,25-34,Female,Chennai,New,85498,8305,1576,261,40100,496555.67,9.71,18.98,3.14,4.83,153.64,12.38,1138.29,March,3
2026-03-03 00:26:47.361472,Festival Campaign,Facebook,55+,Other,Ahmedabad,New,38439,3148,371,32,17294,25285.42,8.19,11.79,1.02,5.49,540.44,1.46,46.21,March,3
2026-03-03 02:11:38.539707,Product Launch,Email,18-24,Female,Pune,New,13400,1283,359,63,12204,187144.62,9.57,27.98,4.91,9.51,193.71,15.33,1433.47,March,3
2026-03-03 03:56:29.717943,Diwali Campaign,Google Ads,45-54,Other,Delhi,Returning,99976,7581,818,116,22408,200109.75,7.58,10.79,1.53,2.96,193.17,8.93,793.03,March,3
2026-03-03 05:41:20.896179,Monsoon Offer,YouTube,45-54,Male,Jaipur,Returning,139418,12406,2917,276,38838,449930.47,8.9,23.51,2.22,3.13,140.72,11.58,1058.48,March,3
2026-03-03 07:26:12.074414,Summer Sale,Email,55+,Other,Hyderabad,New,34610,2934,715,103,20458,307859.04,8.48,24.37,3.51,6.97,198.62,15.05,1404.83,March,3
2026-03-03 09:11:03.252650,Diwali Campaign,Facebook,55+,Female,Hyderabad,Returning,61356,2015,667,96,25352,255328.38,3.28,33.1,4.76,12.58,264.08,10.07,907.13,March,3
2026-03-03 10:55:54.430886,Product Launch,Facebook,35-44,Male,Jaipur,New,29728,911,110,17,23867,27895.63,3.06,12.07,1.87,26.2,1403.94,1.17,16.88,March,3
2026-03-03 12:40:45.609121,Product Launch,Google Ads,55+,Other,Nagpur,Returning,127702,11211,2874,461,26613,713170.44,8.78,25.64,4.11,2.37,57.73,26.8,2579.78,March,3
2026-03-03 14:25:36.787357,Winter Sale,Facebook,45-54,Other,Delhi,New,39067,688,125,21,16654,15535.24,1.76,18.17,3.05,24.21,793.05,0.93,-6.72,March,3
2026-03-03 16:10:27.965593,Winter Sale,Instagram,25-34,Other,Bangalore,New,55262,2584,486,48,26704,135181.41,4.68,18.81,1.86,10.33,556.33,5.06,406.22,March,3
2026-03-03 17:55:19.143828,Diwali Campaign,YouTube,18-24,Male,Kolkata,New,11628,975,210,17,20119,44360.43,8.38,21.54,1.74,20.63,1183.47,2.2,120.49,March,3
2026-03-03 19:40:10.322064,Clearance Sale,Email,35-44,Other,Pune,Returning,115068,9572,1369,331,11133,422027.06,8.32,14.3,3.46,1.16,33.63,37.91,3690.78,March,3
2026-03-03 21:25:01.500300,Diwali Campaign,YouTube,25-34,Female,Ahmedabad,Returning,85057,1912,391,60,33760,142998.19,2.25,20.45,3.14,17.66,562.67,4.24,323.57,March,3
2026-03-03 23:09:52.678535,Winter Sale,Google Ads,18-24,Male,Hyderabad,New,114049,6146,1631,350,19037,842388.25,5.39,26.54,5.69,3.1,54.39,44.25,4325.01,March,3
2026-03-04 00:54:43.856771,Product Launch,Email,18-24,Male,Mumbai,Returning,69853,3715,755,111,25205,118745.22,5.32,20.32,2.99,6.78,227.07,4.71,371.12,March,3
2026-03-04 02:39:35.035007,New Year Offer,Email,18-24,Other,Delhi,New,44058,1724,157,46,46816,93570.38,3.91,9.11,2.67,27.16,1017.74,2.0,99.87,March,3
2026-03-04 04:24:26.213242,Diwali Campaign,Instagram,25-34,Female,Jaipur,New,66162,6123,916,136,25060,154709.79,9.25,14.96,2.22,4.09,184.26,6.17,517.36,March,3
2026-03-04 06:09:17.391478,Product Launch,Google Ads,35-44,Male,Hyderabad,Returning,104416,7181,1255,267,19079,660748.94,6.88,17.48,3.72,2.66,71.46,34.63,3363.23,March,3
2026-03-04 07:54:08.569713,New Year Offer,Facebook,35-44,Other,Ahmedabad,New,48891,4801,843,108,23861,95528.62,9.82,17.56,2.25,4.97,220.94,4.0,300.35,March,3
2026-03-04 09:38:59.747949,New Year Offer,Instagram,18-24,Female,Mumbai,New,146002,2337,238,46,19479,99924.19,1.6,10.18,1.97,8.34,423.46,5.13,412.98,March,3
2026-03-04 11:23:50.926185,Winter Sale,Instagram,25-34,Other,Kolkata,New,60107,2734,550,114,12103,149913.34,4.55,20.12,4.17,4.43,106.17,12.39,1138.65,March,3
2026-03-04 13:08:42.104420,Diwali Campaign,YouTube,18-24,Other,Kolkata,Returning,71953,6127,1634,196,32458,115729.21,8.52,26.67,3.2,5.3,165.6,3.57,256.55,March,3
2026-03-04 14:53:33.282656,Festival Campaign,YouTube,55+,Male,Ahmedabad,New,118433,5689,529,56,40156,45318.65,4.8,9.3,0.98,7.06,717.07,1.13,12.86,March,3
2026-03-04 16:38:24.460892,Summer Sale,YouTube,35-44,Male,Delhi,New,59108,1984,560,164,14498,350508.65,3.36,28.23,8.27,7.31,88.4,24.18,2317.63,March,3
2026-03-04 18:23:15.639127,Winter Sale,Instagram,45-54,Other,Mumbai,New,42574,4248,1435,396,23820,435515.16,9.98,33.78,9.32,5.61,60.15,18.28,1728.36,March,3
2026-03-04 20:08:06.817363,Winter Sale,Facebook,18-24,Male,Jaipur,New,115287,10212,842,189,11910,392664.21,8.86,8.25,1.85,1.17,63.02,32.97,3196.93,March,3
2026-03-04 21:52:57.995599,Festival Campaign,Email,55+,Male,Mumbai,Returning,110434,6535,864,232,46964,356596.86,5.92,13.22,3.55,7.19,202.43,7.59,659.3,March,3
2026-03-04 23:37:49.173834,Summer Sale,YouTube,35-44,Female,Chennai,New,33593,2034,461,46,26399,102662.05,6.05,22.66,2.26,12.98,573.89,3.89,288.89,March,3
2026-03-05 01:22:40.352070,Product Launch,Facebook,25-34,Female,Jaipur,New,98219,1042,144,34,26758,58900.63,1.06,13.82,3.26,25.68,787.0,2.2,120.12,March,3
2026-03-05 03:07:31.530306,Clearance Sale,Google Ads,35-44,Other,Pune,Returning,112044,11012,3154,450,10658,572115.48,9.83,28.64,4.09,0.97,23.68,53.68,5267.94,March,3
2026-03-05 04:52:22.708541,Diwali Campaign,YouTube,25-34,Other,Bangalore,Returning,68986,5695,935,185,46388,159941.37,8.26,16.42,3.25,8.15,250.75,3.45,244.79,March,3
2026-03-05 06:37:13.886777,Clearance Sale,Email,25-34,Other,Pune,Returning,146379,1947,310,76,34884,102808.67,1.33,15.92,3.9,17.92,459.0,2.95,194.72,March,3
2026-03-05 08:22:05.065013,Product Launch,Google Ads,18-24,Other,Bangalore,Returning,22904,592,47,4,18265,8348.94,2.58,7.94,0.68,30.85,4566.25,0.46,-54.29,March,3
2026-03-05 10:06:56.243248,Monsoon Offer,Google Ads,18-24,Female,Pune,Returning,115071,9653,1476,343,23065,806456.03,8.39,15.29,3.55,2.39,67.24,34.96,3396.45,March,3
2026-03-05 11:51:47.421484,Winter Sale,Email,35-44,Male,Mumbai,Returning,104714,1865,258,45,42958,40538.21,1.78,13.83,2.41,23.03,954.62,0.94,-5.63,March,3
2026-03-05 13:36:38.599719,Summer Sale,YouTube,55+,Female,Delhi,New,67965,6440,1112,196,35505,423493.48,9.48,17.27,3.04,5.51,181.15,11.93,1092.77,March,3
2026-03-05 15:21:29.777955,Winter Sale,Instagram,35-44,Other,Ahmedabad,New,111448,11143,1335,373,14411,353678.14,10.0,11.98,3.35,1.29,38.64,24.54,2354.22,March,3
2026-03-05 17:06:20.956191,New Year Offer,Email,45-54,Other,Hyderabad,Returning,149097,13385,3219,866,46573,913238.88,8.98,24.05,6.47,3.48,53.78,19.61,1860.88,March,3
2026-03-05 18:51:12.134426,Winter Sale,Email,25-34,Female,Bangalore,New,94724,7246,1046,96,35697,175516.14,7.65,14.44,1.32,4.93,371.84,4.92,391.68,March,3
2026-03-05 20:36:03.312662,Winter Sale,Email,25-34,Female,Hyderabad,Returning,17604,948,288,62,18162,75826.36,5.39,30.38,6.54,19.16,292.94,4.18,317.5,March,3
2026-03-05 22:20:54.490898,Product Launch,Google Ads,18-24,Other,Chennai,New,17871,311,48,8,9035,17231.91,1.74,15.43,2.57,29.05,1129.38,1.91,90.72,March,3
2026-03-06 00:05:45.669133,Product Launch,Facebook,55+,Male,Chennai,Returning,112318,8506,1164,123,25510,355401.31,7.57,13.68,1.45,3.0,207.4,13.93,1293.18,March,3
2026-03-06 01:50:36.847369,Product Launch,Instagram,18-24,Other,Hyderabad,Returning,86981,3976,379,101,49925,88095.28,4.57,9.53,2.54,12.56,494.31,1.76,76.46,March,3
2026-03-06 03:35:28.025605,Clearance Sale,YouTube,45-54,Female,Chennai,New,86574,5308,1485,142,9128,273531.35,6.13,27.98,2.68,1.72,64.28,29.97,2896.62,March,3
2026-03-06 05:20:19.203840,New Year Offer,YouTube,35-44,Other,Jaipur,Returning,121376,4418,959,83,29841,233084.58,3.64,21.71,1.88,6.75,359.53,7.81,681.09,March,3
2026-03-06 07:05:10.382076,Monsoon Offer,Facebook,35-44,Other,Hyderabad,New,121358,3858,427,52,41746,48948.77,3.18,11.07,1.35,10.82,802.81,1.17,17.25,March,3
2026-03-06 08:50:01.560312,Monsoon Offer,Email,55+,Male,Chennai,Returning,144577,5665,791,116,17817,164386.76,3.92,13.96,2.05,3.15,153.59,9.23,822.64,March,3
2026-03-06 10:34:52.738547,Product Launch,Instagram,18-24,Other,Bangalore,Returning,94605,7875,2753,257,23444,207923.82,8.32,34.96,3.26,2.98,91.22,8.87,786.9,March,3
2026-03-06 12:19:43.916783,Summer Sale,YouTube,18-24,Other,Delhi,New,26411,1277,380,84,5984,176827.92,4.84,29.76,6.58,4.69,71.24,29.55,2855.01,March,3
2026-03-06 14:04:35.095019,Clearance Sale,YouTube,45-54,Other,Chennai,Returning,108569,4131,720,126,22180,273780.02,3.8,17.43,3.05,5.37,176.03,12.34,1134.36,March,3
2026-03-06 15:49:26.273254,Festival Campaign,Email,35-44,Female,Hyderabad,New,19498,954,216,36,8444,77776.41,4.89,22.64,3.77,8.85,234.56,9.21,821.08,March,3
2026-03-06 17:34:17.451490,Summer Sale,Facebook,18-24,Female,Bangalore,New,66257,855,164,18,40699,33395.72,1.29,19.18,2.11,47.6,2261.06,0.82,-17.94,March,3
2026-03-06 19:19:08.629725,Diwali Campaign,Instagram,55+,Male,Hyderabad,New,96995,8744,785,138,23310,326460.0,9.01,8.98,1.58,2.67,168.91,14.01,1300.51,March,3
2026-03-06 21:03:59.807961,Diwali Campaign,Facebook,35-44,Other,Kolkata,New,103566,6178,1793,297,6808,175138.89,5.97,29.02,4.81,1.1,22.92,25.73,2472.55,March,3
2026-03-06 22:48:50.986197,Summer Sale,Facebook,45-54,Female,Mumbai,New,125498,2438,667,109,11680,315422.43,1.94,27.36,4.47,4.79,107.16,27.01,2600.53,March,3
2026-03-07 00:33:42.164432,Product Launch,Instagram,55+,Male,Mumbai,Returning,96596,3473,661,84,49487,88640.2,3.6,19.03,2.42,14.25,589.13,1.79,79.12,March,3
2026-03-07 02:18:33.342668,Festival Campaign,Instagram,25-34,Other,Mumbai,Returning,56917,5607,1729,174,43079,139879.46,9.85,30.84,3.1,7.68,247.58,3.25,224.7,March,3
2026-03-07 04:03:24.520904,Festival Campaign,YouTube,45-54,Male,Pune,New,135154,8565,1921,263,26327,750296.95,6.34,22.43,3.07,3.07,100.1,28.5,2749.91,March,3
2026-03-07 05:48:15.699139,Clearance Sale,YouTube,55+,Male,Jaipur,Returning,30930,1120,109,24,29834,61826.21,3.62,9.73,2.14,26.64,1243.08,2.07,107.23,March,3
2026-03-07 07:33:06.877375,Festival Campaign,Instagram,18-24,Male,Hyderabad,New,89029,4306,646,62,22097,149554.91,4.84,15.0,1.44,5.13,356.4,6.77,576.81,March,3
2026-03-07 09:17:58.055611,Diwali Campaign,Google Ads,25-34,Male,Jaipur,Returning,23638,786,160,26,28826,19808.47,3.33,20.36,3.31,36.67,1108.69,0.69,-31.28,March,3
2026-03-07 11:02:49.233846,New Year Offer,YouTube,45-54,Male,Hyderabad,New,15724,202,21,4,9118,10075.29,1.28,10.4,1.98,45.14,2279.5,1.1,10.5,March,3
2026-03-07 12:47:40.412082,Product Launch,Google Ads,18-24,Male,Kolkata,Returning,75738,6497,1521,443,41481,895993.55,8.58,23.41,6.82,6.38,93.64,21.6,2060.01,March,3
2026-03-07 14:32:31.590318,Festival Campaign,Instagram,25-34,Male,Chennai,New,108705,3948,444,117,31536,272583.27,3.63,11.25,2.96,7.99,269.54,8.64,764.36,March,3
2026-03-07 16:17:22.768553,Clearance Sale,YouTube,35-44,Other,Pune,Returning,143099,12228,1640,461,17707,1357726.0,8.55,13.41,3.77,1.45,38.41,76.68,7567.74,March,3
2026-03-07 18:02:13.946789,Diwali Campaign,Facebook,18-24,Other,Delhi,New,103962,5517,1773,461,28567,454593.46,5.31,32.14,8.36,5.18,61.97,15.91,1491.32,March,3
2026-03-07 19:47:05.125025,New Year Offer,Instagram,55+,Male,Hyderabad,New,73109,1934,676,141,27975,248294.64,2.65,34.95,7.29,14.46,198.4,8.88,787.56,March,3
2026-03-07 21:31:56.303260,Winter Sale,Email,45-54,Other,Bangalore,Returning,51849,4260,973,262,15596,624445.52,8.22,22.84,6.15,3.66,59.53,40.04,3903.88,March,3
2026-03-07 23:16:47.481496,Winter Sale,Google Ads,25-34,Male,Chennai,New,10178,447,110,22,39867,34851.1,4.39,24.61,4.92,89.19,1812.14,0.87,-12.58,March,3
2026-03-08 01:01:38.659731,New Year Offer,Instagram,18-24,Other,Ahmedabad,New,15817,1165,344,54,29143,34378.17,7.37,29.53,4.64,25.02,539.69,1.18,17.96,March,3
2026-03-08 02:46:29.837967,Diwali Campaign,Instagram,35-44,Female,Ahmedabad,Returning,82721,7060,1891,306,6817,238250.76,8.53,26.78,4.33,0.97,22.28,34.95,3394.95,March,3
2026-03-08 04:31:21.016203,Clearance Sale,YouTube,45-54,Male,Delhi,Returning,135762,13123,1696,346,29849,693809.56,9.67,12.92,2.64,2.27,86.27,23.24,2224.4,March,3
2026-03-08 06:16:12.194438,New Year Offer,YouTube,45-54,Female,Bangalore,New,13984,247,47,12,9482,14550.12,1.77,19.03,4.86,38.39,790.17,1.53,53.45,March,3
2026-03-08 08:01:03.372674,Product Launch,YouTube,18-24,Male,Mumbai,New,74096,796,178,19,12317,16047.43,1.07,22.36,2.39,15.47,648.26,1.3,30.29,March,3
2026-03-08 09:45:54.550910,Product Launch,Email,35-44,Male,Pune,New,96941,5754,1019,90,25284,121475.7,5.94,17.71,1.56,4.39,280.93,4.8,380.44,March,3
2026-03-08 11:30:45.729145,Winter Sale,YouTube,25-34,Female,Jaipur,New,97432,3291,419,106,39091,106259.95,3.38,12.73,3.22,11.88,368.78,2.72,171.83,March,3
2026-03-08 13:15:36.907381,Festival Campaign,Instagram,18-24,Female,Nagpur,Returning,119914,6261,1745,388,43414,217221.28,5.22,27.87,6.2,6.93,111.89,5.0,400.35,March,3
2026-03-08 15:00:28.085617,Clearance Sale,YouTube,25-34,Female,Nagpur,New,64680,1069,142,37,14691,32542.79,1.65,13.28,3.46,13.74,397.05,2.22,121.52,March,3
2026-03-08 16:45:19.263852,Winter Sale,Facebook,45-54,Male,Pune,New,120326,6635,997,293,4565,793354.61,5.51,15.03,4.42,0.69,15.58,173.79,17279.07,March,3
2026-03-08 18:30:10.442088,Festival Campaign,YouTube,25-34,Female,Chennai,Returning,139094,2953,464,62,44878,32865.78,2.12,15.71,2.1,15.2,723.84,0.73,-26.77,March,3
2026-03-08 20:15:01.620324,Festival Campaign,Email,35-44,Female,Kolkata,Returning,17988,1537,190,23,24003,55996.39,8.54,12.36,1.5,15.62,1043.61,2.33,133.29,March,3
2026-03-08 21:59:52.798559,Monsoon Offer,Facebook,55+,Other,Chennai,New,42070,3296,1019,157,18850,374233.48,7.83,30.92,4.76,5.72,120.06,19.85,1885.32,March,3
2026-03-08 23:44:43.976795,Product Launch,Instagram,35-44,Other,Ahmedabad,Returning,107491,1791,438,119,43135,227360.71,1.67,24.46,6.64,24.08,362.48,5.27,427.09,March,3
2026-03-09 01:29:35.155031,Diwali Campaign,Instagram,25-34,Female,Jaipur,Returning,88132,7515,2294,190,7119,194012.69,8.53,30.53,2.53,0.95,37.47,27.25,2625.28,March,3
2026-03-09 03:14:26.333266,Summer Sale,Google Ads,18-24,Female,Ahmedabad,Returning,33659,1320,281,23,21038,61988.41,3.92,21.29,1.74,15.94,914.7,2.95,194.65,March,3
2026-03-09 04:59:17.511502,Diwali Campaign,Facebook,45-54,Female,Hyderabad,New,85952,3589,790,100,45573,168768.89,4.18,22.01,2.79,12.7,455.73,3.7,270.33,March,3
2026-03-09 06:44:08.689737,Summer Sale,Google Ads,55+,Female,Ahmedabad,New,63778,1669,411,66,3241,61579.03,2.62,24.63,3.95,1.94,49.11,19.0,1800.0,March,3
2026-03-09 08:28:59.867973,New Year Offer,Facebook,18-24,Other,Nagpur,New,108113,9208,1658,242,7332,380558.67,8.52,18.01,2.63,0.8,30.3,51.9,5090.38,March,3
2026-03-09 10:13:51.046209,Product Launch,Facebook,18-24,Male,Nagpur,Returning,32736,1519,325,84,38837,82932.62,4.64,21.4,5.53,25.57,462.35,2.14,113.54,March,3
2026-03-09 11:58:42.224444,Festival Campaign,Email,35-44,Female,Jaipur,New,67781,975,221,51,44253,73441.0,1.44,22.67,5.23,45.39,867.71,1.66,65.96,March,3
2026-03-09 13:43:33.402680,Clearance Sale,Google Ads,25-34,Female,Ahmedabad,New,114192,11072,3736,987,16398,1719077.07,9.7,33.74,8.91,1.48,16.61,104.83,10383.46,March,3
2026-03-09 15:28:24.580916,Summer Sale,Email,35-44,Other,Pune,New,45126,1490,474,77,40073,107780.92,3.3,31.81,5.17,26.89,520.43,2.69,168.96,March,3
2026-03-09 17:13:15.759151,Diwali Campaign,Facebook,25-34,Female,Pune,Returning,136734,12887,1480,312,28363,668494.53,9.42,11.48,2.42,2.2,90.91,23.57,2256.92,March,3
2026-03-09 18:58:06.937387,Festival Campaign,Instagram,35-44,Female,Delhi,New,39652,1471,134,25,21660,70994.86,3.71,9.11,1.7,14.72,866.4,3.28,227.77,March,3
2026-03-09 20:42:58.115623,Summer Sale,Facebook,18-24,Other,Kolkata,New,15390,1305,344,63,48465,86333.52,8.48,26.36,4.83,37.14,769.29,1.78,78.14,March,3
2026-03-09 22:27:49.293858,Summer Sale,Email,45-54,Female,Jaipur,New,96136,6708,625,89,47274,123652.04,6.98,9.32,1.33,7.05,531.17,2.62,161.56,March,3
2026-03-10 00:12:40.472094,Monsoon Offer,Google Ads,25-34,Female,Ahmedabad,New,75942,6646,639,150,15745,351863.43,8.75,9.61,2.26,2.37,104.97,22.35,2134.76,March,3
2026-03-10 01:57:31.650330,Summer Sale,Google Ads,55+,Other,Jaipur,Returning,63492,6212,764,149,38369,272145.12,9.78,12.3,2.4,6.18,257.51,7.09,609.28,March,3
2026-03-10 03:42:22.828565,Clearance Sale,Email,55+,Male,Chennai,New,108300,9577,1675,162,13023,254679.97,8.84,17.49,1.69,1.36,80.39,19.56,1855.62,March,3
2026-03-10 05:27:14.006801,Product Launch,Google Ads,18-24,Female,Mumbai,New,108531,5028,992,79,17216,200227.12,4.63,19.73,1.57,3.42,217.92,11.63,1063.03,March,3
2026-03-10 07:12:05.185037,Clearance Sale,YouTube,35-44,Female,Bangalore,Returning,121473,10119,2228,188,27961,512786.95,8.33,22.02,1.86,2.76,148.73,18.34,1733.94,March,3
2026-03-10 08:56:56.363272,Winter Sale,Instagram,35-44,Male,Chennai,Returning,94104,6968,2424,234,33107,462493.16,7.4,34.79,3.36,4.75,141.48,13.97,1296.96,March,3
2026-03-10 10:41:47.541508,Festival Campaign,Instagram,18-24,Other,Chennai,Returning,85969,1336,245,39,37179,37547.57,1.55,18.34,2.92,27.83,953.31,1.01,0.99,March,3
2026-03-10 12:26:38.719743,Product Launch,Instagram,55+,Male,Ahmedabad,Returning,137633,12893,1876,276,23581,459737.26,9.37,14.55,2.14,1.83,85.44,19.5,1849.61,March,3
2026-03-10 14:11:29.897979,Monsoon Offer,Google Ads,55+,Female,Mumbai,Returning,132439,6878,1618,185,19773,325771.43,5.19,23.52,2.69,2.87,106.88,16.48,1547.56,March,3
2026-03-10 15:56:21.076215,Product Launch,Google Ads,35-44,Male,Pune,New,58481,1292,178,34,12417,53737.63,2.21,13.78,2.63,9.61,365.21,4.33,332.77,March,3
2026-03-10 17:41:12.254450,Product Launch,Facebook,25-34,Other,Pune,Returning,38612,1864,622,182,23022,210406.5,4.83,33.37,9.76,12.35,126.49,9.14,813.94,March,3
2026-03-10 19:26:03.432686,Diwali Campaign,Facebook,45-54,Female,Chennai,Returning,97743,6283,942,108,6792,181526.89,6.43,14.99,1.72,1.08,62.89,26.73,2572.66,March,3
2026-03-10 21:10:54.610922,Product Launch,Instagram,25-34,Other,Kolkata,Returning,27564,1696,588,79,20224,127692.87,6.15,34.67,4.66,11.92,256.0,6.31,531.39,March,3
2026-03-10 22:55:45.789157,Monsoon Offer,YouTube,55+,Other,Pune,New,58603,3617,698,126,45337,128990.46,6.17,19.3,3.48,12.53,359.82,2.85,184.51,March,3
2026-03-11 00:40:36.967393,Clearance Sale,Facebook,25-34,Male,Hyderabad,New,110403,3646,1091,241,33451,664816.97,3.3,29.92,6.61,9.17,138.8,19.87,1887.44,March,3
2026-03-11 02:25:28.145629,Product Launch,Facebook,45-54,Male,Chennai,New,141585,9478,2417,512,3234,1389236.42,6.69,25.5,5.4,0.34,6.32,429.57,42857.22,March,3
2026-03-11 04:10:19.323864,New Year Offer,Google Ads,25-34,Other,Bangalore,Returning,21324,1954,648,126,18317,302279.17,9.16,33.16,6.45,9.37,145.37,16.5,1550.27,March,3
2026-03-11 05:55:10.502100,Festival Campaign,YouTube,25-34,Other,Mumbai,New,25491,1146,285,69,25463,103663.28,4.5,24.87,6.02,22.22,369.03,4.07,307.11,March,3
2026-03-11 07:40:01.680336,Product Launch,Instagram,25-34,Female,Delhi,Returning,89229,5956,1411,375,6138,534695.54,6.67,23.69,6.3,1.03,16.37,87.11,8611.23,March,3
2026-03-11 09:24:52.858571,Festival Campaign,Facebook,25-34,Other,Nagpur,Returning,44600,1425,365,109,20192,249736.82,3.2,25.61,7.65,14.17,185.25,12.37,1136.81,March,3
2026-03-11 11:09:44.036807,New Year Offer,YouTube,18-24,Other,Jaipur,New,74179,1064,311,56,8159,113136.69,1.43,29.23,5.26,7.67,145.7,13.87,1286.65,March,3
2026-03-11 12:54:35.215043,New Year Offer,YouTube,55+,Male,Chennai,New,140047,8783,2834,847,31662,1695266.95,6.27,32.27,9.64,3.6,37.38,53.54,5254.26,March,3
2026-03-11 14:39:26.393278,Festival Campaign,Instagram,45-54,Other,Pune,New,21358,304,46,11,41452,8913.07,1.42,15.13,3.62,136.36,3768.36,0.22,-78.5,March,3
2026-03-11 16:24:17.571514,Summer Sale,YouTube,55+,Other,Jaipur,Returning,81343,6110,820,184,45020,376410.54,7.51,13.42,3.01,7.37,244.67,8.36,736.1,March,3
2026-03-11 18:09:08.749749,Winter Sale,YouTube,18-24,Male,Bangalore,New,36503,2567,229,50,3066,137732.88,7.03,8.92,1.95,1.19,61.32,44.92,4392.27,March,3
2026-03-11 19:53:59.927985,Diwali Campaign,YouTube,18-24,Female,Ahmedabad,New,62268,2692,484,135,9546,96463.06,4.32,17.98,5.01,3.55,70.71,10.11,910.51,March,3
2026-03-11 21:38:51.106221,Summer Sale,Facebook,18-24,Male,Nagpur,New,57905,2722,839,242,16985,326198.64,4.7,30.82,8.89,6.24,70.19,19.21,1820.51,March,3
2026-03-11 23:23:42.284456,Summer Sale,Instagram,18-24,Male,Kolkata,New,72668,6728,665,79,11187,140030.32,9.26,9.88,1.17,1.66,141.61,12.52,1151.72,March,3
2026-03-12 01:08:33.462692,Clearance Sale,YouTube,25-34,Other,Delhi,New,98104,1097,247,46,25337,101891.09,1.12,22.52,4.19,23.1,550.8,4.02,302.14,March,3
2026-03-12 02:53:24.640928,Diwali Campaign,YouTube,55+,Other,Ahmedabad,Returning,38106,2312,618,177,15169,128163.46,6.07,26.73,7.66,6.56,85.7,8.45,744.9,March,3
2026-03-12 04:38:15.819163,Diwali Campaign,Facebook,35-44,Female,Bangalore,Returning,68438,6371,1949,319,49131,855562.94,9.31,30.59,5.01,7.71,154.02,17.41,1641.39,March,3
2026-03-12 06:23:06.997399,Summer Sale,Instagram,45-54,Other,Pune,New,58397,5387,1279,167,13665,100427.8,9.22,23.74,3.1,2.54,81.83,7.35,634.93,March,3
2026-03-12 08:07:58.175635,Product Launch,Google Ads,18-24,Female,Hyderabad,Returning,61275,3836,499,51,7304,134855.43,6.26,13.01,1.33,1.9,143.22,18.46,1746.32,March,3
2026-03-12 09:52:49.353870,Clearance Sale,Facebook,55+,Female,Mumbai,Returning,64034,2837,965,203,37778,115533.27,4.43,34.01,7.16,13.32,186.1,3.06,205.82,March,3
2026-03-12 11:37:40.532106,Clearance Sale,Instagram,18-24,Female,Ahmedabad,Returning,89372,1689,178,41,19000,36236.14,1.89,10.54,2.43,11.25,463.41,1.91,90.72,March,3
2026-03-12 13:22:31.710342,New Year Offer,YouTube,18-24,Female,Ahmedabad,New,89722,2300,661,81,37656,202565.57,2.56,28.74,3.52,16.37,464.89,5.38,437.94,March,3
2026-03-12 15:07:22.888577,Monsoon Offer,Instagram,18-24,Other,Delhi,Returning,44432,3162,326,74,34765,196130.42,7.12,10.31,2.34,10.99,469.8,5.64,464.16,March,3
2026-03-12 16:52:14.066813,Diwali Campaign,Instagram,18-24,Male,Mumbai,New,57188,657,78,21,19752,62068.96,1.15,11.87,3.2,30.06,940.57,3.14,214.24,March,3
2026-03-12 18:37:05.245049,Summer Sale,Instagram,18-24,Male,Bangalore,Returning,138161,12367,3988,532,4762,419900.72,8.95,32.25,4.3,0.39,8.95,88.18,8717.74,March,3
2026-03-12 20:21:56.423284,New Year Offer,Google Ads,45-54,Other,Jaipur,New,41116,2586,732,78,20377,141657.97,6.29,28.31,3.02,7.88,261.24,6.95,595.19,March,3
2026-03-12 22:06:47.601520,Festival Campaign,Instagram,55+,Other,Jaipur,Returning,68738,966,172,45,20571,31180.03,1.41,17.81,4.66,21.3,457.13,1.52,51.57,March,3
2026-03-12 23:51:38.779755,Winter Sale,Google Ads,18-24,Female,Mumbai,Returning,30456,961,242,68,3002,60589.3,3.16,25.18,7.08,3.12,44.15,20.18,1918.3,March,3
2026-03-13 01:36:29.957991,Monsoon Offer,YouTube,18-24,Other,Kolkata,New,144706,9185,1868,237,30765,221887.61,6.35,20.34,2.58,3.35,129.81,7.21,621.23,March,3
2026-03-13 03:21:21.136227,Monsoon Offer,Google Ads,18-24,Male,Chennai,New,59366,783,76,18,3763,11852.47,1.32,9.71,2.3,4.81,209.06,3.15,214.97,March,3
2026-03-13 05:06:12.314462,Monsoon Offer,YouTube,18-24,Other,Kolkata,Returning,136934,10981,3016,633,27841,1729640.54,8.02,27.47,5.76,2.54,43.98,62.13,6112.57,March,3
2026-03-13 06:51:03.492698,Clearance Sale,YouTube,25-34,Other,Kolkata,New,30856,2863,819,108,38250,88115.99,9.28,28.61,3.77,13.36,354.17,2.3,130.37,March,3
2026-03-13 08:35:54.670934,Festival Campaign,Google Ads,25-34,Female,Ahmedabad,New,70615,6815,2168,566,13921,1173517.29,9.65,31.81,8.31,2.04,24.6,84.3,8329.83,March,3
2026-03-13 10:20:45.849169,Monsoon Offer,Facebook,35-44,Female,Ahmedabad,New,93126,7080,1599,293,22224,604859.72,7.6,22.58,4.14,3.14,75.85,27.22,2621.65,March,3
2026-03-13 12:05:37.027405,Festival Campaign,Email,18-24,Female,Nagpur,New,84137,7329,1918,448,24730,446482.63,8.71,26.17,6.11,3.37,55.2,18.05,1705.43,March,3
2026-03-13 13:50:28.205641,Product Launch,Instagram,35-44,Female,Pune,Returning,79005,5132,1017,148,21807,443412.17,6.5,19.82,2.88,4.25,147.34,20.33,1933.35,March,3
2026-03-13 15:35:19.383876,Monsoon Offer,Email,45-54,Male,Bangalore,New,47615,2441,405,105,24765,143684.04,5.13,16.59,4.3,10.15,235.86,5.8,480.19,March,3
2026-03-13 17:20:10.562112,Winter Sale,Instagram,35-44,Other,Bangalore,Returning,10348,767,146,20,29989,55254.72,7.41,19.04,2.61,39.1,1499.45,1.84,84.25,March,3
2026-03-13 19:05:01.740348,Festival Campaign,Instagram,55+,Other,Nagpur,Returning,46419,1400,456,73,16054,209561.96,3.02,32.57,5.21,11.47,219.92,13.05,1205.36,March,3
2026-03-13 20:49:52.918583,Festival Campaign,YouTube,25-34,Female,Ahmedabad,New,143950,2861,355,58,5475,166603.38,1.99,12.41,2.03,1.91,94.4,30.43,2942.98,March,3
2026-03-13 22:34:44.096819,Winter Sale,Instagram,25-34,Male,Delhi,New,21857,1717,252,31,41817,73844.91,7.86,14.68,1.81,24.35,1348.94,1.77,76.59,March,3
2026-03-14 00:19:35.275055,Monsoon Offer,Instagram,18-24,Male,Delhi,New,113053,10879,2650,721,45024,817983.52,9.62,24.36,6.63,4.14,62.45,18.17,1716.77,March,3
2026-03-14 02:04:26.453290,Winter Sale,Google Ads,18-24,Other,Pune,New,119608,7412,825,86,8997,68940.9,6.2,11.13,1.16,1.21,104.62,7.66,666.27,March,3
2026-03-14 03:49:17.631526,Festival Campaign,Email,45-54,Female,Mumbai,Returning,35658,1905,611,124,43192,238664.34,5.34,32.07,6.51,22.67,348.32,5.53,452.57,March,3
2026-03-14 05:34:08.809761,Winter Sale,Google Ads,45-54,Other,Ahmedabad,Returning,33267,1932,179,46,9786,64404.5,5.81,9.27,2.38,5.07,212.74,6.58,558.13,March,3
2026-03-14 07:18:59.987997,Festival Campaign,Instagram,55+,Other,Jaipur,New,120998,6420,1822,378,49181,974331.87,5.31,28.38,5.89,7.66,130.11,19.81,1881.11,March,3
2026-03-14 09:03:51.166233,Festival Campaign,YouTube,18-24,Male,Jaipur,Returning,89889,4476,809,122,24722,288221.97,4.98,18.07,2.73,5.52,202.64,11.66,1065.85,March,3
2026-03-14 10:48:42.344468,Product Launch,Google Ads,18-24,Male,Ahmedabad,New,135513,12905,1210,304,14084,362115.91,9.52,9.38,2.36,1.09,46.33,25.71,2471.12,March,3
2026-03-14 12:33:33.522704,Summer Sale,Google Ads,45-54,Other,Hyderabad,Returning,133892,7120,2190,415,24418,225153.3,5.32,30.76,5.83,3.43,58.84,9.22,822.08,March,3
2026-03-14 14:18:24.700940,Festival Campaign,Facebook,45-54,Female,Mumbai,Returning,63416,1097,277,32,7465,34985.26,1.73,25.25,2.92,6.8,233.28,4.69,368.66,March,3
2026-03-14 16:03:15.879175,Monsoon Offer,Instagram,45-54,Female,Jaipur,Returning,69048,5447,448,67,7946,128491.86,7.89,8.22,1.23,1.46,118.6,16.17,1517.06,March,3
2026-03-14 17:48:07.057411,New Year Offer,YouTube,25-34,Other,Chennai,New,59357,2685,408,85,13514,59286.96,4.52,15.2,3.17,5.03,158.99,4.39,338.71,March,3
2026-03-14 19:32:58.235647,Clearance Sale,Google Ads,35-44,Other,Kolkata,New,31497,2329,407,91,33789,195257.02,7.39,17.48,3.91,14.51,371.31,5.78,477.87,March,3
2026-03-14 21:17:49.413882,Diwali Campaign,Google Ads,35-44,Female,Ahmedabad,Returning,124009,7708,1287,258,44006,562244.1,6.22,16.7,3.35,5.71,170.57,12.78,1177.65,March,3
2026-03-14 23:02:40.592118,Summer Sale,YouTube,18-24,Female,Hyderabad,New,16258,1206,258,36,6661,33245.45,7.42,21.39,2.99,5.52,185.03,4.99,399.11,March,3
2026-03-15 00:47:31.770354,Summer Sale,Instagram,25-34,Female,Chennai,New,65959,1027,228,48,5564,95558.19,1.56,22.2,4.67,5.42,115.92,17.17,1617.44,March,3
2026-03-15 02:32:22.948589,Summer Sale,Facebook,45-54,Other,Kolkata,Returning,44902,585,109,16,7927,32278.86,1.3,18.63,2.74,13.55,495.44,4.07,307.2,March,3
2026-03-15 04:17:14.126825,Product Launch,Google Ads,18-24,Male,Kolkata,New,25454,1121,190,24,46626,40678.69,4.4,16.95,2.14,41.59,1942.75,0.87,-12.76,March,3
2026-03-15 06:02:05.305061,Festival Campaign,Facebook,25-34,Female,Pune,New,47606,3445,744,214,20139,616986.51,7.24,21.6,6.21,5.85,94.11,30.64,2963.64,March,3
2026-03-15 07:46:56.483296,Product Launch,Email,55+,Female,Mumbai,Returning,64969,1957,174,25,37220,19260.2,3.01,8.89,1.28,19.02,1488.8,0.52,-48.25,March,3
2026-03-15 09:31:47.661532,Festival Campaign,Instagram,25-34,Female,Ahmedabad,Returning,96465,4727,1201,184,9179,279047.81,4.9,25.41,3.89,1.94,49.89,30.4,2940.07,March,3
2026-03-15 11:16:38.839767,Monsoon Offer,Email,18-24,Other,Hyderabad,Returning,141857,13940,3395,941,20288,2547571.12,9.83,24.35,6.75,1.46,21.56,125.57,12457.03,March,3
2026-03-15 13:01:30.018003,Product Launch,Email,35-44,Male,Nagpur,Returning,83679,2455,381,42,5454,61562.97,2.93,15.52,1.71,2.22,129.86,11.29,1028.77,March,3
2026-03-15 14:46:21.196239,Product Launch,Email,45-54,Male,Pune,New,99628,8599,1104,230,22871,359167.78,8.63,12.84,2.67,2.66,99.44,15.7,1470.41,March,3
2026-03-15 16:31:12.374474,Clearance Sale,Instagram,55+,Female,Delhi,New,128785,10855,1082,273,39828,592596.92,8.43,9.97,2.51,3.67,145.89,14.88,1387.89,March,3
2026-03-15 18:16:03.552710,New Year Offer,Instagram,25-34,Other,Chennai,Returning,23635,2132,508,71,25188,153637.53,9.02,23.83,3.33,11.81,354.76,6.1,509.96,March,3
2026-03-15 20:00:54.730946,Product Launch,YouTube,18-24,Male,Nagpur,Returning,86518,7991,1866,495,47723,275841.17,9.24,23.35,6.19,5.97,96.41,5.78,478.0,March,3
2026-03-15 21:45:45.909181,Clearance Sale,Facebook,18-24,Other,Chennai,New,23409,1302,291,72,44738,118025.54,5.56,22.35,5.53,34.36,621.36,2.64,163.81,March,3
2026-03-15 23:30:37.087417,Winter Sale,Facebook,45-54,Male,Ahmedabad,New,28541,2037,705,131,49994,174725.13,7.14,34.61,6.43,24.54,381.63,3.49,249.49,March,3
2026-03-16 01:15:28.265653,New Year Offer,YouTube,18-24,Female,Hyderabad,New,68022,4469,998,105,16119,217270.0,6.57,22.33,2.35,3.61,153.51,13.48,1247.91,March,3
2026-03-16 03:00:19.443888,Monsoon Offer,YouTube,18-24,Other,Hyderabad,Returning,79064,2989,821,240,26872,453421.39,3.78,27.47,8.03,8.99,111.97,16.87,1587.34,March,3
2026-03-16 04:45:10.622124,Product Launch,Email,45-54,Female,Kolkata,Returning,34946,1229,135,29,49152,61687.47,3.52,10.98,2.36,39.99,1694.9,1.26,25.5,March,3
2026-03-16 06:30:01.800360,Diwali Campaign,YouTube,55+,Male,Nagpur,Returning,107616,4384,704,136,27120,290280.91,4.07,16.06,3.1,6.19,199.41,10.7,970.36,March,3
2026-03-16 08:14:52.978595,Summer Sale,Google Ads,35-44,Male,Hyderabad,Returning,111241,3299,509,139,37369,158067.97,2.97,15.43,4.21,11.33,268.84,4.23,322.99,March,3
2026-03-16 09:59:44.156831,Winter Sale,Facebook,35-44,Female,Jaipur,New,139622,10913,2570,443,32315,494459.73,7.82,23.55,4.06,2.96,72.95,15.3,1430.12,March,3
2026-03-16 11:44:35.335067,Winter Sale,YouTube,25-34,Male,Chennai,Returning,113445,10982,1859,379,32084,540342.57,9.68,16.93,3.45,2.92,84.65,16.84,1584.15,March,3
2026-03-16 13:29:26.513302,Monsoon Offer,Google Ads,55+,Female,Kolkata,Returning,125409,11048,2796,751,6843,829777.01,8.81,25.31,6.8,0.62,9.11,121.26,12025.92,March,3
2026-03-16 15:14:17.691538,Clearance Sale,Google Ads,25-34,Female,Ahmedabad,New,137280,4065,1082,180,6675,397263.64,2.96,26.62,4.43,1.64,37.08,59.52,5851.52,March,3
2026-03-16 16:59:08.869773,Winter Sale,Google Ads,35-44,Female,Hyderabad,Returning,125611,1843,164,40,15049,80286.6,1.47,8.9,2.17,8.17,376.22,5.34,433.5,March,3
2026-03-16 18:44:00.048009,New Year Offer,Google Ads,45-54,Male,Bangalore,New,31775,2482,627,85,36773,88482.24,7.81,25.26,3.42,14.82,432.62,2.41,140.62,March,3
2026-03-16 20:28:51.226245,Product Launch,Email,18-24,Other,Ahmedabad,Returning,141907,6402,714,167,3231,452613.76,4.51,11.15,2.61,0.5,19.35,140.08,13908.47,March,3
2026-03-16 22:13:42.404480,Product Launch,Google Ads,35-44,Female,Nagpur,New,24927,2099,431,82,14845,135435.84,8.42,20.53,3.91,7.07,181.04,9.12,812.33,March,3
2026-03-16 23:58:33.582716,Diwali Campaign,Email,55+,Other,Jaipur,New,145593,11666,3221,374,25960,305794.76,8.01,27.61,3.21,2.23,69.41,11.78,1077.95,March,3
2026-03-17 01:43:24.760952,Monsoon Offer,Email,35-44,Male,Mumbai,New,54086,3585,967,106,19230,109435.88,6.63,26.97,2.96,5.36,181.42,5.69,469.09,March,3
2026-03-17 03:28:15.939187,Summer Sale,Google Ads,55+,Male,Delhi,Returning,73266,2416,388,70,21517,129473.85,3.3,16.06,2.9,8.91,307.39,6.02,501.73,March,3
2026-03-17 05:13:07.117423,Clearance Sale,Facebook,55+,Other,Bangalore,Returning,104971,2032,311,73,31412,98262.38,1.94,15.31,3.59,15.46,430.3,3.13,212.82,March,3
2026-03-17 06:57:58.295659,Summer Sale,Google Ads,55+,Female,Kolkata,Returning,125210,4099,815,173,21074,454653.49,3.27,19.88,4.22,5.14,121.82,21.57,2057.41,March,3
2026-03-17 08:42:49.473894,Winter Sale,Google Ads,25-34,Male,Chennai,Returning,58440,3265,427,114,20607,197999.59,5.59,13.08,3.49,6.31,180.76,9.61,860.84,March,3
2026-03-17 10:27:40.652130,Monsoon Offer,Google Ads,45-54,Female,Nagpur,Returning,127771,12540,4303,713,40738,1988012.98,9.81,34.31,5.69,3.25,57.14,48.8,4780.0,March,3
2026-03-17 12:12:31.830366,Diwali Campaign,Facebook,35-44,Female,Nagpur,Returning,81466,1281,221,58,21587,43764.84,1.57,17.25,4.53,16.85,372.19,2.03,102.74,March,3
2026-03-17 13:57:23.008601,Summer Sale,Instagram,45-54,Other,Mumbai,New,88924,2490,819,72,12089,156346.76,2.8,32.89,2.89,4.86,167.9,12.93,1193.3,March,3
2026-03-17 15:42:14.186837,New Year Offer,Instagram,18-24,Male,Bangalore,Returning,131411,8732,2839,455,10882,1235080.27,6.64,32.51,5.21,1.25,23.92,113.5,11249.75,March,3
2026-03-17 17:27:05.365073,Product Launch,Email,35-44,Other,Chennai,Returning,63965,2391,426,40,29445,49293.05,3.74,17.82,1.67,12.31,736.12,1.67,67.41,March,3
2026-03-17 19:11:56.543308,Winter Sale,Email,45-54,Male,Delhi,New,29691,2590,384,108,44111,90635.65,8.72,14.83,4.17,17.03,408.44,2.05,105.47,March,3
2026-03-17 20:56:47.721544,Diwali Campaign,Facebook,45-54,Other,Pune,New,79178,1785,514,94,34820,154311.51,2.25,28.8,5.27,19.51,370.43,4.43,343.17,March,3
2026-03-17 22:41:38.899779,Summer Sale,YouTube,18-24,Male,Pune,Returning,29201,2823,400,59,19555,171296.8,9.67,14.17,2.09,6.93,331.44,8.76,775.97,March,3
2026-03-18 00:26:30.078015,Clearance Sale,Instagram,55+,Male,Nagpur,New,17421,1604,354,66,8524,137521.22,9.21,22.07,4.11,5.31,129.15,16.13,1513.34,March,3
2026-03-18 02:11:21.256251,New Year Offer,Email,35-44,Male,Bangalore,Returning,115351,10367,1139,224,37197,472627.1,8.99,10.99,2.16,3.59,166.06,12.71,1170.61,March,3
2026-03-18 03:56:12.434486,New Year Offer,Instagram,35-44,Female,Mumbai,New,81124,2074,382,101,24241,220054.07,2.56,18.42,4.87,11.69,240.01,9.08,807.78,March,3
2026-03-18 05:41:03.612722,Summer Sale,Facebook,18-24,Female,Nagpur,Returning,99307,3937,398,79,25201,47352.87,3.96,10.11,2.01,6.4,319.0,1.88,87.9,March,3
2026-03-18 07:25:54.790958,Product Launch,Facebook,55+,Other,Pune,New,101360,8348,1306,228,22817,368020.39,8.24,15.64,2.73,2.73,100.07,16.13,1512.92,March,3
2026-03-18 09:10:45.969193,Summer Sale,YouTube,35-44,Other,Nagpur,New,84852,7017,1821,530,38967,367782.91,8.27,25.95,7.55,5.55,73.52,9.44,843.83,March,3
2026-03-18 10:55:37.147429,Winter Sale,YouTube,35-44,Male,Pune,Returning,70245,5160,1793,525,13090,677064.71,7.35,34.75,10.17,2.54,24.93,51.72,5072.38,March,3
2026-03-18 12:40:28.325665,Summer Sale,Facebook,35-44,Male,Bangalore,Returning,118153,5946,884,78,35266,199211.81,5.03,14.87,1.31,5.93,452.13,5.65,464.88,March,3
2026-03-18 14:25:19.503900,New Year Offer,Email,55+,Female,Bangalore,New,55562,2113,439,103,20743,220489.51,3.8,20.78,4.87,9.82,201.39,10.63,962.96,March,3
2026-03-18 16:10:10.682136,Diwali Campaign,Instagram,18-24,Female,Mumbai,New,95322,9214,1851,299,43200,893690.59,9.67,20.09,3.25,4.69,144.48,20.69,1968.73,March,3
2026-03-18 17:55:01.860372,Summer Sale,Google Ads,35-44,Female,Kolkata,New,26548,598,77,17,33914,15816.56,2.25,12.88,2.84,56.71,1994.94,0.47,-53.36,March,3
2026-03-18 19:39:53.038607,Product Launch,YouTube,45-54,Other,Kolkata,New,75234,1048,256,56,49837,83587.59,1.39,24.43,5.34,47.55,889.95,1.68,67.72,March,3
2026-03-18 21:24:44.216843,Monsoon Offer,Google Ads,55+,Female,Nagpur,Returning,28340,306,84,12,19483,30289.21,1.08,27.45,3.92,63.67,1623.58,1.55,55.46,March,3
2026-03-18 23:09:35.395079,Diwali Campaign,Email,25-34,Other,Nagpur,New,79396,6332,758,225,49643,233826.53,7.98,11.97,3.55,7.84,220.64,4.71,371.02,March,3
2026-03-19 00:54:26.573314,Clearance Sale,YouTube,18-24,Female,Nagpur,New,94695,1430,406,64,22826,56595.5,1.51,28.39,4.48,15.96,356.66,2.48,147.94,March,3
2026-03-19 02:39:17.751550,Festival Campaign,Google Ads,45-54,Female,Mumbai,Returning,88254,5160,1388,304,16196,476985.54,5.85,26.9,5.89,3.14,53.28,29.45,2845.08,March,3
2026-03-19 04:24:08.929785,Summer Sale,Email,35-44,Male,Ahmedabad,Returning,120192,5175,689,178,29496,259758.29,4.31,13.31,3.44,5.7,165.71,8.81,780.66,March,3
2026-03-19 06:09:00.108021,Product Launch,Instagram,25-34,Other,Nagpur,Returning,136658,3173,809,90,14159,265546.34,2.32,25.5,2.84,4.46,157.32,18.75,1775.46,March,3
2026-03-19 07:53:51.286257,Diwali Campaign,Email,18-24,Female,Kolkata,Returning,35530,2723,507,74,30780,121406.53,7.66,18.62,2.72,11.3,415.95,3.94,294.43,March,3
2026-03-19 09:38:42.464492,Product Launch,YouTube,55+,Male,Kolkata,Returning,69003,1031,272,33,20104,87528.07,1.49,26.38,3.2,19.5,609.21,4.35,335.38,March,3
2026-03-19 11:23:33.642728,Clearance Sale,Facebook,25-34,Other,Chennai,Returning,42908,1658,354,89,21384,242072.33,3.86,21.35,5.37,12.9,240.27,11.32,1032.03,March,3
2026-03-19 13:08:24.820964,New Year Offer,Instagram,25-34,Other,Bangalore,New,125407,7599,706,180,38775,161042.27,6.06,9.29,2.37,5.1,215.42,4.15,315.33,March,3
2026-03-19 14:53:15.999199,Product Launch,Google Ads,45-54,Female,Ahmedabad,New,77186,3567,1043,142,16966,324933.2,4.62,29.24,3.98,4.76,119.48,19.15,1815.2,March,3
2026-03-19 16:38:07.177435,Diwali Campaign,YouTube,18-24,Other,Pune,New,50653,1687,388,31,30203,37014.55,3.33,23.0,1.84,17.9,974.29,1.23,22.55,March,3
2026-03-19 18:22:58.355671,Product Launch,Facebook,45-54,Male,Kolkata,Returning,140503,13114,3615,625,34797,460529.64,9.33,27.57,4.77,2.65,55.68,13.23,1223.48,March,3
2026-03-19 20:07:49.533906,Product Launch,Email,45-54,Male,Delhi,Returning,43783,4106,468,108,16696,290170.33,9.38,11.4,2.63,4.07,154.59,17.38,1637.96,March,3
2026-03-19 21:52:40.712142,Product Launch,Facebook,35-44,Other,Delhi,New,63535,3014,828,179,29865,220363.79,4.74,27.47,5.94,9.91,166.84,7.38,637.87,March,3
2026-03-19 23:37:31.890378,Winter Sale,YouTube,55+,Male,Kolkata,New,116838,5308,1017,181,25574,246777.97,4.54,19.16,3.41,4.82,141.29,9.65,864.96,March,3
2026-03-20 01:22:23.068613,Winter Sale,YouTube,25-34,Other,Delhi,Returning,98273,3701,1094,160,48170,209595.61,3.77,29.56,4.32,13.02,301.06,4.35,335.12,March,3
2026-03-20 03:07:14.246849,New Year Offer,Facebook,18-24,Male,Hyderabad,Returning,35551,3093,747,137,40880,137101.18,8.7,24.15,4.43,13.22,298.39,3.35,235.37,March,3
2026-03-20 04:52:05.425085,Summer Sale,Email,55+,Other,Ahmedabad,New,53543,3272,575,47,21115,74554.15,6.11,17.57,1.44,6.45,449.26,3.53,253.09,March,3
2026-03-20 06:36:56.603320,Product Launch,Facebook,55+,Other,Bangalore,New,60975,1101,148,14,4580,21990.25,1.81,13.44,1.27,4.16,327.14,4.8,380.14,March,3
2026-03-20 08:21:47.781556,Clearance Sale,YouTube,18-24,Other,Kolkata,New,39036,3388,1017,117,38994,178059.85,8.68,30.02,3.45,11.51,333.28,4.57,356.63,March,3
2026-03-20 10:06:38.959791,Summer Sale,YouTube,55+,Male,Kolkata,New,91083,5295,1224,266,29572,742338.0,5.81,23.12,5.02,5.58,111.17,25.1,2410.27,March,3
2026-03-20 11:51:30.138027,Clearance Sale,Google Ads,35-44,Other,Pune,New,63756,3022,1047,134,7590,180816.8,4.74,34.65,4.43,2.51,56.64,23.82,2282.3,March,3
2026-03-20 13:36:21.316263,Summer Sale,Google Ads,55+,Other,Ahmedabad,Returning,102739,4151,750,129,21236,74297.2,4.04,18.07,3.11,5.12,164.62,3.5,249.86,March,3
2026-03-20 15:21:12.494498,New Year Offer,Instagram,35-44,Female,Nagpur,New,134348,2545,674,146,19465,138129.51,1.89,26.48,5.74,7.65,133.32,7.1,609.63,March,3
2026-03-20 17:06:03.672734,Product Launch,YouTube,25-34,Female,Nagpur,New,19305,1855,460,120,6012,276449.12,9.61,24.8,6.47,3.24,50.1,45.98,4498.29,March,3
2026-03-20 18:50:54.850970,Product Launch,Google Ads,25-34,Other,Jaipur,Returning,76436,5863,1478,296,26576,585235.37,7.67,25.21,5.05,4.53,89.78,22.02,2102.12,March,3
2026-03-20 20:35:46.029205,Festival Campaign,Facebook,45-54,Female,Chennai,New,13747,300,83,9,8301,25914.03,2.18,27.67,3.0,27.67,922.33,3.12,212.18,March,3
2026-03-20 22:20:37.207441,Clearance Sale,Email,35-44,Other,Hyderabad,Returning,33245,1862,218,63,28773,140873.53,5.6,11.71,3.38,15.45,456.71,4.9,389.6,March,3
2026-03-21 00:05:28.385677,Summer Sale,Facebook,25-34,Female,Mumbai,Returning,144175,8650,1975,197,38880,194164.02,6.0,22.83,2.28,4.49,197.36,4.99,399.39,March,3
2026-03-21 01:50:19.563912,Summer Sale,Email,55+,Male,Mumbai,New,124938,3137,682,109,42356,87375.55,2.51,21.74,3.47,13.5,388.59,2.06,106.29,March,3
2026-03-21 03:35:10.742148,Monsoon Offer,Google Ads,18-24,Male,Jaipur,New,149559,7246,1249,353,26946,636070.5,4.84,17.24,4.87,3.72,76.33,23.61,2260.54,March,3
2026-03-21 05:20:01.920384,Monsoon Offer,Instagram,18-24,Other,Bangalore,Returning,105559,7190,1421,301,27491,651110.21,6.81,19.76,4.19,3.82,91.33,23.68,2268.45,March,3
2026-03-21 07:04:53.098619,Winter Sale,Facebook,35-44,Other,Mumbai,Returning,55567,1976,434,97,8381,88666.91,3.56,21.96,4.91,4.24,86.4,10.58,957.95,March,3
2026-03-21 08:49:44.276855,Festival Campaign,Facebook,45-54,Male,Nagpur,Returning,121709,4849,808,118,49835,236499.44,3.98,16.66,2.43,10.28,422.33,4.75,374.56,March,3
2026-03-21 10:34:35.455091,Diwali Campaign,Facebook,55+,Male,Delhi,New,126322,2650,421,40,37872,106502.87,2.1,15.89,1.51,14.29,946.8,2.81,181.22,March,3
2026-03-21 12:19:26.633326,Monsoon Offer,Email,35-44,Female,Chennai,New,130717,6168,1722,276,43494,640022.56,4.72,27.92,4.47,7.05,157.59,14.72,1371.52,March,3
2026-03-21 14:04:17.811562,Diwali Campaign,Google Ads,18-24,Other,Ahmedabad,New,146687,9174,899,151,45558,326232.13,6.25,9.8,1.65,4.97,301.71,7.16,616.08,March,3
2026-03-21 15:49:08.989797,Winter Sale,Facebook,35-44,Male,Nagpur,New,86004,1761,289,40,20328,98933.11,2.05,16.41,2.27,11.54,508.2,4.87,386.68,March,3
2026-03-21 17:34:00.168033,Winter Sale,Facebook,55+,Male,Pune,New,20879,1364,349,44,27469,33449.1,6.53,25.59,3.23,20.14,624.3,1.22,21.77,March,3
2026-03-21 19:18:51.346269,Winter Sale,Instagram,25-34,Other,Ahmedabad,Returning,107491,4923,671,106,11770,107015.34,4.58,13.63,2.15,2.39,111.04,9.09,809.22,March,3
2026-03-21 21:03:42.524504,Clearance Sale,Instagram,55+,Female,Mumbai,New,14590,1036,242,53,12106,31548.18,7.1,23.36,5.12,11.69,228.42,2.61,160.6,March,3
2026-03-21 22:48:33.702740,Clearance Sale,Google Ads,25-34,Female,Pune,New,20910,801,129,37,49774,31910.46,3.83,16.1,4.62,62.14,1345.24,0.64,-35.89,March,3
2026-03-22 00:33:24.880976,New Year Offer,Google Ads,25-34,Female,Ahmedabad,Returning,31574,1931,594,139,27737,386830.86,6.12,30.76,7.2,14.36,199.55,13.95,1294.64,March,3
2026-03-22 02:18:16.059211,New Year Offer,YouTube,25-34,Female,Kolkata,New,43430,2829,493,123,3774,129809.57,6.51,17.43,4.35,1.33,30.68,34.4,3339.58,March,3
2026-03-22 04:03:07.237447,Winter Sale,Instagram,35-44,Male,Hyderabad,New,65627,4734,672,99,3056,213369.06,7.21,14.2,2.09,0.65,30.87,69.82,6881.97,March,3
2026-03-22 05:47:58.415683,Festival Campaign,YouTube,18-24,Other,Nagpur,New,62239,4862,1084,111,26055,247409.91,7.81,22.3,2.28,5.36,234.73,9.5,849.57,March,3
2026-03-22 07:32:49.593918,Summer Sale,Email,35-44,Other,Pune,Returning,63913,1423,165,23,42994,48606.21,2.23,11.6,1.62,30.21,1869.3,1.13,13.05,March,3
2026-03-22 09:17:40.772154,Clearance Sale,YouTube,18-24,Male,Jaipur,Returning,108972,10556,3117,525,28765,989521.38,9.69,29.53,4.97,2.72,54.79,34.4,3340.02,March,3
2026-03-22 11:02:31.950390,Festival Campaign,Facebook,55+,Male,Hyderabad,New,103276,8874,2339,542,35648,929706.62,8.59,26.36,6.11,4.02,65.77,26.08,2508.02,March,3
2026-03-22 12:47:23.128625,Product Launch,YouTube,45-54,Male,Ahmedabad,New,62772,3804,1095,313,3545,485088.06,6.06,28.79,8.23,0.93,11.33,136.84,13583.73,March,3
2026-03-22 14:32:14.306861,Clearance Sale,Google Ads,55+,Other,Bangalore,New,75696,6822,1280,330,33765,921441.42,9.01,18.76,4.84,4.95,102.32,27.29,2628.98,March,3
2026-03-22 16:17:05.485097,Clearance Sale,Email,35-44,Other,Jaipur,Returning,110837,4923,1503,208,40674,108947.47,4.44,30.53,4.23,8.26,195.55,2.68,167.86,March,3
2026-03-22 18:01:56.663332,New Year Offer,Facebook,35-44,Other,Nagpur,Returning,112750,1475,314,81,45373,51331.65,1.31,21.29,5.49,30.76,560.16,1.13,13.13,March,3
2026-03-22 19:46:47.841568,Summer Sale,YouTube,18-24,Female,Kolkata,New,123572,9321,984,167,9395,289123.95,7.54,10.56,1.79,1.01,56.26,30.77,2977.42,March,3
2026-03-22 21:31:39.019803,Summer Sale,Email,35-44,Male,Pune,New,12918,1225,172,20,17501,26525.5,9.48,14.04,1.63,14.29,875.05,1.52,51.57,March,3
2026-03-22 23:16:30.198039,Monsoon Offer,Email,25-34,Male,Delhi,New,121683,2989,812,147,29991,223524.6,2.46,27.17,4.92,10.03,204.02,7.45,645.31,March,3
2026-03-23 01:01:21.376275,Diwali Campaign,Facebook,35-44,Male,Pune,New,35629,2420,779,158,48043,473150.17,6.79,32.19,6.53,19.85,304.07,9.85,884.85,March,3
2026-03-23 02:46:12.554510,Diwali Campaign,YouTube,18-24,Other,Hyderabad,Returning,26699,2221,234,58,6388,141394.53,8.32,10.54,2.61,2.88,110.14,22.13,2113.44,March,3
2026-03-23 04:31:03.732746,Diwali Campaign,Email,18-24,Male,Pune,Returning,122436,11197,3508,550,13821,1481435.94,9.15,31.33,4.91,1.23,25.13,107.19,10618.73,March,3
2026-03-23 06:15:54.910982,Diwali Campaign,Email,25-34,Male,Hyderabad,New,63984,2232,660,74,3571,105186.29,3.49,29.57,3.32,1.6,48.26,29.46,2845.57,March,3
2026-03-23 08:00:46.089217,Product Launch,Instagram,18-24,Female,Jaipur,Returning,61363,1324,233,23,21124,25274.73,2.16,17.6,1.74,15.95,918.43,1.2,19.65,March,3
2026-03-23 09:45:37.267453,Product Launch,Email,45-54,Other,Pune,Returning,17069,551,146,15,39695,36299.64,3.23,26.5,2.72,72.04,2646.33,0.91,-8.55,March,3
2026-03-23 11:30:28.445689,Clearance Sale,Instagram,55+,Male,Jaipur,New,116815,7241,944,272,19731,685151.74,6.2,13.04,3.76,2.72,72.54,34.72,3372.46,March,3
2026-03-23 13:15:19.623924,Winter Sale,YouTube,35-44,Other,Kolkata,New,114726,10633,3185,921,20228,1726641.17,9.27,29.95,8.66,1.9,21.96,85.36,8435.9,March,3
2026-03-23 15:00:10.802160,New Year Offer,YouTube,45-54,Other,Kolkata,New,80063,4998,1286,376,22049,1030185.02,6.24,25.73,7.52,4.41,58.64,46.72,4572.25,March,3
2026-03-23 16:45:01.980396,New Year Offer,YouTube,35-44,Other,Hyderabad,New,29099,2699,535,78,7592,227628.43,9.28,19.82,2.89,2.81,97.33,29.98,2898.27,March,3
2026-03-23 18:29:53.158631,Diwali Campaign,Google Ads,45-54,Female,Ahmedabad,Returning,25622,2031,636,77,34230,129171.48,7.93,31.31,3.79,16.85,444.55,3.77,277.36,March,3
2026-03-23 20:14:44.336867,Clearance Sale,YouTube,35-44,Other,Kolkata,New,49433,3156,371,109,13691,115176.67,6.38,11.76,3.45,4.34,125.61,8.41,741.26,March,3
2026-03-23 21:59:35.515103,Monsoon Offer,Email,25-34,Other,Chennai,New,49875,596,183,54,19599,96810.27,1.19,30.7,9.06,32.88,362.94,4.94,393.96,March,3
2026-03-23 23:44:26.693338,Festival Campaign,Facebook,18-24,Other,Pune,New,139381,5572,481,46,42381,136796.32,4.0,8.63,0.83,7.61,921.33,3.23,222.78,March,3
2026-03-24 01:29:17.871574,Winter Sale,Instagram,18-24,Male,Chennai,New,146204,2218,628,154,46860,189776.84,1.52,28.31,6.94,21.13,304.29,4.05,304.99,March,3
2026-03-24 03:14:09.049809,Clearance Sale,Google Ads,25-34,Female,Pune,Returning,104932,4092,960,137,11477,280027.77,3.9,23.46,3.35,2.8,83.77,24.4,2339.9,March,3
2026-03-24 04:59:00.228045,Winter Sale,YouTube,45-54,Male,Mumbai,New,68016,1061,284,79,11052,176561.77,1.56,26.77,7.45,10.42,139.9,15.98,1497.55,March,3
2026-03-24 06:43:51.406281,Winter Sale,YouTube,55+,Female,Jaipur,New,70891,1779,340,33,6059,34149.13,2.51,19.11,1.85,3.41,183.61,5.64,463.61,March,3
2026-03-24 08:28:42.584516,Winter Sale,Facebook,45-54,Female,Hyderabad,Returning,116966,5492,1721,474,31797,934324.06,4.7,31.34,8.63,5.79,67.08,29.38,2838.4,March,3
2026-03-24 10:13:33.762752,Clearance Sale,Facebook,18-24,Other,Nagpur,New,103343,5822,958,77,35818,99042.6,5.63,16.45,1.32,6.15,465.17,2.77,176.52,March,3
2026-03-24 11:58:24.940988,Diwali Campaign,Google Ads,55+,Other,Nagpur,New,49550,1463,225,43,41306,113327.53,2.95,15.38,2.94,28.23,960.6,2.74,174.36,March,3
2026-03-24 13:43:16.119223,New Year Offer,Instagram,35-44,Male,Bangalore,New,127295,9665,1560,239,37493,546565.26,7.59,16.14,2.47,3.88,156.87,14.58,1357.78,March,3
2026-03-24 15:28:07.297459,New Year Offer,YouTube,55+,Female,Ahmedabad,Returning,37196,2348,678,117,18410,300182.93,6.31,28.88,4.98,7.84,157.35,16.31,1530.54,March,3
2026-03-24 17:12:58.475695,Diwali Campaign,Google Ads,45-54,Other,Hyderabad,New,63849,4613,985,172,40334,171863.43,7.22,21.35,3.73,8.74,234.5,4.26,326.1,March,3
2026-03-24 18:57:49.653930,Winter Sale,Email,25-34,Other,Kolkata,New,57358,4356,980,219,14495,128429.65,7.59,22.5,5.03,3.33,66.19,8.86,786.03,March,3
2026-03-24 20:42:40.832166,Festival Campaign,Email,35-44,Other,Delhi,New,49513,3734,1137,96,10857,252126.16,7.54,30.45,2.57,2.91,113.09,23.22,2222.25,March,3
2026-03-24 22:27:32.010402,Summer Sale,Google Ads,45-54,Other,Ahmedabad,Returning,90481,8528,2601,603,46677,884531.96,9.43,30.5,7.07,5.47,77.41,18.95,1795.01,March,3
2026-03-25 00:12:23.188637,Clearance Sale,YouTube,35-44,Male,Ahmedabad,New,98915,3100,383,32,10826,30377.79,3.13,12.35,1.03,3.49,338.31,2.81,180.6,March,3
2026-03-25 01:57:14.366873,Summer Sale,Google Ads,55+,Male,Delhi,New,134790,4625,1056,127,16791,92676.78,3.43,22.83,2.75,3.63,132.21,5.52,451.94,March,3
2026-03-25 03:42:05.545109,Monsoon Offer,YouTube,18-24,Other,Jaipur,New,48877,903,102,21,7533,37616.29,1.85,11.3,2.33,8.34,358.71,4.99,399.35,March,3
2026-03-25 05:26:56.723344,Diwali Campaign,Facebook,45-54,Other,Ahmedabad,Returning,76451,4841,1522,150,22706,131297.98,6.33,31.44,3.1,4.69,151.37,5.78,478.25,March,3
2026-03-25 07:11:47.901580,Festival Campaign,Google Ads,25-34,Other,Mumbai,Returning,33848,1542,471,140,29965,268342.21,4.56,30.54,9.08,19.43,214.04,8.96,795.52,March,3
2026-03-25 08:56:39.079815,Clearance Sale,YouTube,55+,Other,Ahmedabad,New,19875,1086,335,84,19907,194734.37,5.46,30.85,7.73,18.33,236.99,9.78,878.22,March,3
2026-03-25 10:41:30.258051,Diwali Campaign,Google Ads,45-54,Other,Bangalore,New,90389,2285,617,145,28230,266458.59,2.53,27.0,6.35,12.35,194.69,9.44,843.88,March,3
2026-03-25 12:26:21.436287,Winter Sale,Google Ads,25-34,Female,Chennai,Returning,77961,5333,1098,152,40369,419405.92,6.84,20.59,2.85,7.57,265.59,10.39,938.93,March,3
2026-03-25 14:11:12.614522,New Year Offer,YouTube,45-54,Female,Nagpur,New,107976,7095,1342,121,22337,107559.81,6.57,18.91,1.71,3.15,184.6,4.82,381.53,March,3
2026-03-25 15:56:03.792758,Summer Sale,YouTube,55+,Female,Jaipur,Returning,110091,3724,695,205,21492,355651.16,3.38,18.66,5.5,5.77,104.84,16.55,1554.81,March,3
2026-03-25 17:40:54.970994,Product Launch,Instagram,45-54,Female,Hyderabad,Returning,26552,1377,134,15,45898,13619.64,5.19,9.73,1.09,33.33,3059.87,0.3,-70.33,March,3
2026-03-25 19:25:46.149229,Product Launch,Google Ads,35-44,Other,Kolkata,Returning,138682,12548,4218,1108,36972,2980248.34,9.05,33.61,8.83,2.95,33.37,80.61,7960.83,March,3
2026-03-25 21:10:37.327465,Festival Campaign,Email,55+,Female,Mumbai,New,106338,8466,1706,210,39850,594425.62,7.96,20.15,2.48,4.71,189.76,14.92,1391.66,March,3
2026-03-25 22:55:28.505701,Winter Sale,Google Ads,45-54,Female,Jaipur,Returning,86105,2619,867,140,25840,209998.56,3.04,33.1,5.35,9.87,184.57,8.13,712.69,March,3
2026-03-26 00:40:19.683936,Monsoon Offer,Google Ads,18-24,Male,Chennai,Returning,100802,8981,2850,662,31638,837013.37,8.91,31.73,7.37,3.52,47.79,26.46,2545.6,March,3
2026-03-26 02:25:10.862172,Summer Sale,YouTube,45-54,Female,Bangalore,New,78740,1264,383,110,6334,131811.93,1.61,30.3,8.7,5.01,57.58,20.81,1981.02,March,3
2026-03-26 04:10:02.040408,Winter Sale,Google Ads,35-44,Female,Chennai,New,83301,3936,940,79,3711,209296.15,4.73,23.88,2.01,0.94,46.97,56.4,5539.89,March,3
2026-03-26 05:54:53.218643,Summer Sale,Google Ads,25-34,Other,Hyderabad,New,24679,424,45,6,12104,13236.63,1.72,10.61,1.42,28.55,2017.33,1.09,9.36,March,3
2026-03-26 07:39:44.396879,Festival Campaign,Email,25-34,Female,Delhi,Returning,109421,10195,1707,423,8710,1142727.16,9.32,16.74,4.15,0.85,20.59,131.2,13019.71,March,3
2026-03-26 09:24:35.575115,Festival Campaign,YouTube,25-34,Female,Kolkata,Returning,44173,603,146,17,33351,13494.47,1.37,24.21,2.82,55.31,1961.82,0.4,-59.54,March,3
2026-03-26 11:09:26.753350,Monsoon Offer,Google Ads,18-24,Other,Delhi,New,54899,1296,108,11,45694,18590.77,2.36,8.33,0.85,35.26,4154.0,0.41,-59.31,March,3
2026-03-26 12:54:17.931586,Product Launch,Facebook,35-44,Female,Pune,Returning,57865,5344,489,44,18977,96379.7,9.24,9.15,0.82,3.55,431.3,5.08,407.88,March,3
2026-03-26 14:39:09.109821,Winter Sale,Instagram,55+,Other,Bangalore,New,48182,3006,790,150,46096,411409.04,6.24,26.28,4.99,15.33,307.31,8.93,792.5,March,3
2026-03-26 16:24:00.288057,Clearance Sale,Email,25-34,Female,Kolkata,New,49109,4005,1280,318,36099,462705.28,8.16,31.96,7.94,9.01,113.52,12.82,1181.77,March,3
2026-03-26 18:08:51.466293,Product Launch,Google Ads,35-44,Male,Hyderabad,New,145246,1666,517,150,6834,192408.78,1.15,31.03,9.0,4.1,45.56,28.15,2715.46,March,3
2026-03-26 19:53:42.644528,Winter Sale,Facebook,45-54,Male,Jaipur,New,117046,5585,700,97,11899,269894.18,4.77,12.53,1.74,2.13,122.67,22.68,2168.21,March,3
2026-03-26 21:38:33.822764,Product Launch,Google Ads,18-24,Female,Nagpur,New,75524,7446,2427,258,42978,159658.96,9.86,32.59,3.46,5.77,166.58,3.71,271.49,March,3
2026-03-26 23:23:25.001000,Clearance Sale,Google Ads,35-44,Male,Kolkata,Returning,88812,5522,1479,249,27996,423048.19,6.22,26.78,4.51,5.07,112.43,15.11,1411.1,March,3
2026-03-27 01:08:16.179235,New Year Offer,YouTube,35-44,Other,Jaipur,Returning,128942,11149,3048,281,8804,462685.16,8.65,27.34,2.52,0.79,31.33,52.55,5155.4,March,3
2026-03-27 02:53:07.357471,New Year Offer,YouTube,55+,Female,Jaipur,New,120572,11661,1890,288,10733,249160.62,9.67,16.21,2.47,0.92,37.27,23.21,2221.44,March,3
2026-03-27 04:37:58.535707,Monsoon Offer,YouTube,35-44,Other,Pune,Returning,61938,4438,1212,268,36020,398616.57,7.17,27.31,6.04,8.12,134.4,11.07,1006.65,March,3
2026-03-27 06:22:49.713942,New Year Offer,Facebook,55+,Male,Mumbai,Returning,74850,2955,802,93,12190,214504.44,3.95,27.14,3.15,4.13,131.08,17.6,1659.68,March,3
2026-03-27 08:07:40.892178,New Year Offer,Google Ads,18-24,Other,Bangalore,New,136193,5144,1237,270,17122,382636.2,3.78,24.05,5.25,3.33,63.41,22.35,2134.76,March,3
2026-03-27 09:52:32.070414,Diwali Campaign,Instagram,18-24,Male,Bangalore,Returning,60324,990,174,51,8827,64981.71,1.64,17.58,5.15,8.92,173.08,7.36,636.17,March,3
2026-03-27 11:37:23.248649,Summer Sale,Email,45-54,Male,Pune,Returning,89426,4337,1296,350,22939,859158.56,4.85,29.88,8.07,5.29,65.54,37.45,3645.41,March,3
2026-03-27 13:22:14.426885,Diwali Campaign,YouTube,55+,Male,Delhi,New,52852,4882,1626,257,11484,763749.65,9.24,33.31,5.26,2.35,44.68,66.51,6550.55,March,3
2026-03-27 15:07:05.605121,Diwali Campaign,YouTube,55+,Other,Delhi,Returning,127503,6760,2128,367,30357,898555.8,5.3,31.48,5.43,4.49,82.72,29.6,2859.96,March,3
2026-03-27 16:51:56.783356,Monsoon Offer,Google Ads,25-34,Male,Hyderabad,Returning,91657,8431,1227,211,10552,551946.08,9.2,14.55,2.5,1.25,50.01,52.31,5130.72,March,3
2026-03-27 18:36:47.961592,Diwali Campaign,Google Ads,25-34,Female,Mumbai,Returning,113500,9482,1899,511,4444,1455712.21,8.35,20.03,5.39,0.47,8.7,327.57,32656.8,March,3
2026-03-27 20:21:39.139827,New Year Offer,Facebook,45-54,Male,Jaipur,Returning,47352,4667,804,240,25406,601063.48,9.86,17.23,5.14,5.44,105.86,23.66,2265.83,March,3
2026-03-27 22:06:30.318063,Clearance Sale,Facebook,18-24,Female,Ahmedabad,Returning,15021,1431,387,101,27288,298039.46,9.53,27.04,7.06,19.07,270.18,10.92,992.2,March,3
2026-03-27 23:51:21.496299,Monsoon Offer,YouTube,25-34,Female,Ahmedabad,New,32614,2399,730,148,10793,350495.17,7.36,30.43,6.17,4.5,72.93,32.47,3147.43,March,3
2026-03-28 01:36:12.674534,Monsoon Offer,Google Ads,35-44,Female,Delhi,New,69131,6111,844,85,9677,183073.54,8.84,13.81,1.39,1.58,113.85,18.92,1791.84,March,3
2026-03-28 03:21:03.852770,Festival Campaign,Instagram,18-24,Female,Pune,New,120813,9342,3136,909,43629,2030134.58,7.73,33.57,9.73,4.67,48.0,46.53,4553.18,March,3
2026-03-28 05:05:55.031006,Monsoon Offer,Email,35-44,Other,Mumbai,New,12631,925,243,65,28498,178763.3,7.32,26.27,7.03,30.81,438.43,6.27,527.28,March,3
2026-03-28 06:50:46.209241,Festival Campaign,Google Ads,55+,Female,Chennai,New,147417,10967,1524,404,16268,891838.23,7.44,13.9,3.68,1.48,40.27,54.82,5382.16,March,3
2026-03-28 08:35:37.387477,Monsoon Offer,Google Ads,18-24,Male,Nagpur,Returning,116400,8717,1570,260,13634,624783.36,7.49,18.01,2.98,1.56,52.44,45.83,4482.54,March,3
2026-03-28 10:20:28.565713,Summer Sale,Facebook,45-54,Female,Mumbai,Returning,57674,2546,275,49,9420,50961.22,4.41,10.8,1.92,3.7,192.24,5.41,440.99,March,3
2026-03-28 12:05:19.743948,New Year Offer,Email,55+,Male,Hyderabad,New,140323,6752,1628,173,7378,481220.96,4.81,24.11,2.56,1.09,42.65,65.22,6422.38,March,3
2026-03-28 13:50:10.922184,Monsoon Offer,YouTube,55+,Other,Jaipur,New,36844,1343,168,48,21046,77665.59,3.65,12.51,3.57,15.67,438.46,3.69,269.03,March,3
2026-03-28 15:35:02.100420,New Year Offer,Google Ads,35-44,Female,Jaipur,New,81836,1910,510,146,3998,131789.58,2.33,26.7,7.64,2.09,27.38,32.96,3196.39,March,3
2026-03-28 17:19:53.278655,New Year Offer,YouTube,55+,Male,Bangalore,Returning,114148,5851,1632,221,31757,552382.42,5.13,27.89,3.78,5.43,143.7,17.39,1639.4,March,3
2026-03-28 19:04:44.456891,Product Launch,Google Ads,25-34,Other,Kolkata,Returning,15362,1397,292,68,7302,94586.81,9.09,20.9,4.87,5.23,107.38,12.95,1195.35,March,3
2026-03-28 20:49:35.635127,Monsoon Offer,YouTube,18-24,Other,Kolkata,Returning,18097,1241,130,16,10830,15364.77,6.86,10.48,1.29,8.73,676.88,1.42,41.87,March,3
2026-03-28 22:34:26.813362,Winter Sale,Email,25-34,Male,Bangalore,Returning,146671,2208,540,89,21908,101515.88,1.51,24.46,4.03,9.92,246.16,4.63,363.37,March,3
2026-03-29 00:19:17.991598,Product Launch,Facebook,35-44,Female,Hyderabad,Returning,14258,1183,213,31,49822,18208.55,8.3,18.01,2.62,42.11,1607.16,0.37,-63.45,March,3
2026-03-29 02:04:09.169833,Winter Sale,Email,35-44,Other,Jaipur,Returning,101066,9519,3202,530,9735,385075.45,9.42,33.64,5.57,1.02,18.37,39.56,3855.58,March,3
2026-03-29 03:49:00.348069,New Year Offer,Instagram,18-24,Male,Kolkata,New,82176,6956,1520,224,35898,443869.85,8.46,21.85,3.22,5.16,160.26,12.36,1136.48,March,3
2026-03-29 05:33:51.526305,New Year Offer,Facebook,55+,Female,Kolkata,Returning,47056,3551,353,55,48191,146604.95,7.55,9.94,1.55,13.57,876.2,3.04,204.22,March,3
2026-03-29 07:18:42.704540,Product Launch,Email,45-54,Other,Nagpur,New,27261,640,161,40,14609,64853.04,2.35,25.16,6.25,22.83,365.22,4.44,343.93,March,3
2026-03-29 09:03:33.882776,Product Launch,Instagram,35-44,Male,Kolkata,New,129173,5349,1553,226,46177,466722.85,4.14,29.03,4.23,8.63,204.32,10.11,910.73,March,3
2026-03-29 10:48:25.061012,Winter Sale,Google Ads,18-24,Other,Jaipur,Returning,61696,3755,463,120,36954,302919.93,6.09,12.33,3.2,9.84,307.95,8.2,719.72,March,3
2026-03-29 12:33:16.239247,Festival Campaign,Google Ads,45-54,Other,Hyderabad,Returning,25141,425,85,17,40062,23662.68,1.69,20.0,4.0,94.26,2356.59,0.59,-40.93,March,3
2026-03-29 14:18:07.417483,Winter Sale,YouTube,55+,Male,Chennai,Returning,99084,1938,543,136,43903,290466.78,1.96,28.02,7.02,22.65,322.82,6.62,561.61,March,3
2026-03-29 16:02:58.595719,Product Launch,Facebook,35-44,Other,Delhi,Returning,110904,10434,892,251,26599,345396.35,9.41,8.55,2.41,2.55,105.97,12.99,1198.53,March,3
2026-03-29 17:47:49.773954,Clearance Sale,Google Ads,18-24,Male,Mumbai,Returning,103219,7559,663,73,27373,153795.55,7.32,8.77,0.97,3.62,374.97,5.62,461.85,March,3
2026-03-29 19:32:40.952190,Product Launch,Facebook,18-24,Female,Pune,Returning,62680,2178,572,89,14004,92917.72,3.47,26.26,4.09,6.43,157.35,6.64,563.51,March,3
2026-03-29 21:17:32.130426,Clearance Sale,Google Ads,18-24,Male,Ahmedabad,Returning,28792,1136,313,28,45477,82448.78,3.95,27.55,2.46,40.03,1624.18,1.81,81.3,March,3
2026-03-29 23:02:23.308661,Summer Sale,YouTube,35-44,Female,Mumbai,Returning,118469,5283,1629,276,32219,190562.66,4.46,30.83,5.22,6.1,116.74,5.91,491.46,March,3
2026-03-30 00:47:14.486897,Product Launch,Email,45-54,Other,Nagpur,New,63100,1057,198,26,5150,45840.14,1.68,18.73,2.46,4.87,198.08,8.9,790.1,March,3
2026-03-30 02:32:05.665133,Summer Sale,YouTube,18-24,Male,Kolkata,New,134118,10263,1901,391,26226,475354.74,7.65,18.52,3.81,2.56,67.07,18.13,1712.53,March,3
2026-03-30 04:16:56.843368,Festival Campaign,Instagram,55+,Male,Hyderabad,Returning,141839,3675,842,212,17144,424444.05,2.59,22.91,5.77,4.67,80.87,24.76,2375.76,March,3
2026-03-30 06:01:48.021604,Winter Sale,Google Ads,18-24,Male,Chennai,New,36992,3050,867,162,29289,254464.33,8.25,28.43,5.31,9.6,180.8,8.69,768.81,March,3
2026-03-30 07:46:39.199839,Clearance Sale,Instagram,45-54,Male,Ahmedabad,Returning,138468,11926,3018,462,23906,585198.75,8.61,25.31,3.87,2.0,51.74,24.48,2347.92,March,3
2026-03-30 09:31:30.378075,Winter Sale,Instagram,35-44,Female,Bangalore,New,39570,2669,449,50,15458,56254.7,6.75,16.82,1.87,5.79,309.16,3.64,263.92,March,3
2026-03-30 11:16:21.556311,Summer Sale,Facebook,18-24,Female,Chennai,New,129571,10273,1783,153,41576,146305.72,7.93,17.36,1.49,4.05,271.74,3.52,251.9,March,3
2026-03-30 13:01:12.734546,Clearance Sale,Google Ads,18-24,Other,Delhi,Returning,96126,2447,699,160,34435,393151.73,2.55,28.57,6.54,14.07,215.22,11.42,1041.72,March,3
2026-03-30 14:46:03.912782,Winter Sale,Instagram,55+,Other,Kolkata,Returning,115389,7135,1600,138,30994,145658.98,6.18,22.42,1.93,4.34,224.59,4.7,369.96,March,3
2026-03-30 16:30:55.091018,Product Launch,Email,55+,Other,Pune,Returning,71580,5075,540,152,10892,369939.95,7.09,10.64,3.0,2.15,71.66,33.96,3296.44,March,3
2026-03-30 18:15:46.269253,New Year Offer,Instagram,18-24,Other,Ahmedabad,New,10744,747,90,18,8553,30826.74,6.95,12.05,2.41,11.45,475.17,3.6,260.42,March,3
2026-03-30 20:00:37.447489,Summer Sale,Email,18-24,Male,Kolkata,New,42259,868,268,42,22988,28583.94,2.05,30.88,4.84,26.48,547.33,1.24,24.34,March,3
2026-03-30 21:45:28.625725,Winter Sale,Facebook,55+,Female,Ahmedabad,Returning,66949,2744,959,85,30223,77656.57,4.1,34.95,3.1,11.01,355.56,2.57,156.95,March,3
2026-03-30 23:30:19.803960,Summer Sale,Instagram,45-54,Female,Pune,New,56589,2221,378,64,31172,174864.74,3.92,17.02,2.88,14.04,487.06,5.61,460.97,March,3
2026-03-31 01:15:10.982196,Diwali Campaign,YouTube,25-34,Female,Delhi,Returning,85122,5237,965,261,34145,523837.32,6.15,18.43,4.98,6.52,130.82,15.34,1434.16,March,3
2026-03-31 03:00:02.160432,Summer Sale,Facebook,25-34,Female,Bangalore,New,141358,11149,1356,397,10154,381450.68,7.89,12.16,3.56,0.91,25.58,37.57,3656.65,March,3
2026-03-31 04:44:53.338667,Clearance Sale,Email,18-24,Other,Jaipur,Returning,26387,1618,232,22,42907,49707.07,6.13,14.34,1.36,26.52,1950.32,1.16,15.85,March,3
2026-03-31 06:29:44.516903,Diwali Campaign,Facebook,55+,Male,Hyderabad,New,124365,9692,1886,473,18479,1210007.01,7.79,19.46,4.88,1.91,39.07,65.48,6448.01,March,3
2026-03-31 08:14:35.695139,Monsoon Offer,Instagram,35-44,Female,Chennai,Returning,32319,611,95,12,23366,15919.59,1.89,15.55,1.96,38.24,1947.17,0.68,-31.87,March,3
2026-03-31 09:59:26.873374,Clearance Sale,Google Ads,35-44,Male,Mumbai,Returning,141483,12596,3393,554,3177,1047884.37,8.9,26.94,4.4,0.25,5.73,329.83,32883.46,March,3
2026-03-31 11:44:18.051610,New Year Offer,Google Ads,25-34,Male,Bangalore,Returning,30729,1791,403,80,13802,98689.99,5.83,22.5,4.47,7.71,172.52,7.15,615.04,March,3
2026-03-31 13:29:09.229845,Diwali Campaign,Email,45-54,Male,Bangalore,New,95647,1279,386,115,40281,80517.74,1.34,30.18,8.99,31.49,350.27,2.0,99.89,March,3
2026-03-31 15:14:00.408081,Monsoon Offer,Email,25-34,Male,Nagpur,Returning,122102,8289,2284,287,44513,430147.76,6.79,27.55,3.46,5.37,155.1,9.66,866.34,March,3
2026-03-31 16:58:51.586317,Product Launch,Google Ads,18-24,Female,Ahmedabad,New,25704,1453,166,18,47349,42814.44,5.65,11.42,1.24,32.59,2630.5,0.9,-9.58,March,3
2026-03-31 18:43:42.764552,Summer Sale,Email,45-54,Female,Ahmedabad,Returning,131845,3933,445,93,10774,153143.16,2.98,11.31,2.36,2.74,115.85,14.21,1321.41,March,3
2026-03-31 20:28:33.942788,Winter Sale,Facebook,35-44,Female,Nagpur,Returning,140317,11056,3558,952,19625,1440540.24,7.88,32.18,8.61,1.78,20.61,73.4,7240.33,March,3
2026-03-31 22:13:25.121024,Festival Campaign,YouTube,55+,Other,Chennai,Returning,54449,5119,1542,343,31575,485351.16,9.4,30.12,6.7,6.17,92.06,15.37,1437.14,March,3
2026-03-31 23:58:16.299259,Summer Sale,YouTube,55+,Female,Ahmedabad,New,130247,5085,1049,164,45339,270155.9,3.9,20.63,3.23,8.92,276.46,5.96,495.86,March,3
2026-04-01 01:43:07.477495,Monsoon Offer,Facebook,18-24,Other,Jaipur,New,148268,8073,929,273,12788,353691.26,5.44,11.51,3.38,1.58,46.84,27.66,2665.81,April,4
2026-04-01 03:27:58.655731,Summer Sale,YouTube,25-34,Other,Hyderabad,New,61534,1325,427,127,43796,257868.48,2.15,32.23,9.58,33.05,344.85,5.89,488.79,April,4
2026-04-01 05:12:49.833966,New Year Offer,Instagram,18-24,Other,Mumbai,Returning,23549,2206,313,78,16749,51395.37,9.37,14.19,3.54,7.59,214.73,3.07,206.86,April,4
2026-04-01 06:57:41.012202,Product Launch,Facebook,55+,Female,Mumbai,New,19821,766,68,17,49521,42814.0,3.86,8.88,2.22,64.65,2913.0,0.86,-13.54,April,4
2026-04-01 08:42:32.190438,Festival Campaign,Email,35-44,Female,Pune,Returning,45564,1254,413,102,13196,95157.57,2.75,32.93,8.13,10.52,129.37,7.21,621.11,April,4
2026-04-01 10:27:23.368673,Diwali Campaign,Facebook,55+,Female,Pune,Returning,21073,1118,333,45,34127,93762.53,5.31,29.79,4.03,30.53,758.38,2.75,174.75,April,4
2026-04-01 12:12:14.546909,Diwali Campaign,Google Ads,45-54,Other,Hyderabad,Returning,17282,240,64,7,4300,11372.94,1.39,26.67,2.92,17.92,614.29,2.64,164.49,April,4
2026-04-01 13:57:05.725145,Diwali Campaign,Email,55+,Other,Kolkata,Returning,119966,3929,350,70,43691,170361.37,3.28,8.91,1.78,11.12,624.16,3.9,289.92,April,4
2026-04-01 15:41:56.903380,Monsoon Offer,Google Ads,55+,Male,Kolkata,Returning,20771,334,74,21,26862,53872.35,1.61,22.16,6.29,80.43,1279.14,2.01,100.55,April,4
2026-04-01 17:26:48.081616,Clearance Sale,Email,45-54,Other,Bangalore,New,71492,1534,393,107,42441,108123.6,2.15,25.62,6.98,27.67,396.64,2.55,154.76,April,4
2026-04-01 19:11:39.259851,Clearance Sale,YouTube,25-34,Other,Bangalore,New,44096,886,252,26,33591,57016.64,2.01,28.44,2.93,37.91,1291.96,1.7,69.74,April,4
2026-04-01 20:56:30.438087,Winter Sale,Facebook,55+,Female,Nagpur,Returning,22236,1968,407,37,47744,36066.44,8.85,20.68,1.88,24.26,1290.38,0.76,-24.46,April,4
2026-04-01 22:41:21.616323,Festival Campaign,Instagram,18-24,Male,Delhi,Returning,61544,5769,1946,529,26027,428487.7,9.37,33.73,9.17,4.51,49.2,16.46,1546.32,April,4
2026-04-02 00:26:12.794558,Diwali Campaign,Email,55+,Male,Pune,New,45921,2420,353,75,40055,211930.52,5.27,14.59,3.1,16.55,534.07,5.29,429.1,April,4
2026-04-02 02:11:03.972794,Clearance Sale,Email,18-24,Male,Delhi,Returning,34576,2307,227,33,17384,30062.1,6.67,9.84,1.43,7.54,526.79,1.73,72.93,April,4
2026-04-02 03:55:55.151030,Monsoon Offer,Google Ads,45-54,Female,Ahmedabad,Returning,141238,10258,1742,354,42005,378896.76,7.26,16.98,3.45,4.09,118.66,9.02,802.03,April,4
2026-04-02 05:40:46.329265,Winter Sale,YouTube,55+,Male,Mumbai,Returning,25233,1140,294,37,24410,30554.97,4.52,25.79,3.25,21.41,659.73,1.25,25.17,April,4
2026-04-02 07:25:37.507501,Product Launch,Google Ads,45-54,Male,Bangalore,Returning,11885,514,143,41,29348,68704.92,4.32,27.82,7.98,57.1,715.8,2.34,134.1,April,4
2026-04-02 09:10:28.685737,Winter Sale,Google Ads,45-54,Female,Kolkata,New,63520,4497,1256,329,39573,920877.02,7.08,27.93,7.32,8.8,120.28,23.27,2227.03,April,4
2026-04-02 10:55:19.863972,Clearance Sale,YouTube,25-34,Male,Hyderabad,Returning,109203,4794,526,153,5214,177501.32,4.39,10.97,3.19,1.09,34.08,34.04,3304.32,April,4
2026-04-02 12:40:11.042208,New Year Offer,Instagram,55+,Other,Pune,New,119759,7459,2379,288,33973,534133.53,6.23,31.89,3.86,4.55,117.96,15.72,1472.23,April,4
2026-04-02 14:25:02.220444,Monsoon Offer,Google Ads,18-24,Other,Mumbai,New,147521,8315,1295,343,27632,524325.87,5.64,15.57,4.13,3.32,80.56,18.98,1797.53,April,4
2026-04-02 16:09:53.398679,New Year Offer,Google Ads,18-24,Other,Chennai,New,116459,6661,910,184,19621,246564.33,5.72,13.66,2.76,2.95,106.64,12.57,1156.63,April,4
2026-04-02 17:54:44.576915,Diwali Campaign,Email,55+,Other,Hyderabad,New,18136,1535,377,57,3732,110031.76,8.46,24.56,3.71,2.43,65.47,29.48,2848.33,April,4
2026-04-02 19:39:35.755151,New Year Offer,YouTube,25-34,Other,Delhi,Returning,81986,6014,825,153,25547,290276.53,7.34,13.72,2.54,4.25,166.97,11.36,1036.25,April,4
2026-04-02 21:24:26.933386,Diwali Campaign,Facebook,25-34,Other,Jaipur,Returning,52999,5112,1110,319,23273,446094.86,9.65,21.71,6.24,4.55,72.96,19.17,1816.79,April,4
2026-04-02 23:09:18.111622,Diwali Campaign,Instagram,25-34,Other,Delhi,Returning,99567,8083,1534,356,38592,935001.33,8.12,18.98,4.4,4.77,108.4,24.23,2322.79,April,4
2026-04-03 00:54:09.289857,Clearance Sale,Instagram,18-24,Other,Pune,New,41052,949,135,21,5454,13291.54,2.31,14.23,2.21,5.75,259.71,2.44,143.7,April,4
2026-04-03 02:39:00.468093,New Year Offer,YouTube,45-54,Other,Hyderabad,New,24852,1900,301,90,32487,64178.64,7.65,15.84,4.74,17.1,360.97,1.98,97.55,April,4
2026-04-03 04:23:51.646329,Diwali Campaign,Email,25-34,Female,Jaipur,New,125418,8767,1713,267,33689,794846.49,6.99,19.54,3.05,3.84,126.18,23.59,2259.37,April,4
2026-04-03 06:08:42.824564,Festival Campaign,Email,18-24,Female,Ahmedabad,Returning,82603,5628,976,252,25607,597040.23,6.81,17.34,4.48,4.55,101.62,23.32,2231.55,April,4
2026-04-03 07:53:34.002800,Product Launch,YouTube,18-24,Other,Chennai,Returning,116071,6182,1131,285,48265,715299.34,5.33,18.3,4.61,7.81,169.35,14.82,1382.02,April,4
2026-04-03 09:38:25.181036,Winter Sale,Email,45-54,Female,Delhi,Returning,34272,535,149,35,14575,70236.34,1.56,27.85,6.54,27.24,416.43,4.82,381.9,April,4
2026-04-03 11:23:16.359271,Winter Sale,Instagram,55+,Female,Chennai,New,144835,13851,1737,394,43936,610562.52,9.56,12.54,2.84,3.17,111.51,13.9,1289.66,April,4
2026-04-03 13:08:07.537507,Clearance Sale,Instagram,55+,Other,Hyderabad,New,69087,5987,1493,155,5424,321325.42,8.67,24.94,2.59,0.91,34.99,59.24,5824.14,April,4
2026-04-03 14:52:58.715743,New Year Offer,Facebook,25-34,Other,Mumbai,Returning,64848,3489,917,274,41951,200420.52,5.38,26.28,7.85,12.02,153.11,4.78,377.75,April,4
2026-04-03 16:37:49.893978,New Year Offer,YouTube,25-34,Female,Hyderabad,New,40075,972,288,33,19469,79015.96,2.43,29.63,3.4,20.03,589.97,4.06,305.86,April,4
2026-04-03 18:22:41.072214,Diwali Campaign,Google Ads,45-54,Other,Kolkata,New,38692,3257,1005,212,37784,392593.81,8.42,30.86,6.51,11.6,178.23,10.39,939.05,April,4
2026-04-03 20:07:32.250450,Monsoon Offer,Google Ads,25-34,Other,Jaipur,Returning,102085,4977,611,82,33585,237130.04,4.88,12.28,1.65,6.75,409.57,7.06,606.06,April,4
2026-04-03 21:52:23.428685,Summer Sale,Facebook,45-54,Other,Mumbai,New,76414,3447,404,47,14678,98403.34,4.51,11.72,1.36,4.26,312.3,6.7,570.41,April,4
2026-04-03 23:37:14.606921,Diwali Campaign,Facebook,18-24,Other,Delhi,New,130170,9096,2237,454,8701,399171.03,6.99,24.59,4.99,0.96,19.17,45.88,4487.65,April,4
2026-04-04 01:22:05.785157,Product Launch,Email,25-34,Female,Ahmedabad,Returning,29268,2291,651,171,23098,289652.67,7.83,28.42,7.46,10.08,135.08,12.54,1154.02,April,4
2026-04-04 03:06:56.963392,Festival Campaign,Facebook,18-24,Male,Chennai,New,135887,2127,326,53,48699,34161.45,1.57,15.33,2.49,22.9,918.85,0.7,-29.85,April,4
2026-04-04 04:51:48.141628,Winter Sale,Facebook,35-44,Female,Hyderabad,New,86323,6826,1515,146,45231,345081.79,7.91,22.19,2.14,6.63,309.8,7.63,662.93,April,4
2026-04-04 06:36:39.319863,Diwali Campaign,Google Ads,45-54,Male,Nagpur,New,126985,9657,2786,605,18002,1061520.18,7.6,28.85,6.26,1.86,29.76,58.97,5796.68,April,4
2026-04-04 08:21:30.498099,Summer Sale,Email,35-44,Male,Pune,New,86872,5475,1572,390,31389,555412.04,6.3,28.71,7.12,5.73,80.48,17.69,1669.45,April,4
2026-04-04 10:06:21.676335,Summer Sale,Facebook,25-34,Male,Delhi,Returning,103274,4178,1071,155,21792,452812.89,4.05,25.63,3.71,5.22,140.59,20.78,1977.89,April,4
2026-04-04 11:51:12.854570,Diwali Campaign,Facebook,18-24,Female,Pune,Returning,50139,1245,126,29,32421,82693.39,2.48,10.12,2.33,26.04,1117.97,2.55,155.06,April,4
2026-04-04 13:36:04.032806,Clearance Sale,Email,25-34,Female,Mumbai,New,44037,847,79,7,25702,20174.56,1.92,9.33,0.83,30.34,3671.71,0.78,-21.51,April,4
2026-04-04 15:20:55.211042,Winter Sale,YouTube,35-44,Female,Kolkata,Returning,88434,893,165,26,9971,27363.07,1.01,18.48,2.91,11.17,383.5,2.74,174.43,April,4
2026-04-04 17:05:46.389277,Clearance Sale,Email,25-34,Female,Delhi,Returning,28141,804,70,12,22235,27857.09,2.86,8.71,1.49,27.66,1852.92,1.25,25.28,April,4
2026-04-04 18:50:37.567513,Festival Campaign,Google Ads,55+,Female,Kolkata,Returning,34160,1606,520,131,37165,375112.65,4.7,32.38,8.16,23.14,283.7,10.09,909.32,April,4
2026-04-04 20:35:28.745749,Summer Sale,YouTube,35-44,Male,Kolkata,New,19383,618,52,8,13157,15417.41,3.19,8.41,1.29,21.29,1644.62,1.17,17.18,April,4
2026-04-04 22:20:19.923984,Summer Sale,Instagram,25-34,Female,Ahmedabad,New,114882,4343,382,68,39924,70407.26,3.78,8.8,1.57,9.19,587.12,1.76,76.35,April,4
2026-04-05 00:05:11.102220,Product Launch,Email,18-24,Male,Mumbai,Returning,117549,5306,661,144,4530,366412.49,4.51,12.46,2.71,0.85,31.46,80.89,7988.58,April,4
2026-04-05 01:50:02.280456,Festival Campaign,Google Ads,25-34,Female,Hyderabad,Returning,61556,2323,579,125,3774,337474.45,3.77,24.92,5.38,1.62,30.19,89.42,8842.09,April,4
2026-04-05 03:34:53.458691,Summer Sale,YouTube,18-24,Female,Nagpur,Returning,67596,5084,1150,222,10985,501295.64,7.52,22.62,4.37,2.16,49.48,45.63,4463.46,April,4
2026-04-05 05:19:44.636927,Festival Campaign,Email,55+,Other,Jaipur,Returning,108236,5872,1515,230,11307,283792.9,5.43,25.8,3.92,1.93,49.16,25.1,2409.89,April,4
2026-04-05 07:04:35.815163,Winter Sale,Facebook,25-34,Male,Kolkata,New,123424,1448,465,105,10342,102557.15,1.17,32.11,7.25,7.14,98.5,9.92,891.66,April,4
2026-04-05 08:49:26.993398,New Year Offer,Email,55+,Female,Mumbai,Returning,108145,3287,666,175,33119,360618.04,3.04,20.26,5.32,10.08,189.25,10.89,988.86,April,4
2026-04-05 10:34:18.171634,Summer Sale,Instagram,35-44,Female,Ahmedabad,New,85287,6300,578,65,24631,110955.09,7.39,9.17,1.03,3.91,378.94,4.5,350.47,April,4
2026-04-05 12:19:09.349869,Product Launch,Email,18-24,Female,Delhi,New,81678,3028,866,134,20733,291042.21,3.71,28.6,4.43,6.85,154.72,14.04,1303.76,April,4
2026-04-05 14:04:00.528105,Winter Sale,YouTube,35-44,Other,Bangalore,New,55955,5193,1553,352,49278,274295.71,9.28,29.91,6.78,9.49,139.99,5.57,456.63,April,4
2026-04-05 15:48:51.706341,Diwali Campaign,YouTube,18-24,Male,Bangalore,New,61080,4528,423,104,22231,87337.52,7.41,9.34,2.3,4.91,213.76,3.93,292.86,April,4
2026-04-05 17:33:42.884576,Festival Campaign,Email,55+,Female,Nagpur,New,91793,3313,482,121,43782,170274.09,3.61,14.55,3.65,13.22,361.83,3.89,288.91,April,4
2026-04-05 19:18:34.062812,Diwali Campaign,YouTube,45-54,Female,Ahmedabad,New,113717,6422,1849,413,3626,473670.0,5.65,28.79,6.43,0.56,8.78,130.63,12963.15,April,4
2026-04-05 21:03:25.241048,Clearance Sale,Facebook,25-34,Female,Mumbai,New,77726,5444,988,182,33028,372799.08,7.0,18.15,3.34,6.07,181.47,11.29,1028.74,April,4
2026-04-05 22:48:16.419283,Winter Sale,Email,55+,Other,Ahmedabad,Returning,52882,1449,300,66,41729,93644.19,2.74,20.7,4.55,28.8,632.26,2.24,124.41,April,4
2026-04-06 00:33:07.597519,Diwali Campaign,Facebook,18-24,Female,Jaipur,New,33038,1062,320,35,34143,77347.44,3.21,30.13,3.3,32.15,975.51,2.27,126.54,April,4
2026-04-06 02:17:58.775755,Monsoon Offer,Facebook,18-24,Male,Jaipur,Returning,83630,4653,491,61,49392,147741.76,5.56,10.55,1.31,10.62,809.7,2.99,199.12,April,4
2026-04-06 04:02:49.953990,Monsoon Offer,Google Ads,18-24,Male,Hyderabad,Returning,32451,3025,795,225,48578,217781.76,9.32,26.28,7.44,16.06,215.9,4.48,348.31,April,4
2026-04-06 05:47:41.132226,Summer Sale,Email,18-24,Male,Bangalore,Returning,65352,2676,369,104,26975,291154.2,4.09,13.79,3.89,10.08,259.38,10.79,979.35,April,4
2026-04-06 07:32:32.310462,Festival Campaign,YouTube,25-34,Male,Bangalore,Returning,30521,1409,136,32,29798,78972.79,4.62,9.65,2.27,21.15,931.19,2.65,165.03,April,4
2026-04-06 09:17:23.488697,New Year Offer,Facebook,35-44,Female,Jaipur,Returning,74308,2017,522,79,30521,163289.21,2.71,25.88,3.92,15.13,386.34,5.35,435.01,April,4
2026-04-06 11:02:14.666933,Winter Sale,Google Ads,45-54,Other,Ahmedabad,New,130631,8280,933,207,17259,573870.68,6.34,11.27,2.5,2.08,83.38,33.25,3225.05,April,4
2026-04-06 12:47:05.845169,Summer Sale,Email,25-34,Other,Nagpur,New,47206,3616,1018,235,13613,273697.89,7.66,28.15,6.5,3.76,57.93,20.11,1910.56,April,4
2026-04-06 14:31:57.023404,Product Launch,Email,18-24,Other,Nagpur,Returning,79963,3970,534,103,22441,160091.15,4.96,13.45,2.59,5.65,217.87,7.13,613.39,April,4
2026-04-06 16:16:48.201640,Clearance Sale,Instagram,25-34,Female,Kolkata,Returning,136407,10574,984,240,8867,171472.19,7.75,9.31,2.27,0.84,36.95,19.34,1833.82,April,4
2026-04-06 18:01:39.379875,Festival Campaign,Instagram,55+,Other,Delhi,Returning,146628,5459,583,50,32114,82022.73,3.72,10.68,0.92,5.88,642.28,2.55,155.41,April,4
2026-04-06 19:46:30.558111,Winter Sale,Facebook,18-24,Male,Bangalore,New,116836,8602,2642,360,26589,635760.66,7.36,30.71,4.19,3.09,73.86,23.91,2291.07,April,4
2026-04-06 21:31:21.736347,Monsoon Offer,Instagram,45-54,Female,Jaipur,Returning,28772,956,172,43,14023,87727.19,3.32,17.99,4.5,14.67,326.12,6.26,525.6,April,4
2026-04-06 23:16:12.914582,Winter Sale,Facebook,18-24,Other,Ahmedabad,New,115296,9253,1495,428,25391,282521.96,8.03,16.16,4.63,2.74,59.32,11.13,1012.69,April,4
2026-04-07 01:01:04.092818,New Year Offer,YouTube,45-54,Male,Mumbai,New,32709,2772,589,160,31503,92986.41,8.47,21.25,5.77,11.36,196.89,2.95,195.17,April,4
2026-04-07 02:45:55.271054,Monsoon Offer,Facebook,45-54,Male,Delhi,Returning,146455,11979,3005,714,12211,1106503.95,8.18,25.09,5.96,1.02,17.1,90.62,8961.53,April,4
2026-04-07 04:30:46.449289,New Year Offer,Instagram,35-44,Female,Nagpur,New,11233,330,29,3,35506,2918.5,2.94,8.79,0.91,107.59,11835.33,0.08,-91.78,April,4
2026-04-07 06:15:37.627525,Product Launch,YouTube,35-44,Female,Pune,New,37146,2692,868,139,5006,333178.95,7.25,32.24,5.16,1.86,36.01,66.56,6555.59,April,4
2026-04-07 08:00:28.805761,Clearance Sale,Instagram,25-34,Other,Pune,New,139205,8139,2757,251,45522,545132.02,5.85,33.87,3.08,5.59,181.36,11.98,1097.51,April,4
2026-04-07 09:45:19.983996,Product Launch,Facebook,25-34,Other,Ahmedabad,Returning,138443,13670,2633,581,12033,763763.68,9.87,19.26,4.25,0.88,20.71,63.47,6247.24,April,4
2026-04-07 11:30:11.162232,Summer Sale,Google Ads,45-54,Other,Chennai,Returning,61450,2614,500,89,37971,54686.78,4.25,19.13,3.4,14.53,426.64,1.44,44.02,April,4
2026-04-07 13:15:02.340468,Summer Sale,Email,18-24,Female,Chennai,Returning,90325,7172,2275,468,18064,447459.04,7.94,31.72,6.53,2.52,38.6,24.77,2377.08,April,4
2026-04-07 14:59:53.518703,Product Launch,Instagram,55+,Other,Bangalore,Returning,22374,968,189,55,34904,122605.91,4.33,19.52,5.68,36.06,634.62,3.51,251.27,April,4
2026-04-07 16:44:44.696939,Clearance Sale,Facebook,55+,Other,Mumbai,Returning,60985,2788,867,146,31475,434410.19,4.57,31.1,5.24,11.29,215.58,13.8,1280.18,April,4
2026-04-07 18:29:35.875175,Product Launch,YouTube,18-24,Male,Kolkata,Returning,41012,819,71,10,6197,13161.51,2.0,8.67,1.22,7.57,619.7,2.12,112.39,April,4
2026-04-07 20:14:27.053410,Clearance Sale,Instagram,18-24,Male,Ahmedabad,Returning,94059,2969,630,71,45669,177854.34,3.16,21.22,2.39,15.38,643.23,3.89,289.44,April,4
2026-04-07 21:59:18.231646,Clearance Sale,Instagram,35-44,Male,Pune,Returning,34783,862,290,32,41434,85367.72,2.48,33.64,3.71,48.07,1294.81,2.06,106.03,April,4
2026-04-07 23:44:09.409881,Diwali Campaign,Email,55+,Other,Pune,New,53193,1294,191,37,26790,22956.73,2.43,14.76,2.86,20.7,724.05,0.86,-14.31,April,4
2026-04-08 01:29:00.588117,Monsoon Offer,Facebook,45-54,Female,Mumbai,Returning,20042,216,32,7,45024,19533.88,1.08,14.81,3.24,208.44,6432.0,0.43,-56.61,April,4
2026-04-08 03:13:51.766353,Festival Campaign,Google Ads,25-34,Male,Bangalore,New,69031,5621,1405,286,48241,476334.93,8.14,25.0,5.09,8.58,168.67,9.87,887.41,April,4
2026-04-08 04:58:42.944588,Clearance Sale,YouTube,35-44,Female,Chennai,New,53163,2770,914,248,21892,721830.17,5.21,33.0,8.95,7.9,88.27,32.97,3197.23,April,4
2026-04-08 06:43:34.122824,New Year Offer,Facebook,55+,Other,Hyderabad,Returning,98356,8102,1082,161,37486,297268.72,8.24,13.35,1.99,4.63,232.83,7.93,693.01,April,4
2026-04-08 08:28:25.301060,Clearance Sale,YouTube,18-24,Other,Bangalore,New,106788,6955,2287,482,33084,524347.93,6.51,32.88,6.93,4.76,68.64,15.85,1484.9,April,4
2026-04-08 10:13:16.479295,Clearance Sale,Instagram,55+,Male,Bangalore,New,143280,12153,3147,709,14524,2082099.57,8.48,25.89,5.83,1.2,20.49,143.36,14235.58,April,4
2026-04-08 11:58:07.657531,Clearance Sale,Email,45-54,Female,Nagpur,Returning,23796,1316,458,64,18765,70928.79,5.53,34.8,4.86,14.26,293.2,3.78,277.98,April,4
2026-04-08 13:42:58.835767,Diwali Campaign,Email,35-44,Male,Kolkata,New,100962,1864,519,86,5593,232732.82,1.85,27.84,4.61,3.0,65.03,41.61,4061.14,April,4
2026-04-08 15:27:50.014002,Monsoon Offer,Google Ads,18-24,Other,Kolkata,Returning,34320,2248,585,122,36466,113804.19,6.55,26.02,5.43,16.22,298.9,3.12,212.08,April,4
2026-04-08 17:12:41.192238,Diwali Campaign,Email,45-54,Female,Pune,New,30074,2135,640,54,10568,118093.62,7.1,29.98,2.53,4.95,195.7,11.17,1017.46,April,4
2026-04-08 18:57:32.370474,Summer Sale,Instagram,25-34,Male,Kolkata,New,37931,2518,320,88,27712,134484.15,6.64,12.71,3.49,11.01,314.91,4.85,385.29,April,4
2026-04-08 20:42:23.548709,Diwali Campaign,Google Ads,35-44,Other,Pune,Returning,28993,2380,798,83,4225,243193.77,8.21,33.53,3.49,1.78,50.9,57.56,5656.07,April,4
2026-04-08 22:27:14.726945,New Year Offer,Facebook,45-54,Male,Bangalore,New,65330,4954,617,55,16180,52906.24,7.58,12.45,1.11,3.27,294.18,3.27,226.99,April,4
2026-04-09 00:12:05.905181,New Year Offer,Email,45-54,Female,Mumbai,New,25003,1223,106,13,38470,19785.83,4.89,8.67,1.06,31.46,2959.23,0.51,-48.57,April,4
2026-04-09 01:56:57.083416,Diwali Campaign,Google Ads,18-24,Female,Hyderabad,Returning,24743,2071,555,105,37972,220441.29,8.37,26.8,5.07,18.34,361.64,5.81,480.54,April,4
2026-04-09 03:41:48.261652,Monsoon Offer,Instagram,25-34,Female,Mumbai,Returning,134291,9703,1259,191,5228,562313.75,7.23,12.98,1.97,0.54,27.37,107.56,10655.81,April,4
2026-04-09 05:26:39.439887,Product Launch,YouTube,45-54,Female,Bangalore,New,89543,1865,531,93,13648,117148.17,2.08,28.47,4.99,7.32,146.75,8.58,758.35,April,4
2026-04-09 07:11:30.618123,Festival Campaign,YouTube,35-44,Female,Jaipur,New,34300,2009,591,58,7948,86546.3,5.86,29.42,2.89,3.96,137.03,10.89,988.91,April,4
2026-04-09 08:56:21.796359,Monsoon Offer,Instagram,45-54,Male,Ahmedabad,Returning,120888,9135,1314,172,34696,284570.55,7.56,14.38,1.88,3.8,201.72,8.2,720.18,April,4
2026-04-09 10:41:12.974594,Diwali Campaign,Instagram,55+,Male,Chennai,New,116818,6985,722,73,23186,82617.84,5.98,10.34,1.05,3.32,317.62,3.56,256.33,April,4
2026-04-09 12:26:04.152830,Clearance Sale,YouTube,35-44,Male,Ahmedabad,Returning,81509,7776,1673,218,6099,554458.31,9.54,21.51,2.8,0.78,27.98,90.91,8990.97,April,4
2026-04-09 14:10:55.331066,Winter Sale,Google Ads,35-44,Male,Hyderabad,Returning,19703,377,120,28,31310,20439.69,1.91,31.83,7.43,83.05,1118.21,0.65,-34.72,April,4
2026-04-09 15:55:46.509301,Festival Campaign,YouTube,45-54,Other,Kolkata,Returning,99403,7456,2302,475,48926,1074438.04,7.5,30.87,6.37,6.56,103.0,21.96,2096.05,April,4
2026-04-09 17:40:37.687537,Festival Campaign,Instagram,18-24,Other,Ahmedabad,New,66436,5593,624,95,48667,174308.13,8.42,11.16,1.7,8.7,512.28,3.58,258.16,April,4
2026-04-09 19:25:28.865773,New Year Offer,Email,35-44,Male,Kolkata,New,31845,2332,794,109,20922,120425.1,7.32,34.05,4.67,8.97,191.94,5.76,475.59,April,4
2026-04-09 21:10:20.044008,Festival Campaign,Facebook,55+,Other,Bangalore,New,91777,4102,620,185,44561,320434.09,4.47,15.11,4.51,10.86,240.87,7.19,619.09,April,4
2026-04-09 22:55:11.222244,Diwali Campaign,Email,18-24,Other,Hyderabad,Returning,45055,2013,350,87,46024,224013.93,4.47,17.39,4.32,22.86,529.01,4.87,386.73,April,4
2026-04-10 00:40:02.400480,Clearance Sale,Email,18-24,Female,Nagpur,New,149950,9415,1132,295,34568,476013.18,6.28,12.02,3.13,3.67,117.18,13.77,1277.03,April,4
2026-04-10 02:24:53.578715,Clearance Sale,Instagram,18-24,Male,Chennai,Returning,20209,924,168,14,9978,11266.42,4.57,18.18,1.52,10.8,712.71,1.13,12.91,April,4
2026-04-10 04:09:44.756951,Summer Sale,YouTube,35-44,Other,Chennai,New,68812,6157,1549,144,15098,86688.71,8.95,25.16,2.34,2.45,104.85,5.74,474.17,April,4
2026-04-10 05:54:35.935187,Clearance Sale,Google Ads,18-24,Other,Jaipur,Returning,104035,2069,448,106,36313,259116.02,1.99,21.65,5.12,17.55,342.58,7.14,613.56,April,4
2026-04-10 07:39:27.113422,Monsoon Offer,Email,45-54,Male,Nagpur,Returning,113139,7639,2317,283,41700,375281.45,6.75,30.33,3.7,5.46,147.35,9.0,799.96,April,4
2026-04-10 09:24:18.291658,Clearance Sale,YouTube,18-24,Female,Pune,New,110838,2446,619,107,41971,302607.96,2.21,25.31,4.37,17.16,392.25,7.21,620.99,April,4
2026-04-10 11:09:09.469893,New Year Offer,Google Ads,55+,Male,Chennai,Returning,106123,6220,940,113,44143,230844.08,5.86,15.11,1.82,7.1,390.65,5.23,422.95,April,4
2026-04-10 12:54:00.648129,Clearance Sale,Email,25-34,Female,Delhi,New,38400,2857,658,78,20772,124075.36,7.44,23.03,2.73,7.27,266.31,5.97,497.32,April,4
2026-04-10 14:38:51.826365,Summer Sale,Google Ads,55+,Other,Pune,New,86511,2153,209,21,17240,40134.41,2.49,9.71,0.98,8.01,820.95,2.33,132.8,April,4
2026-04-10 16:23:43.004600,Winter Sale,YouTube,35-44,Female,Chennai,New,88121,6464,1530,322,20841,528991.78,7.34,23.67,4.98,3.22,64.72,25.38,2438.23,April,4
2026-04-10 18:08:34.182836,Diwali Campaign,Facebook,18-24,Female,Bangalore,New,125763,2842,526,127,14462,351095.02,2.26,18.51,4.47,5.09,113.87,24.28,2327.71,April,4
2026-04-10 19:53:25.361072,New Year Offer,YouTube,18-24,Male,Hyderabad,New,147948,9742,1038,96,22184,157925.25,6.58,10.65,0.99,2.28,231.08,7.12,611.89,April,4
2026-04-10 21:38:16.539307,Monsoon Offer,Instagram,45-54,Other,Hyderabad,Returning,133183,7391,1204,169,39071,128467.25,5.55,16.29,2.29,5.29,231.19,3.29,228.8,April,4
2026-04-10 23:23:07.717543,Winter Sale,Google Ads,18-24,Male,Delhi,New,100775,3711,1196,268,29029,534048.99,3.68,32.23,7.22,7.82,108.32,18.4,1739.71,April,4
2026-04-11 01:07:58.895779,New Year Offer,Facebook,55+,Male,Bangalore,Returning,53906,1080,257,42,47595,86413.01,2.0,23.8,3.89,44.07,1133.21,1.82,81.56,April,4
2026-04-11 02:52:50.074014,Product Launch,Google Ads,35-44,Other,Delhi,New,129925,9903,3207,753,26670,1817233.86,7.62,32.38,7.6,2.69,35.42,68.14,6713.78,April,4
2026-04-11 04:37:41.252250,Festival Campaign,Google Ads,25-34,Male,Kolkata,Returning,30378,1347,257,63,39054,178492.25,4.43,19.08,4.68,28.99,619.9,4.57,357.04,April,4
2026-04-11 06:22:32.430486,Product Launch,Email,18-24,Male,Mumbai,Returning,36568,650,223,19,10489,30546.38,1.78,34.31,2.92,16.14,552.05,2.91,191.22,April,4
2026-04-11 08:07:23.608721,Clearance Sale,Instagram,25-34,Female,Chennai,New,107046,8515,1508,246,20556,339527.11,7.95,17.71,2.89,2.41,83.56,16.52,1551.72,April,4
2026-04-11 09:52:14.786957,Winter Sale,Google Ads,18-24,Male,Bangalore,Returning,97332,3013,856,205,18767,354020.15,3.1,28.41,6.8,6.23,91.55,18.86,1786.4,April,4
2026-04-11 11:37:05.965193,Clearance Sale,YouTube,35-44,Other,Mumbai,New,117014,8925,1449,236,4711,649117.35,7.63,16.24,2.64,0.53,19.96,137.79,13678.76,April,4
2026-04-11 13:21:57.143428,Festival Campaign,YouTube,55+,Male,Mumbai,New,40796,2482,269,21,41264,61949.08,6.08,10.84,0.85,16.63,1964.95,1.5,50.13,April,4
2026-04-11 15:06:48.321664,New Year Offer,Email,35-44,Female,Hyderabad,New,65061,1789,545,83,28356,243031.26,2.75,30.46,4.64,15.85,341.64,8.57,757.07,April,4
2026-04-11 16:51:39.499899,Festival Campaign,Instagram,25-34,Male,Hyderabad,Returning,85597,1444,412,112,26871,120314.74,1.69,28.53,7.76,18.61,239.92,4.48,347.75,April,4
2026-04-11 18:36:30.678135,Summer Sale,Instagram,18-24,Male,Nagpur,Returning,34401,2180,657,190,20412,331025.3,6.34,30.14,8.72,9.36,107.43,16.22,1521.72,April,4
2026-04-11 20:21:21.856371,Festival Campaign,YouTube,25-34,Male,Kolkata,Returning,144882,1777,285,57,48683,65475.05,1.23,16.04,3.21,27.4,854.09,1.34,34.49,April,4
2026-04-11 22:06:13.034606,Summer Sale,Facebook,55+,Female,Bangalore,Returning,109216,1735,468,68,38018,96557.07,1.59,26.97,3.92,21.91,559.09,2.54,153.98,April,4
2026-04-11 23:51:04.212842,Festival Campaign,Email,35-44,Other,Jaipur,New,99362,7273,1013,184,7383,106574.69,7.32,13.93,2.53,1.02,40.12,14.44,1343.51,April,4
2026-04-12 01:35:55.391078,Diwali Campaign,Email,25-34,Other,Bangalore,New,14902,871,72,9,10451,8113.53,5.84,8.27,1.03,12.0,1161.22,0.78,-22.37,April,4
2026-04-12 03:20:46.569313,Summer Sale,YouTube,25-34,Female,Kolkata,Returning,95148,3745,1175,137,45028,204498.51,3.94,31.38,3.66,12.02,328.67,4.54,354.16,April,4
2026-04-12 05:05:37.747549,Winter Sale,YouTube,55+,Female,Hyderabad,Returning,59723,3495,773,145,27859,204705.43,5.85,22.12,4.15,7.97,192.13,7.35,634.79,April,4
2026-04-12 06:50:28.925785,Clearance Sale,Facebook,18-24,Male,Hyderabad,New,70599,4465,1543,373,40445,446511.35,6.32,34.56,8.35,9.06,108.43,11.04,1004.0,April,4
2026-04-12 08:35:20.104020,Monsoon Offer,Facebook,25-34,Other,Chennai,Returning,23967,1459,268,34,39256,36576.31,6.09,18.37,2.33,26.91,1154.59,0.93,-6.83,April,4
2026-04-12 10:20:11.282256,Clearance Sale,Instagram,55+,Female,Ahmedabad,New,123312,8364,2830,792,31943,1878932.31,6.78,33.84,9.47,3.82,40.33,58.82,5782.14,April,4
2026-04-12 12:05:02.460492,Product Launch,Email,18-24,Other,Hyderabad,Returning,146207,13834,3404,398,6212,492076.95,9.46,24.61,2.88,0.45,15.61,79.21,7821.39,April,4
2026-04-12 13:49:53.638727,Clearance Sale,Email,18-24,Male,Delhi,Returning,72365,3255,710,144,3916,326355.71,4.5,21.81,4.42,1.2,27.19,83.34,8233.9,April,4
2026-04-12 15:34:44.816963,New Year Offer,YouTube,35-44,Female,Chennai,Returning,89608,3324,537,134,28146,190489.41,3.71,16.16,4.03,8.47,210.04,6.77,576.79,April,4
2026-04-12 17:19:35.995199,Diwali Campaign,Instagram,55+,Other,Pune,New,95953,1291,390,49,30375,122742.46,1.35,30.21,3.8,23.53,619.9,4.04,304.09,April,4
2026-04-12 19:04:27.173434,Festival Campaign,Email,18-24,Other,Ahmedabad,New,126327,2935,891,129,14430,118432.75,2.32,30.36,4.4,4.92,111.86,8.21,720.74,April,4
2026-04-12 20:49:18.351670,Product Launch,Instagram,35-44,Male,Ahmedabad,Returning,81979,1603,308,28,33317,25032.27,1.96,19.21,1.75,20.78,1189.89,0.75,-24.87,April,4
2026-04-12 22:34:09.529905,New Year Offer,Instagram,45-54,Female,Delhi,Returning,113146,4547,1256,361,42037,793904.22,4.02,27.62,7.94,9.24,116.45,18.89,1788.58,April,4
2026-04-13 00:19:00.708141,New Year Offer,YouTube,55+,Other,Ahmedabad,Returning,112331,7290,1463,273,15759,760929.65,6.49,20.07,3.74,2.16,57.73,48.29,4728.54,April,4
2026-04-13 02:03:51.886377,Summer Sale,Instagram,45-54,Male,Jaipur,Returning,40993,580,162,15,41810,12862.0,1.41,27.93,2.59,72.09,2787.33,0.31,-69.24,April,4
2026-04-13 03:48:43.064612,Clearance Sale,Facebook,18-24,Other,Hyderabad,Returning,138238,10435,3635,954,44580,652785.51,7.55,34.83,9.14,4.27,46.73,14.64,1364.3,April,4
2026-04-13 05:33:34.242848,Winter Sale,Facebook,55+,Male,Hyderabad,Returning,84663,3874,584,119,32348,337554.57,4.58,15.07,3.07,8.35,271.83,10.44,943.51,April,4
2026-04-13 07:18:25.421084,Monsoon Offer,Google Ads,35-44,Other,Chennai,Returning,59483,5752,1444,133,17705,105511.21,9.67,25.1,2.31,3.08,133.12,5.96,495.94,April,4
2026-04-13 09:03:16.599319,Winter Sale,YouTube,18-24,Other,Kolkata,Returning,126747,7751,1415,253,28346,284857.08,6.12,18.26,3.26,3.66,112.04,10.05,904.93,April,4
2026-04-13 10:48:07.777555,Product Launch,Google Ads,55+,Male,Delhi,New,47879,3802,867,152,42499,429207.78,7.94,22.8,4.0,11.18,279.6,10.1,909.92,April,4
2026-04-13 12:32:58.955791,Diwali Campaign,Facebook,55+,Female,Hyderabad,New,13888,1215,383,42,33726,105306.38,8.75,31.52,3.46,27.76,803.0,3.12,212.24,April,4
2026-04-13 14:17:50.134026,Winter Sale,Google Ads,45-54,Male,Mumbai,New,75713,6813,1184,204,14539,276806.48,9.0,17.38,2.99,2.13,71.27,19.04,1803.89,April,4
2026-04-13 16:02:41.312262,Festival Campaign,YouTube,18-24,Female,Nagpur,New,133825,7582,754,107,6698,308836.17,5.67,9.94,1.41,0.88,62.6,46.11,4510.87,April,4
2026-04-13 17:47:32.490498,Winter Sale,YouTube,35-44,Other,Hyderabad,Returning,17426,796,235,54,35969,103686.55,4.57,29.52,6.78,45.19,666.09,2.88,188.27,April,4
2026-04-13 19:32:23.668733,Product Launch,Instagram,35-44,Other,Bangalore,New,80031,4837,1111,90,7237,61255.86,6.04,22.97,1.86,1.5,80.41,8.46,746.43,April,4
2026-04-13 21:17:14.846969,Monsoon Offer,Email,18-24,Male,Mumbai,New,20047,925,186,19,19334,42895.68,4.61,20.11,2.05,20.9,1017.58,2.22,121.87,April,4
2026-04-13 23:02:06.025205,Winter Sale,Instagram,18-24,Male,Kolkata,Returning,31366,993,128,36,22553,66354.96,3.17,12.89,3.63,22.71,626.47,2.94,194.22,April,4
2026-04-14 00:46:57.203440,Festival Campaign,YouTube,25-34,Female,Mumbai,New,35080,1373,144,25,5864,48286.75,3.91,10.49,1.82,4.27,234.56,8.23,723.44,April,4
2026-04-14 02:31:48.381676,Summer Sale,Facebook,45-54,Female,Ahmedabad,New,28788,890,138,16,42128,47764.17,3.09,15.51,1.8,47.33,2633.0,1.13,13.38,April,4
2026-04-14 04:16:39.559911,Diwali Campaign,Facebook,18-24,Female,Nagpur,New,70633,2419,663,168,18326,148056.0,3.42,27.41,6.95,7.58,109.08,8.08,707.9,April,4
2026-04-14 06:01:30.738147,Product Launch,Instagram,18-24,Male,Pune,New,137461,2532,484,129,8412,276316.68,1.84,19.12,5.09,3.32,65.21,32.85,3184.79,April,4
2026-04-14 07:46:21.916383,Summer Sale,YouTube,25-34,Other,Nagpur,New,146731,7099,1660,209,12349,344192.22,4.84,23.38,2.94,1.74,59.09,27.87,2687.21,April,4
2026-04-14 09:31:13.094618,Summer Sale,Facebook,25-34,Male,Hyderabad,Returning,43921,1369,139,32,42195,37751.45,3.12,10.15,2.34,30.82,1318.59,0.89,-10.53,April,4
2026-04-14 11:16:04.272854,Summer Sale,YouTube,55+,Other,Chennai,Returning,145233,7312,828,178,35869,397627.43,5.03,11.32,2.43,4.91,201.51,11.09,1008.55,April,4
2026-04-14 13:00:55.451090,New Year Offer,Facebook,35-44,Male,Jaipur,Returning,34982,2843,236,57,36144,123720.33,8.13,8.3,2.0,12.71,634.11,3.42,242.3,April,4
2026-04-14 14:45:46.629325,Diwali Campaign,YouTube,45-54,Male,Kolkata,New,79014,3978,1041,263,11397,694645.53,5.03,26.17,6.61,2.87,43.33,60.95,5994.99,April,4
2026-04-14 16:30:37.807561,Monsoon Offer,Google Ads,55+,Female,Chennai,New,62632,6007,909,204,14916,550223.31,9.59,15.13,3.4,2.48,73.12,36.89,3588.81,April,4
2026-04-14 18:15:28.985797,Clearance Sale,YouTube,18-24,Other,Hyderabad,New,130056,3030,1033,299,18372,569460.04,2.33,34.09,9.87,6.06,61.44,31.0,2999.61,April,4
2026-04-14 20:00:20.164032,Diwali Campaign,YouTube,25-34,Male,Chennai,Returning,85696,7414,1210,326,46017,428341.64,8.65,16.32,4.4,6.21,141.16,9.31,830.83,April,4
2026-04-14 21:45:11.342268,New Year Offer,Instagram,35-44,Male,Bangalore,New,110750,3582,638,83,39431,151387.94,3.23,17.81,2.32,11.01,475.07,3.84,283.93,April,4
2026-04-14 23:30:02.520504,Clearance Sale,Google Ads,55+,Other,Mumbai,New,68926,6482,1340,376,49246,525699.82,9.4,20.67,5.8,7.6,130.97,10.67,967.5,April,4
2026-04-15 01:14:53.698739,Diwali Campaign,Email,35-44,Male,Jaipur,New,83137,2530,420,66,25678,78763.75,3.04,16.6,2.61,10.15,389.06,3.07,206.74,April,4
2026-04-15 02:59:44.876975,Summer Sale,Instagram,25-34,Other,Hyderabad,New,79053,6104,1835,440,36828,826732.92,7.72,30.06,7.21,6.03,83.7,22.45,2144.85,April,4
2026-04-15 04:44:36.055211,Product Launch,Email,55+,Female,Ahmedabad,Returning,80338,1252,396,105,24947,225207.72,1.56,31.63,8.39,19.93,237.59,9.03,802.74,April,4
2026-04-15 06:29:27.233446,Clearance Sale,Facebook,55+,Female,Kolkata,Returning,120694,8048,667,117,8124,231242.1,6.67,8.29,1.45,1.01,69.44,28.46,2746.41,April,4
2026-04-15 08:14:18.411682,Festival Campaign,Email,35-44,Other,Ahmedabad,New,94295,2798,718,65,44849,187593.17,2.97,25.66,2.32,16.03,689.98,4.18,318.28,April,4
2026-04-15 09:59:09.589917,Festival Campaign,YouTube,25-34,Female,Mumbai,Returning,147816,10393,2756,796,32921,992285.88,7.03,26.52,7.66,3.17,41.36,30.14,2914.14,April,4
2026-04-15 11:44:00.768153,Winter Sale,Email,18-24,Other,Jaipur,Returning,98309,6608,2243,215,20946,307633.66,6.72,33.94,3.25,3.17,97.42,14.69,1368.7,April,4
2026-04-15 13:28:51.946389,Clearance Sale,Instagram,55+,Male,Mumbai,Returning,123721,11522,2074,324,22579,702790.69,9.31,18.0,2.81,1.96,69.69,31.13,3012.59,April,4
2026-04-15 15:13:43.124624,Product Launch,Instagram,18-24,Male,Delhi,New,60123,3992,529,111,48458,222099.52,6.64,13.25,2.78,12.14,436.56,4.58,358.33,April,4
2026-04-15 16:58:34.302860,Monsoon Offer,Email,25-34,Other,Ahmedabad,Returning,123732,5783,1275,134,34658,67624.23,4.67,22.05,2.32,5.99,258.64,1.95,95.12,April,4
2026-04-15 18:43:25.481096,New Year Offer,Instagram,55+,Male,Mumbai,Returning,82672,2266,455,120,36578,153685.64,2.74,20.08,5.3,16.14,304.82,4.2,320.16,April,4
2026-04-15 20:28:16.659331,Summer Sale,Instagram,55+,Female,Mumbai,New,62238,4305,1264,157,12250,178101.53,6.92,29.36,3.65,2.85,78.03,14.54,1353.89,April,4
2026-04-15 22:13:07.837567,Winter Sale,Email,18-24,Male,Chennai,Returning,23417,479,155,46,28836,119590.21,2.05,32.36,9.6,60.2,626.87,4.15,314.73,April,4
2026-04-15 23:57:59.015803,Festival Campaign,Google Ads,45-54,Male,Hyderabad,Returning,100841,8527,881,248,33163,661074.21,8.46,10.33,2.91,3.89,133.72,19.93,1893.41,April,4
2026-04-16 01:42:50.194038,New Year Offer,Google Ads,18-24,Other,Chennai,Returning,47719,1539,474,100,30122,120973.29,3.23,30.8,6.5,19.57,301.22,4.02,301.61,April,4
2026-04-16 03:27:41.372274,New Year Offer,Facebook,18-24,Female,Delhi,New,14002,800,260,58,13038,43800.32,5.71,32.5,7.25,16.3,224.79,3.36,235.94,April,4
2026-04-16 05:12:32.550510,Summer Sale,Instagram,45-54,Male,Nagpur,New,143404,9125,3006,593,7412,600711.89,6.36,32.94,6.5,0.81,12.5,81.05,8004.59,April,4
2026-04-16 06:57:23.728745,Monsoon Offer,Email,25-34,Male,Nagpur,Returning,36149,1540,441,73,7398,68723.73,4.26,28.64,4.74,4.8,101.34,9.29,828.95,April,4
2026-04-16 08:42:14.906981,Monsoon Offer,Instagram,25-34,Other,Chennai,New,104994,7323,2053,323,45085,353229.05,6.97,28.03,4.41,6.16,139.58,7.83,683.47,April,4
2026-04-16 10:27:06.085217,Clearance Sale,YouTube,55+,Other,Pune,New,108989,3544,297,82,31236,89102.2,3.25,8.38,2.31,8.81,380.93,2.85,185.25,April,4
2026-04-16 12:11:57.263452,Festival Campaign,Instagram,35-44,Female,Ahmedabad,New,95808,1256,412,85,3657,144465.71,1.31,32.8,6.77,2.91,43.02,39.5,3850.39,April,4
2026-04-16 13:56:48.441688,Monsoon Offer,Instagram,35-44,Male,Chennai,Returning,68923,6639,1161,303,35820,393628.35,9.63,17.49,4.56,5.4,118.22,10.99,998.91,April,4
2026-04-16 15:41:39.619923,Product Launch,Google Ads,55+,Other,Bangalore,Returning,27352,1061,96,18,48400,34191.98,3.88,9.05,1.7,45.62,2688.89,0.71,-29.36,April,4
2026-04-16 17:26:30.798159,Monsoon Offer,Email,35-44,Other,Bangalore,New,71081,5275,1010,149,20492,202690.15,7.42,19.15,2.82,3.88,137.53,9.89,889.12,April,4
2026-04-16 19:11:21.976395,New Year Offer,Instagram,18-24,Other,Kolkata,Returning,31645,1761,489,48,36754,121761.23,5.56,27.77,2.73,20.87,765.71,3.31,231.29,April,4
2026-04-16 20:56:13.154630,Summer Sale,Google Ads,18-24,Female,Delhi,New,35343,2481,494,74,25410,212896.61,7.02,19.91,2.98,10.24,343.38,8.38,737.85,April,4
2026-04-16 22:41:04.332866,Product Launch,Facebook,45-54,Other,Delhi,New,10645,212,60,16,11402,24156.74,1.99,28.3,7.55,53.78,712.62,2.12,111.86,April,4
2026-04-17 00:25:55.511102,Clearance Sale,Google Ads,45-54,Female,Chennai,Returning,41775,2368,515,121,36543,75464.23,5.67,21.75,5.11,15.43,302.01,2.07,106.51,April,4
2026-04-17 02:10:46.689337,Festival Campaign,Google Ads,55+,Female,Jaipur,New,14121,639,102,25,12106,27473.64,4.53,15.96,3.91,18.95,484.24,2.27,126.94,April,4
2026-04-17 03:55:37.867573,Clearance Sale,Google Ads,55+,Male,Mumbai,New,73742,3736,503,125,48238,94330.68,5.07,13.46,3.35,12.91,385.9,1.96,95.55,April,4
2026-04-17 05:40:29.045809,New Year Offer,Instagram,55+,Male,Hyderabad,New,19271,1868,361,38,26823,51752.57,9.69,19.33,2.03,14.36,705.87,1.93,92.94,April,4
2026-04-17 07:25:20.224044,Product Launch,Instagram,18-24,Female,Mumbai,New,120821,2690,241,27,36273,57045.21,2.23,8.96,1.0,13.48,1343.44,1.57,57.27,April,4
2026-04-17 09:10:11.402280,Product Launch,Facebook,35-44,Male,Mumbai,Returning,85828,6687,1297,194,39066,348670.34,7.79,19.4,2.9,5.84,201.37,8.93,792.52,April,4
2026-04-17 10:55:02.580516,Product Launch,YouTube,55+,Male,Delhi,New,105011,4172,411,60,29433,66431.35,3.97,9.85,1.44,7.05,490.55,2.26,125.7,April,4
2026-04-17 12:39:53.758751,New Year Offer,YouTube,55+,Other,Delhi,Returning,48682,1758,556,52,33731,125743.68,3.61,31.63,2.96,19.19,648.67,3.73,272.78,April,4
2026-04-17 14:24:44.936987,New Year Offer,YouTube,18-24,Male,Bangalore,New,83749,2878,677,77,23572,63810.04,3.44,23.52,2.68,8.19,306.13,2.71,170.7,April,4
2026-04-17 16:09:36.115223,Clearance Sale,Facebook,18-24,Female,Delhi,Returning,74747,3093,786,210,46197,224802.89,4.14,25.41,6.79,14.94,219.99,4.87,386.62,April,4
2026-04-17 17:54:27.293458,Winter Sale,YouTube,18-24,Male,Chennai,New,11903,501,79,16,14105,35041.89,4.21,15.77,3.19,28.15,881.56,2.48,148.44,April,4
2026-04-17 19:39:18.471694,Clearance Sale,YouTube,35-44,Other,Bangalore,New,112413,3863,544,84,22385,83419.22,3.44,14.08,2.17,5.79,266.49,3.73,272.66,April,4
2026-04-17 21:24:09.649929,Festival Campaign,Google Ads,55+,Female,Ahmedabad,Returning,96534,6764,1833,358,34741,786492.63,7.01,27.1,5.29,5.14,97.04,22.64,2163.87,April,4
2026-04-17 23:09:00.828165,Summer Sale,Instagram,25-34,Male,Mumbai,Returning,132702,1896,495,68,4951,200080.03,1.43,26.11,3.59,2.61,72.81,40.41,3941.2,April,4
2026-04-18 00:53:52.006401,Product Launch,Instagram,25-34,Female,Ahmedabad,New,28319,1130,127,26,5370,67037.96,3.99,11.24,2.3,4.75,206.54,12.48,1148.38,April,4
2026-04-18 02:38:43.184636,Winter Sale,Google Ads,55+,Male,Mumbai,New,108919,3835,553,53,41921,47701.4,3.52,14.42,1.38,10.93,790.96,1.14,13.79,April,4
2026-04-18 04:23:34.362872,Summer Sale,Google Ads,55+,Other,Mumbai,New,86178,6689,2244,625,44047,1125778.78,7.76,33.55,9.34,6.58,70.48,25.56,2455.86,April,4
2026-04-18 06:08:25.541108,Winter Sale,Google Ads,55+,Male,Kolkata,New,81991,1900,308,40,25867,62232.16,2.32,16.21,2.11,13.61,646.67,2.41,140.59,April,4
2026-04-18 07:53:16.719343,Monsoon Offer,Instagram,55+,Female,Mumbai,New,78309,7412,644,167,14581,497521.98,9.47,8.69,2.25,1.97,87.31,34.12,3312.13,April,4
2026-04-18 09:38:07.897579,Monsoon Offer,YouTube,35-44,Female,Jaipur,Returning,37377,947,92,20,30870,58220.04,2.53,9.71,2.11,32.6,1543.5,1.89,88.6,April,4
2026-04-18 11:22:59.075815,Diwali Campaign,Google Ads,25-34,Female,Ahmedabad,Returning,68336,2959,856,166,5734,135751.5,4.33,28.93,5.61,1.94,34.54,23.67,2267.48,April,4
2026-04-18 13:07:50.254050,Monsoon Offer,Facebook,45-54,Male,Mumbai,New,85312,2386,678,192,5256,532190.82,2.8,28.42,8.05,2.2,27.38,101.25,10025.4,April,4
2026-04-18 14:52:41.432286,Clearance Sale,Google Ads,25-34,Male,Pune,Returning,104941,3757,687,78,38737,76716.58,3.58,18.29,2.08,10.31,496.63,1.98,98.04,April,4
2026-04-18 16:37:32.610522,Monsoon Offer,Email,25-34,Male,Pune,Returning,69229,5433,659,70,13502,90904.01,7.85,12.13,1.29,2.49,192.89,6.73,573.26,April,4
2026-04-18 18:22:23.788757,New Year Offer,Google Ads,18-24,Other,Pune,New,75679,4001,858,129,39045,178474.07,5.29,21.44,3.22,9.76,302.67,4.57,357.1,April,4
2026-04-18 20:07:14.966993,Product Launch,Instagram,55+,Other,Chennai,Returning,35698,879,149,39,47528,47465.15,2.46,16.95,4.44,54.07,1218.67,1.0,-0.13,April,4
2026-04-18 21:52:06.145229,Clearance Sale,Google Ads,55+,Other,Bangalore,New,55169,783,141,12,6969,31597.31,1.42,18.01,1.53,8.9,580.75,4.53,353.4,April,4
2026-04-18 23:36:57.323464,Summer Sale,Email,55+,Female,Ahmedabad,Returning,108574,3332,501,66,46677,87438.85,3.07,15.04,1.98,14.01,707.23,1.87,87.33,April,4
2026-04-19 01:21:48.501700,Diwali Campaign,Facebook,18-24,Female,Mumbai,Returning,51022,4852,470,81,43688,205889.53,9.51,9.69,1.67,9.0,539.36,4.71,371.27,April,4
2026-04-19 03:06:39.679935,Diwali Campaign,YouTube,35-44,Female,Nagpur,Returning,76543,6588,1934,458,4488,1367561.45,8.61,29.36,6.95,0.68,9.8,304.72,30371.51,April,4
2026-04-19 04:51:30.858171,Diwali Campaign,Google Ads,35-44,Female,Bangalore,Returning,102955,5108,1261,183,29234,476148.4,4.96,24.69,3.58,5.72,159.75,16.29,1528.75,April,4
2026-04-19 06:36:22.036407,Summer Sale,Email,45-54,Female,Nagpur,Returning,118768,6339,1935,345,46027,471048.27,5.34,30.53,5.44,7.26,133.41,10.23,923.42,April,4
2026-04-19 08:21:13.214642,Summer Sale,Email,35-44,Male,Hyderabad,New,106416,9677,2088,321,13807,731280.05,9.09,21.58,3.32,1.43,43.01,52.96,5196.44,April,4
2026-04-19 10:06:04.392878,Summer Sale,Facebook,35-44,Female,Jaipur,Returning,148275,9374,3242,325,46977,596312.8,6.32,34.59,3.47,5.01,144.54,12.69,1169.37,April,4
2026-04-19 11:50:55.571114,Summer Sale,Instagram,55+,Male,Hyderabad,New,46492,4150,1410,341,45091,841006.41,8.93,33.98,8.22,10.87,132.23,18.65,1765.13,April,4
2026-04-19 13:35:46.749349,Diwali Campaign,Google Ads,25-34,Other,Delhi,Returning,104525,5672,869,157,37955,138590.73,5.43,15.32,2.77,6.69,241.75,3.65,265.14,April,4
2026-04-19 15:20:37.927585,Diwali Campaign,Email,35-44,Other,Bangalore,Returning,120230,3367,621,160,24594,335253.84,2.8,18.44,4.75,7.3,153.71,13.63,1263.15,April,4
2026-04-19 17:05:29.105821,Winter Sale,Facebook,35-44,Other,Nagpur,Returning,98519,7421,2101,489,19047,1190307.63,7.53,28.31,6.59,2.57,38.95,62.49,6149.32,April,4
2026-04-19 18:50:20.284056,Clearance Sale,YouTube,18-24,Other,Kolkata,New,68636,3938,1140,105,12788,252323.23,5.74,28.95,2.67,3.25,121.79,19.73,1873.13,April,4
2026-04-19 20:35:11.462292,Product Launch,Email,45-54,Other,Mumbai,Returning,65639,4605,1500,285,47486,829060.02,7.02,32.57,6.19,10.31,166.62,17.46,1645.9,April,4
2026-04-19 22:20:02.640528,Monsoon Offer,Facebook,18-24,Female,Chennai,Returning,50685,1224,313,93,48339,60080.65,2.41,25.57,7.6,39.49,519.77,1.24,24.29,April,4
2026-04-20 00:04:53.818763,Monsoon Offer,Instagram,55+,Female,Ahmedabad,New,25739,1757,365,53,19749,72315.77,6.83,20.77,3.02,11.24,372.62,3.66,266.17,April,4
2026-04-20 01:49:44.996999,New Year Offer,Instagram,25-34,Female,Mumbai,New,30704,1363,248,46,46491,77803.66,4.44,18.2,3.37,34.11,1010.67,1.67,67.35,April,4
2026-04-20 03:34:36.175235,Diwali Campaign,Email,45-54,Other,Ahmedabad,New,105688,4214,814,181,22435,230668.0,3.99,19.32,4.3,5.32,123.95,10.28,928.16,April,4
2026-04-20 05:19:27.353470,New Year Offer,Email,18-24,Other,Kolkata,Returning,57383,4041,1251,155,36551,197543.44,7.04,30.96,3.84,9.05,235.81,5.4,440.46,April,4
2026-04-20 07:04:18.531706,Clearance Sale,Google Ads,35-44,Male,Mumbai,Returning,34307,2171,748,175,46171,164556.27,6.33,34.45,8.06,21.27,263.83,3.56,256.41,April,4
2026-04-20 08:49:09.709941,Clearance Sale,Facebook,35-44,Female,Jaipur,Returning,14716,1006,94,21,42906,53179.95,6.84,9.34,2.09,42.65,2043.14,1.24,23.95,April,4
2026-04-20 10:34:00.888177,New Year Offer,Email,45-54,Other,Delhi,Returning,110924,10746,2543,413,28608,1144081.29,9.69,23.66,3.84,2.66,69.27,39.99,3899.17,April,4
2026-04-20 12:18:52.066413,Diwali Campaign,Google Ads,35-44,Other,Pune,New,52928,3869,852,121,10159,85404.03,7.31,22.02,3.13,2.63,83.96,8.41,740.67,April,4
2026-04-20 14:03:43.244648,New Year Offer,Google Ads,18-24,Other,Kolkata,New,23587,1596,289,81,41253,71867.03,6.77,18.11,5.08,25.85,509.3,1.74,74.21,April,4
2026-04-20 15:48:34.422884,Monsoon Offer,Email,18-24,Male,Delhi,Returning,11195,730,226,24,48129,25707.18,6.52,30.96,3.29,65.93,2005.38,0.53,-46.59,April,4
2026-04-20 17:33:25.601120,Winter Sale,Instagram,35-44,Other,Mumbai,New,135711,6227,1466,256,15075,453751.99,4.59,23.54,4.11,2.42,58.89,30.1,2909.96,April,4
2026-04-20 19:18:16.779355,Monsoon Offer,Facebook,35-44,Male,Nagpur,New,125982,10774,1772,440,45945,1090289.24,8.55,16.45,4.08,4.26,104.42,23.73,2273.03,April,4
2026-04-20 21:03:07.957591,Festival Campaign,Facebook,55+,Male,Delhi,New,30009,1328,265,29,42826,19680.53,4.43,19.95,2.18,32.25,1476.76,0.46,-54.05,April,4
2026-04-20 22:47:59.135827,Diwali Campaign,Instagram,25-34,Female,Chennai,Returning,116172,8483,1495,426,4462,891205.83,7.3,17.62,5.02,0.53,10.47,199.73,19873.24,April,4
2026-04-21 00:32:50.314062,Diwali Campaign,Email,45-54,Other,Delhi,New,111123,4042,792,155,33176,135367.49,3.64,19.59,3.83,8.21,214.04,4.08,308.03,April,4
2026-04-21 02:17:41.492298,Product Launch,Facebook,18-24,Male,Hyderabad,Returning,23696,552,54,10,32787,29286.43,2.33,9.78,1.81,59.4,3278.7,0.89,-10.68,April,4
2026-04-21 04:02:32.670534,Summer Sale,Email,45-54,Other,Jaipur,Returning,138733,3007,331,57,12413,156575.21,2.17,11.01,1.9,4.13,217.77,12.61,1161.38,April,4
2026-04-21 05:47:23.848769,Festival Campaign,Email,55+,Female,Kolkata,Returning,17564,1178,292,79,32811,227042.61,6.71,24.79,6.71,27.85,415.33,6.92,591.97,April,4
2026-04-21 07:32:15.027005,Clearance Sale,Google Ads,18-24,Female,Pune,New,13637,538,142,40,21050,30616.39,3.95,26.39,7.43,39.13,526.25,1.45,45.45,April,4
2026-04-21 09:17:06.205241,Diwali Campaign,Instagram,55+,Male,Mumbai,New,103695,3603,907,148,14628,254573.46,3.47,25.17,4.11,4.06,98.84,17.4,1640.32,April,4
2026-04-21 11:01:57.383476,New Year Offer,Email,55+,Female,Kolkata,New,22568,1428,408,81,42064,73962.43,6.33,28.57,5.67,29.46,519.31,1.76,75.83,April,4
2026-04-21 12:46:48.561712,Festival Campaign,YouTube,35-44,Female,Bangalore,New,103539,1274,426,63,37424,126056.0,1.23,33.44,4.95,29.38,594.03,3.37,236.83,April,4
2026-04-21 14:31:39.739947,Product Launch,Instagram,45-54,Female,Kolkata,Returning,80847,2600,812,130,36899,140640.21,3.22,31.23,5.0,14.19,283.84,3.81,281.15,April,4
2026-04-21 16:16:30.918183,Clearance Sale,Facebook,45-54,Other,Chennai,Returning,51596,2097,404,34,34247,82503.63,4.06,19.27,1.62,16.33,1007.26,2.41,140.91,April,4
2026-04-21 18:01:22.096419,Summer Sale,Google Ads,35-44,Other,Kolkata,Returning,48315,3563,494,124,3810,261640.81,7.37,13.86,3.48,1.07,30.73,68.67,6767.21,April,4
2026-04-21 19:46:13.274654,Summer Sale,Facebook,45-54,Male,Bangalore,New,27191,1605,263,77,3055,148533.88,5.9,16.39,4.8,1.9,39.68,48.62,4761.99,April,4
2026-04-21 21:31:04.452890,Product Launch,Facebook,35-44,Male,Delhi,New,127083,11061,2640,658,22907,1686498.67,8.7,23.87,5.95,2.07,34.81,73.62,7262.37,April,4
2026-04-21 23:15:55.631126,Product Launch,Instagram,18-24,Female,Hyderabad,New,30908,1239,385,74,26943,129550.51,4.01,31.07,5.97,21.75,364.09,4.81,380.83,April,4
2026-04-22 01:00:46.809361,New Year Offer,Facebook,55+,Female,Delhi,Returning,142487,5226,1408,368,22046,432263.6,3.67,26.94,7.04,4.22,59.91,19.61,1860.73,April,4
2026-04-22 02:45:37.987597,Diwali Campaign,Email,55+,Male,Delhi,Returning,50276,652,147,39,6279,80018.79,1.3,22.55,5.98,9.63,161.0,12.74,1174.39,April,4
2026-04-22 04:30:29.165833,Summer Sale,Facebook,45-54,Female,Bangalore,New,57650,5514,1337,267,4533,772339.31,9.56,24.25,4.84,0.82,16.98,170.38,16938.15,April,4
2026-04-22 06:15:20.344068,Clearance Sale,Google Ads,25-34,Male,Ahmedabad,Returning,74427,4103,913,261,39779,522756.48,5.51,22.25,6.36,9.7,152.41,13.14,1214.15,April,4
2026-04-22 08:00:11.522304,Festival Campaign,Google Ads,55+,Other,Pune,Returning,94369,5211,1783,154,20046,319403.49,5.52,34.22,2.96,3.85,130.17,15.93,1493.35,April,4
2026-04-22 09:45:02.700540,Clearance Sale,YouTube,35-44,Female,Bangalore,New,104957,9772,2934,241,23229,683687.29,9.31,30.02,2.47,2.38,96.39,29.43,2843.25,April,4
2026-04-22 11:29:53.878775,Winter Sale,Google Ads,25-34,Female,Delhi,New,87316,3151,916,89,33250,159148.71,3.61,29.07,2.82,10.55,373.6,4.79,378.64,April,4
2026-04-22 13:14:45.057011,Winter Sale,Facebook,25-34,Female,Kolkata,Returning,49871,1989,436,40,41735,119635.75,3.99,21.92,2.01,20.98,1043.38,2.87,186.66,April,4
2026-04-22 14:59:36.235247,Product Launch,Google Ads,55+,Other,Pune,New,22221,1534,260,45,27291,40461.98,6.9,16.95,2.93,17.79,606.47,1.48,48.26,April,4
2026-04-22 16:44:27.413482,New Year Offer,Instagram,55+,Other,Mumbai,Returning,31116,2509,213,61,15516,112398.58,8.06,8.49,2.43,6.18,254.36,7.24,624.4,April,4
2026-04-22 18:29:18.591718,Winter Sale,Google Ads,55+,Female,Nagpur,New,51474,3754,344,78,18624,80515.66,7.29,9.16,2.08,4.96,238.77,4.32,332.32,April,4
2026-04-22 20:14:09.769953,Summer Sale,Email,35-44,Male,Mumbai,Returning,50100,4057,357,80,42377,130665.27,8.1,8.8,1.97,10.45,529.71,3.08,208.34,April,4
2026-04-22 21:59:00.948189,Clearance Sale,Instagram,25-34,Other,Chennai,New,127982,7904,2724,448,42048,415042.78,6.18,34.46,5.67,5.32,93.86,9.87,887.07,April,4
2026-04-22 23:43:52.126425,Clearance Sale,YouTube,45-54,Female,Delhi,New,15416,1351,149,29,44199,30633.34,8.76,11.03,2.15,32.72,1524.1,0.69,-30.69,April,4
2026-04-23 01:28:43.304660,Product Launch,Email,35-44,Female,Kolkata,New,25251,1502,177,26,5004,26702.0,5.95,11.78,1.73,3.33,192.46,5.34,433.61,April,4
2026-04-23 03:13:34.482896,Diwali Campaign,Facebook,18-24,Other,Ahmedabad,Returning,64822,1986,418,81,47729,105306.35,3.06,21.05,4.08,24.03,589.25,2.21,120.63,April,4
2026-04-23 04:58:25.661132,Diwali Campaign,Facebook,55+,Male,Hyderabad,Returning,53655,3152,661,161,8434,134678.53,5.87,20.97,5.11,2.68,52.39,15.97,1496.85,April,4
2026-04-23 06:43:16.839367,Festival Campaign,Facebook,25-34,Female,Hyderabad,New,143099,10612,3484,706,40014,1781488.94,7.42,32.83,6.65,3.77,56.68,44.52,4352.16,April,4
2026-04-23 08:28:08.017603,Product Launch,Email,35-44,Male,Pune,Returning,99091,6819,680,117,39164,123047.61,6.88,9.97,1.72,5.74,334.74,3.14,214.19,April,4
2026-04-23 10:12:59.195839,Monsoon Offer,Email,18-24,Male,Ahmedabad,Returning,10315,328,111,29,43338,44701.25,3.18,33.84,8.84,132.13,1494.41,1.03,3.15,April,4
2026-04-23 11:57:50.374074,Festival Campaign,Email,35-44,Other,Nagpur,New,108834,1490,206,29,44312,15664.14,1.37,13.83,1.95,29.74,1528.0,0.35,-64.65,April,4
2026-04-23 13:42:41.552310,Monsoon Offer,Instagram,35-44,Female,Mumbai,New,118898,3890,1330,247,7561,188264.35,3.27,34.19,6.35,1.94,30.61,24.9,2389.94,April,4
2026-04-23 15:27:32.730546,Diwali Campaign,Instagram,45-54,Female,Nagpur,New,61011,6013,1359,401,36831,1099012.58,9.86,22.6,6.67,6.13,91.85,29.84,2883.93,April,4
2026-04-23 17:12:23.908781,Product Launch,Facebook,45-54,Male,Jaipur,Returning,50640,1347,344,100,4395,259290.05,2.66,25.54,7.42,3.26,43.95,59.0,5799.66,April,4
2026-04-23 18:57:15.087017,Monsoon Offer,Google Ads,35-44,Other,Mumbai,New,123802,6412,1059,86,3052,223798.33,5.18,16.52,1.34,0.48,35.49,73.33,7232.84,April,4
2026-04-23 20:42:06.265253,Product Launch,Facebook,18-24,Other,Mumbai,Returning,101331,6834,1675,330,22535,504366.57,6.74,24.51,4.83,3.3,68.29,22.38,2138.15,April,4
2026-04-23 22:26:57.443488,Product Launch,YouTube,25-34,Other,Mumbai,Returning,38798,3458,940,144,25054,122951.09,8.91,27.18,4.16,7.25,173.99,4.91,390.74,April,4
2026-04-24 00:11:48.621724,Diwali Campaign,Instagram,25-34,Male,Kolkata,Returning,118262,9274,767,110,38554,84670.99,7.84,8.27,1.19,4.16,350.49,2.2,119.62,April,4
2026-04-24 01:56:39.799959,Festival Campaign,Email,55+,Male,Bangalore,New,109371,10040,895,189,17675,380647.29,9.18,8.91,1.88,1.76,93.52,21.54,2053.59,April,4
2026-04-24 03:41:30.978195,Festival Campaign,Instagram,55+,Female,Kolkata,New,41461,2669,924,164,36912,421559.23,6.44,34.62,6.14,13.83,225.07,11.42,1042.07,April,4
2026-04-24 05:26:22.156431,Product Launch,Email,25-34,Other,Hyderabad,Returning,109031,9581,1950,470,5112,1292634.52,8.79,20.35,4.91,0.53,10.88,252.86,25186.28,April,4
2026-04-24 07:11:13.334666,Winter Sale,YouTube,35-44,Male,Kolkata,Returning,92163,3110,1034,88,16751,107520.96,3.37,33.25,2.83,5.39,190.35,6.42,541.88,April,4
2026-04-24 08:56:04.512902,New Year Offer,YouTube,35-44,Other,Nagpur,New,73496,3582,992,281,36063,366021.17,4.87,27.69,7.84,10.07,128.34,10.15,914.95,April,4
2026-04-24 10:40:55.691138,Diwali Campaign,Instagram,45-54,Male,Kolkata,New,101897,8756,1582,324,30565,243710.09,8.59,18.07,3.7,3.49,94.34,7.97,697.35,April,4
2026-04-24 12:25:46.869373,New Year Offer,Email,45-54,Female,Bangalore,New,76247,2996,361,83,40510,202190.03,3.93,12.05,2.77,13.52,488.07,4.99,399.11,April,4
2026-04-24 14:10:38.047609,New Year Offer,YouTube,55+,Other,Pune,New,103262,9129,3141,669,35021,795591.98,8.84,34.41,7.33,3.84,52.35,22.72,2171.76,April,4
2026-04-24 15:55:29.225845,Festival Campaign,Facebook,25-34,Male,Ahmedabad,New,91085,3887,924,274,42046,466436.69,4.27,23.77,7.05,10.82,153.45,11.09,1009.35,April,4
2026-04-24 17:40:20.404080,Festival Campaign,Facebook,35-44,Other,Pune,New,137061,5853,772,229,5425,646293.71,4.27,13.19,3.91,0.93,23.69,119.13,11813.25,April,4
2026-04-24 19:25:11.582316,Winter Sale,Email,25-34,Male,Jaipur,New,68852,2603,687,147,10219,349939.28,3.78,26.39,5.65,3.93,69.52,34.24,3324.4,April,4
2026-04-24 21:10:02.760552,New Year Offer,Instagram,18-24,Male,Hyderabad,New,118293,7005,734,169,42779,106781.76,5.92,10.48,2.41,6.11,253.13,2.5,149.61,April,4
2026-04-24 22:54:53.938787,New Year Offer,YouTube,25-34,Male,Jaipur,New,12560,271,85,18,5627,9366.96,2.16,31.37,6.64,20.76,312.61,1.66,66.46,April,4
2026-04-25 00:39:45.117023,Product Launch,Instagram,18-24,Other,Jaipur,Returning,29944,398,41,6,40573,14811.12,1.33,10.3,1.51,101.94,6762.17,0.37,-63.5,April,4
2026-04-25 02:24:36.295259,Festival Campaign,Facebook,45-54,Male,Ahmedabad,New,77713,7053,1014,124,19365,233275.07,9.08,14.38,1.76,2.75,156.17,12.05,1104.62,April,4
2026-04-25 04:09:27.473494,New Year Offer,YouTube,45-54,Female,Ahmedabad,New,30098,2817,294,49,17199,112740.97,9.36,10.44,1.74,6.11,351.0,6.56,555.51,April,4
2026-04-25 05:54:18.651730,Clearance Sale,Instagram,55+,Other,Bangalore,Returning,37475,631,68,15,27002,13380.57,1.68,10.78,2.38,42.79,1800.13,0.5,-50.45,April,4
2026-04-25 07:39:09.829965,Winter Sale,Google Ads,25-34,Female,Bangalore,New,126338,7513,1663,153,11701,410058.3,5.95,22.13,2.04,1.56,76.48,35.04,3404.47,April,4
2026-04-25 09:24:01.008201,Monsoon Offer,Email,25-34,Female,Pune,New,12948,758,201,38,10935,92465.87,5.85,26.52,5.01,14.43,287.76,8.46,745.6,April,4
2026-04-25 11:08:52.186437,Clearance Sale,Email,18-24,Other,Bangalore,Returning,143592,6248,1829,310,20845,845400.16,4.35,29.27,4.96,3.34,67.24,40.56,3955.65,April,4
2026-04-25 12:53:43.364672,Clearance Sale,Google Ads,45-54,Male,Bangalore,New,137294,8402,2248,440,9920,595205.69,6.12,26.76,5.24,1.18,22.55,60.0,5900.06,April,4
2026-04-25 14:38:34.542908,Monsoon Offer,Facebook,18-24,Female,Chennai,Returning,72976,3738,665,179,17261,212878.07,5.12,17.79,4.79,4.62,96.43,12.33,1133.29,April,4
2026-04-25 16:23:25.721144,Diwali Campaign,YouTube,45-54,Other,Delhi,Returning,24020,1298,299,27,21383,23741.87,5.4,23.04,2.08,16.47,791.96,1.11,11.03,April,4
2026-04-25 18:08:16.899379,Diwali Campaign,Email,18-24,Male,Pune,New,102816,8017,2649,656,37738,1853345.15,7.8,33.04,8.18,4.71,57.53,49.11,4811.08,April,4
2026-04-25 19:53:08.077615,Winter Sale,Google Ads,45-54,Other,Ahmedabad,Returning,74566,4275,789,178,4551,167689.0,5.73,18.46,4.16,1.06,25.57,36.85,3584.66,April,4
2026-04-25 21:37:59.255851,Clearance Sale,Google Ads,18-24,Other,Pune,Returning,119014,4656,689,86,23235,68653.21,3.91,14.8,1.85,4.99,270.17,2.95,195.47,April,4
2026-04-25 23:22:50.434086,New Year Offer,Facebook,45-54,Other,Ahmedabad,Returning,77792,4848,1067,257,19485,252295.75,6.23,22.01,5.3,4.02,75.82,12.95,1194.82,April,4
2026-04-26 01:07:41.612322,Festival Campaign,Facebook,18-24,Male,Kolkata,Returning,115656,7826,1254,237,43851,575543.67,6.77,16.02,3.03,5.6,185.03,13.12,1212.5,April,4
2026-04-26 02:52:32.790558,Winter Sale,Instagram,25-34,Female,Delhi,New,103248,7186,1082,201,20844,547488.44,6.96,15.06,2.8,2.9,103.7,26.27,2526.6,April,4
2026-04-26 04:37:23.968793,Product Launch,Email,55+,Female,Chennai,Returning,88372,5801,1683,313,30422,791039.78,6.56,29.01,5.4,5.24,97.19,26.0,2500.22,April,4
2026-04-26 06:22:15.147029,Monsoon Offer,Instagram,18-24,Other,Chennai,Returning,14358,1002,321,92,28309,175544.87,6.98,32.04,9.18,28.25,307.71,6.2,520.1,April,4
2026-04-26 08:07:06.325265,Clearance Sale,Google Ads,55+,Other,Nagpur,New,42039,1593,343,98,47052,292501.64,3.79,21.53,6.15,29.54,480.12,6.22,521.66,April,4
2026-04-26 09:51:57.503500,Winter Sale,YouTube,25-34,Male,Hyderabad,Returning,129985,6519,1894,532,30010,357575.91,5.02,29.05,8.16,4.6,56.41,11.92,1091.52,April,4
2026-04-26 11:36:48.681736,Summer Sale,YouTube,25-34,Other,Ahmedabad,New,31245,2192,286,78,35859,208102.38,7.02,13.05,3.56,16.36,459.73,5.8,480.34,April,4
2026-04-26 13:21:39.859971,Summer Sale,Facebook,45-54,Other,Hyderabad,Returning,139024,10829,2467,217,4819,340534.77,7.79,22.78,2.0,0.45,22.21,70.67,6966.5,April,4
2026-04-26 15:06:31.038207,Diwali Campaign,YouTube,55+,Other,Kolkata,New,27259,1337,336,56,20540,91717.13,4.9,25.13,4.19,15.36,366.79,4.47,346.53,April,4
2026-04-26 16:51:22.216443,Monsoon Offer,YouTube,35-44,Female,Chennai,Returning,71086,3048,647,179,7934,146598.71,4.29,21.23,5.87,2.6,44.32,18.48,1747.73,April,4
2026-04-26 18:36:13.394678,Festival Campaign,YouTube,45-54,Other,Kolkata,New,86747,6456,720,177,11696,103294.09,7.44,11.15,2.74,1.81,66.08,8.83,783.16,April,4
2026-04-26 20:21:04.572914,New Year Offer,Google Ads,55+,Female,Jaipur,Returning,140196,4205,1169,210,33148,271229.87,3.0,27.8,4.99,7.88,157.85,8.18,718.24,April,4
2026-04-26 22:05:55.751150,Festival Campaign,YouTube,18-24,Male,Delhi,New,91164,989,303,75,7936,70285.04,1.08,30.64,7.58,8.02,105.81,8.86,785.65,April,4
2026-04-26 23:50:46.929385,Festival Campaign,YouTube,18-24,Male,Nagpur,New,93048,4876,1226,154,9868,263085.42,5.24,25.14,3.16,2.02,64.08,26.66,2566.05,April,4
2026-04-27 01:35:38.107621,Festival Campaign,YouTube,25-34,Female,Kolkata,New,132262,3386,425,90,46155,78149.37,2.56,12.55,2.66,13.63,512.83,1.69,69.32,April,4
2026-04-27 03:20:29.285857,Monsoon Offer,Instagram,35-44,Female,Nagpur,New,75124,3308,331,65,12125,54913.26,4.4,10.01,1.96,3.67,186.54,4.53,352.89,April,4
2026-04-27 05:05:20.464092,Festival Campaign,Google Ads,18-24,Female,Delhi,New,45609,1651,266,54,30812,145392.16,3.62,16.11,3.27,18.66,570.59,4.72,371.87,April,4
2026-04-27 06:50:11.642328,Product Launch,Facebook,55+,Female,Pune,Returning,74403,5948,535,127,31985,356011.07,7.99,8.99,2.14,5.38,251.85,11.13,1013.06,April,4
2026-04-27 08:35:02.820564,Monsoon Offer,Instagram,55+,Other,Kolkata,Returning,87538,3486,1068,308,22088,896446.48,3.98,30.64,8.84,6.34,71.71,40.59,3958.52,April,4
2026-04-27 10:19:53.998799,Product Launch,Email,18-24,Female,Bangalore,New,148601,10054,2712,374,23702,823269.78,6.77,26.97,3.72,2.36,63.37,34.73,3373.42,April,4
2026-04-27 12:04:45.177035,Monsoon Offer,Google Ads,55+,Female,Mumbai,New,58478,4131,959,236,21493,572899.74,7.06,23.21,5.71,5.2,91.07,26.66,2565.52,April,4
2026-04-27 13:49:36.355271,Diwali Campaign,Google Ads,55+,Female,Chennai,Returning,72525,3704,1186,263,34327,681028.48,5.11,32.02,7.1,9.27,130.52,19.84,1883.94,April,4
2026-04-27 15:34:27.533506,Winter Sale,Email,25-34,Other,Chennai,Returning,79248,1370,150,34,32295,73008.38,1.73,10.95,2.48,23.57,949.85,2.26,126.07,April,4
2026-04-27 17:19:18.711742,Summer Sale,Email,35-44,Other,Chennai,New,139210,10166,2774,483,29999,640268.55,7.3,27.29,4.75,2.95,62.11,21.34,2034.3,April,4
2026-04-27 19:04:09.889977,Festival Campaign,Email,25-34,Other,Pune,Returning,49826,835,99,28,46606,24947.09,1.68,11.86,3.35,55.82,1664.5,0.54,-46.47,April,4
2026-04-27 20:49:01.068213,Diwali Campaign,Facebook,35-44,Male,Mumbai,New,29328,555,53,9,48460,9838.65,1.89,9.55,1.62,87.32,5384.44,0.2,-79.7,April,4
2026-04-27 22:33:52.246449,Winter Sale,YouTube,55+,Other,Delhi,New,93247,2577,298,31,10072,80632.09,2.76,11.56,1.2,3.91,324.9,8.01,700.56,April,4
2026-04-28 00:18:43.424684,Summer Sale,Google Ads,35-44,Female,Pune,New,15906,560,188,43,27002,96330.45,3.52,33.57,7.68,48.22,627.95,3.57,256.75,April,4
2026-04-28 02:03:34.602920,Clearance Sale,YouTube,55+,Other,Chennai,Returning,39107,3370,670,72,19773,118043.24,8.62,19.88,2.14,5.87,274.62,5.97,496.99,April,4
2026-04-28 03:48:25.781156,New Year Offer,YouTube,55+,Other,Chennai,New,61412,4344,404,60,44725,34410.76,7.07,9.3,1.38,10.3,745.42,0.77,-23.06,April,4
2026-04-28 05:33:16.959391,Product Launch,Email,25-34,Female,Hyderabad,Returning,93349,4186,994,129,11539,150350.91,4.48,23.75,3.08,2.76,89.45,13.03,1202.98,April,4
2026-04-28 07:18:08.137627,Clearance Sale,Facebook,25-34,Other,Nagpur,Returning,56213,5513,738,146,47533,339047.58,9.81,13.39,2.65,8.62,325.57,7.13,613.29,April,4
2026-04-28 09:02:59.315863,Monsoon Offer,Instagram,45-54,Male,Nagpur,Returning,123632,3946,322,50,12537,89048.4,3.19,8.16,1.27,3.18,250.74,7.1,610.28,April,4
2026-04-28 10:47:50.494098,Summer Sale,Facebook,18-24,Other,Hyderabad,Returning,94388,6124,1743,200,35287,317766.25,6.49,28.46,3.27,5.76,176.44,9.01,800.52,April,4
2026-04-28 12:32:41.672334,Clearance Sale,YouTube,45-54,Male,Jaipur,New,122958,10605,1291,327,14197,419932.91,8.62,12.17,3.08,1.34,43.42,29.58,2857.9,April,4
2026-04-28 14:17:32.850570,New Year Offer,Facebook,45-54,Male,Hyderabad,New,40907,3361,1124,205,30140,413552.56,8.22,33.44,6.1,8.97,147.02,13.72,1272.11,April,4
2026-04-28 16:02:24.028805,Diwali Campaign,Email,35-44,Male,Nagpur,Returning,105707,1916,459,82,18754,239109.0,1.81,23.96,4.28,9.79,228.71,12.75,1174.98,April,4
2026-04-28 17:47:15.207041,Summer Sale,Instagram,55+,Female,Chennai,New,139185,10126,1047,287,11521,790056.21,7.28,10.34,2.83,1.14,40.14,68.58,6757.53,April,4
2026-04-28 19:32:06.385277,Clearance Sale,Email,55+,Other,Bangalore,Returning,63551,2110,292,57,47494,32845.96,3.32,13.84,2.7,22.51,833.23,0.69,-30.84,April,4
2026-04-28 21:16:57.563512,Product Launch,Instagram,55+,Male,Nagpur,New,145038,6093,1492,352,39561,599239.36,4.2,24.49,5.78,6.49,112.39,15.15,1414.72,April,4
2026-04-28 23:01:48.741748,Product Launch,YouTube,18-24,Male,Mumbai,New,117412,6341,1086,165,41832,218406.09,5.4,17.13,2.6,6.6,253.53,5.22,422.1,April,4
2026-04-29 00:46:39.919983,Winter Sale,Instagram,35-44,Other,Bangalore,New,44018,3572,798,162,17427,287794.89,8.11,22.34,4.54,4.88,107.57,16.51,1551.43,April,4
2026-04-29 02:31:31.098219,Clearance Sale,Instagram,35-44,Female,Pune,New,69542,1735,513,123,37013,247910.71,2.49,29.57,7.09,21.33,300.92,6.7,569.79,April,4
2026-04-29 04:16:22.276455,Festival Campaign,Instagram,55+,Female,Nagpur,New,73534,1453,427,62,38005,62004.35,1.98,29.39,4.27,26.16,612.98,1.63,63.15,April,4
2026-04-29 06:01:13.454690,Clearance Sale,Facebook,45-54,Male,Delhi,New,46555,1108,297,68,27780,166866.57,2.38,26.81,6.14,25.07,408.53,6.01,500.67,April,4
2026-04-29 07:46:04.632926,Diwali Campaign,Facebook,18-24,Female,Kolkata,Returning,106915,3168,1011,207,15376,349347.72,2.96,31.91,6.53,4.85,74.28,22.72,2172.03,April,4
2026-04-29 09:30:55.811162,Summer Sale,YouTube,45-54,Other,Kolkata,New,20470,314,42,7,27299,20860.11,1.53,13.38,2.23,86.94,3899.86,0.76,-23.59,April,4
2026-04-29 11:15:46.989397,Summer Sale,Instagram,25-34,Female,Mumbai,New,48426,4521,578,136,30578,76543.31,9.34,12.78,3.01,6.76,224.84,2.5,150.32,April,4
2026-04-29 13:00:38.167633,Diwali Campaign,Google Ads,35-44,Other,Ahmedabad,New,62924,2436,720,107,19746,104249.88,3.87,29.56,4.39,8.11,184.54,5.28,427.95,April,4
2026-04-29 14:45:29.345869,Clearance Sale,YouTube,35-44,Male,Kolkata,Returning,115267,2988,497,117,47402,260216.72,2.59,16.63,3.92,15.86,405.15,5.49,448.96,April,4
2026-04-29 16:30:20.524104,Diwali Campaign,Instagram,45-54,Other,Mumbai,New,68954,4647,1014,204,19715,456541.67,6.74,21.82,4.39,4.24,96.64,23.16,2215.71,April,4
2026-04-29 18:15:11.702340,New Year Offer,Instagram,18-24,Male,Ahmedabad,New,134507,10872,3053,409,30544,799787.46,8.08,28.08,3.76,2.81,74.68,26.18,2518.48,April,4
2026-04-29 20:00:02.880576,Monsoon Offer,Facebook,35-44,Other,Pune,New,24735,1924,359,81,48763,237321.91,7.78,18.66,4.21,25.34,602.01,4.87,386.68,April,4
2026-04-29 21:44:54.058811,Diwali Campaign,YouTube,45-54,Other,Ahmedabad,Returning,57011,4257,490,134,43361,206130.53,7.47,11.51,3.15,10.19,323.59,4.75,375.38,April,4
2026-04-29 23:29:45.237047,Product Launch,Instagram,18-24,Female,Delhi,New,120721,1756,462,68,9987,104896.26,1.45,26.31,3.87,5.69,146.87,10.5,950.33,April,4
2026-04-30 01:14:36.415283,Diwali Campaign,Instagram,45-54,Other,Nagpur,Returning,135373,10883,3271,846,49534,2348657.51,8.04,30.06,7.77,4.55,58.55,47.42,4641.51,April,4
2026-04-30 02:59:27.593518,Summer Sale,YouTube,18-24,Male,Kolkata,Returning,46671,2574,214,32,36189,59075.34,5.52,8.31,1.24,14.06,1130.91,1.63,63.24,April,4
2026-04-30 04:44:18.771754,Product Launch,Google Ads,55+,Other,Chennai,New,132908,9093,2108,549,11954,759991.22,6.84,23.18,6.04,1.31,21.77,63.58,6257.63,April,4
2026-04-30 06:29:09.949989,Summer Sale,YouTube,18-24,Male,Hyderabad,New,111974,10758,2224,202,24674,464063.68,9.61,20.67,1.88,2.29,122.15,18.81,1780.78,April,4
2026-04-30 08:14:01.128225,Winter Sale,YouTube,25-34,Male,Nagpur,Returning,96814,8031,1205,98,36016,200819.3,8.3,15.0,1.22,4.48,367.51,5.58,457.58,April,4
2026-04-30 09:58:52.306461,Festival Campaign,Google Ads,55+,Other,Pune,Returning,138338,11659,1439,150,42092,189903.77,8.43,12.34,1.29,3.61,280.61,4.51,351.16,April,4
2026-04-30 11:43:43.484696,Summer Sale,YouTube,45-54,Female,Pune,New,70854,1865,243,66,14738,82158.25,2.63,13.03,3.54,7.9,223.3,5.57,457.46,April,4
2026-04-30 13:28:34.662932,Product Launch,Instagram,55+,Other,Mumbai,New,61488,3251,896,176,3482,262069.63,5.29,27.56,5.41,1.07,19.78,75.26,7426.41,April,4
2026-04-30 15:13:25.841168,Winter Sale,YouTube,55+,Other,Jaipur,Returning,46091,4398,988,208,34508,141242.43,9.54,22.46,4.73,7.85,165.9,4.09,309.3,April,4
2026-04-30 16:58:17.019403,Summer Sale,Google Ads,45-54,Female,Ahmedabad,Returning,148192,9253,3191,846,47435,2416634.75,6.24,34.49,9.14,5.13,56.07,50.95,4994.62,April,4
2026-04-30 18:43:08.197639,New Year Offer,Email,45-54,Male,Ahmedabad,Returning,17859,343,49,4,47818,3830.2,1.92,14.29,1.17,139.41,11954.5,0.08,-91.99,April,4
2026-04-30 20:27:59.375875,Diwali Campaign,YouTube,25-34,Other,Mumbai,Returning,147858,11217,3795,626,14424,616335.03,7.59,33.83,5.58,1.29,23.04,42.73,4172.98,April,4
2026-04-30 22:12:50.554110,Festival Campaign,Facebook,45-54,Female,Hyderabad,New,108997,1511,331,73,23798,154584.51,1.39,21.91,4.83,15.75,326.0,6.5,549.57,April,4
2026-04-30 23:57:41.732346,Summer Sale,Instagram,35-44,Female,Chennai,Returning,31185,2395,286,48,48586,110909.65,7.68,11.94,2.0,20.29,1012.21,2.28,128.27,April,4
2026-05-01 01:42:32.910582,Winter Sale,Instagram,35-44,Male,Pune,New,106726,9517,1142,99,31667,231866.78,8.92,12.0,1.04,3.33,319.87,7.32,632.2,May,5
2026-05-01 03:27:24.088817,New Year Offer,Facebook,25-34,Female,Nagpur,Returning,79245,3825,934,208,31403,299039.01,4.83,24.42,5.44,8.21,150.98,9.52,852.26,May,5
2026-05-01 05:12:15.267053,Clearance Sale,Facebook,18-24,Male,Hyderabad,Returning,125718,5937,1807,300,45907,804996.71,4.72,30.44,5.05,7.73,153.02,17.54,1653.54,May,5
2026-05-01 06:57:06.445289,Winter Sale,YouTube,18-24,Other,Chennai,New,73906,2762,778,65,42474,120899.85,3.74,28.17,2.35,15.38,653.45,2.85,184.64,May,5
2026-05-01 08:41:57.623524,Diwali Campaign,Facebook,35-44,Female,Jaipur,New,96395,8571,2202,258,12559,411888.97,8.89,25.69,3.01,1.47,48.68,32.8,3179.63,May,5
2026-05-01 10:26:48.801760,Winter Sale,Email,45-54,Other,Nagpur,New,79745,4728,597,76,11314,191973.43,5.93,12.63,1.61,2.39,148.87,16.97,1596.78,May,5
2026-05-01 12:11:39.979995,New Year Offer,Google Ads,25-34,Female,Mumbai,New,98915,6145,671,129,20133,143048.5,6.21,10.92,2.1,3.28,156.07,7.11,610.52,May,5
2026-05-01 13:56:31.158231,Winter Sale,Facebook,18-24,Female,Nagpur,Returning,101087,7030,562,68,48374,180231.53,6.95,7.99,0.97,6.88,711.38,3.73,272.58,May,5
2026-05-01 15:41:22.336467,New Year Offer,Facebook,18-24,Other,Delhi,New,94436,3496,375,59,37365,108977.34,3.7,10.73,1.69,10.69,633.31,2.92,191.66,May,5
2026-05-01 17:26:13.514702,Summer Sale,Email,55+,Female,Jaipur,New,87916,4303,1234,302,35221,830543.91,4.89,28.68,7.02,8.19,116.63,23.58,2258.09,May,5
2026-05-01 19:11:04.692938,Monsoon Offer,Instagram,35-44,Other,Mumbai,New,19707,1512,486,125,35156,125503.92,7.67,32.14,8.27,23.25,281.25,3.57,256.99,May,5
2026-05-01 20:55:55.871174,New Year Offer,Instagram,45-54,Other,Mumbai,Returning,60277,5948,861,219,28161,621994.53,9.87,14.48,3.68,4.73,128.59,22.09,2108.71,May,5
2026-05-01 22:40:47.049409,New Year Offer,YouTube,25-34,Male,Mumbai,Returning,100604,1316,387,90,42156,199772.27,1.31,29.41,6.84,32.03,468.4,4.74,373.89,May,5
2026-05-02 00:25:38.227645,Festival Campaign,Email,18-24,Other,Kolkata,New,91431,1265,169,33,11735,67512.1,1.38,13.36,2.61,9.28,355.61,5.75,475.31,May,5
2026-05-02 02:10:29.405881,New Year Offer,Google Ads,55+,Male,Hyderabad,Returning,64756,3142,462,92,8576,143075.53,4.85,14.7,2.93,2.73,93.22,16.68,1568.32,May,5
2026-05-02 03:55:20.584116,New Year Offer,Google Ads,35-44,Other,Chennai,Returning,90748,6294,884,256,11206,740041.6,6.94,14.05,4.07,1.78,43.77,66.04,6503.98,May,5
2026-05-02 05:40:11.762352,Clearance Sale,Email,35-44,Female,Ahmedabad,New,89859,4023,378,103,29042,165809.3,4.48,9.4,2.56,7.22,281.96,5.71,470.93,May,5
2026-05-02 07:25:02.940588,Monsoon Offer,Google Ads,25-34,Other,Pune,Returning,108470,10843,1435,319,27337,557088.0,10.0,13.23,2.94,2.52,85.7,20.38,1937.85,May,5
2026-05-02 09:09:54.118823,Summer Sale,Instagram,18-24,Female,Pune,New,71579,1974,357,65,37246,159493.44,2.76,18.09,3.29,18.87,573.02,4.28,328.22,May,5
2026-05-02 10:54:45.297059,Diwali Campaign,Google Ads,25-34,Male,Delhi,New,128877,1380,261,62,12574,75150.58,1.07,18.91,4.49,9.11,202.81,5.98,497.67,May,5
2026-05-02 12:39:36.475295,Festival Campaign,Google Ads,25-34,Female,Delhi,New,82884,2247,367,34,46018,41777.1,2.71,16.33,1.51,20.48,1353.47,0.91,-9.22,May,5
2026-05-02 14:24:27.653530,Clearance Sale,Email,55+,Other,Delhi,Returning,78879,7084,1551,446,38042,1087456.92,8.98,21.89,6.3,5.37,85.3,28.59,2758.57,May,5
2026-05-02 16:09:18.831766,Product Launch,Email,35-44,Female,Bangalore,New,126506,2917,531,106,37929,87073.64,2.31,18.2,3.63,13.0,357.82,2.3,129.57,May,5
2026-05-02 17:54:10.010002,Monsoon Offer,Google Ads,45-54,Male,Delhi,Returning,52115,2767,946,180,22992,460334.03,5.31,34.19,6.51,8.31,127.73,20.02,1902.15,May,5
2026-05-02 19:39:01.188237,Summer Sale,Facebook,35-44,Female,Pune,Returning,72023,3438,1024,147,7043,303251.82,4.77,29.78,4.28,2.05,47.91,43.06,4205.72,May,5
2026-05-02 21:23:52.366473,Summer Sale,Email,35-44,Female,Jaipur,Returning,97943,6847,2268,183,43022,338130.82,6.99,33.12,2.67,6.28,235.09,7.86,685.95,May,5
2026-05-02 23:08:43.544708,Product Launch,YouTube,55+,Other,Chennai,Returning,52495,782,180,16,32264,17164.38,1.49,23.02,2.05,41.26,2016.5,0.53,-46.8,May,5
2026-05-03 00:53:34.722944,Diwali Campaign,YouTube,45-54,Other,Delhi,New,119229,8261,2173,299,49329,737310.21,6.93,26.3,3.62,5.97,164.98,14.95,1394.68,May,5
2026-05-03 02:38:25.901180,New Year Offer,Instagram,18-24,Female,Jaipur,New,142139,5959,744,148,22876,371832.64,4.19,12.49,2.48,3.84,154.57,16.25,1525.43,May,5
2026-05-03 04:23:17.079415,Clearance Sale,Google Ads,45-54,Male,Bangalore,Returning,27265,2545,720,70,33929,119514.83,9.33,28.29,2.75,13.33,484.7,3.52,252.25,May,5
2026-05-03 06:08:08.257651,Winter Sale,Facebook,18-24,Female,Bangalore,New,82445,7123,1023,300,30574,441876.73,8.64,14.36,4.21,4.29,101.91,14.45,1345.27,May,5
2026-05-03 07:52:59.435887,Festival Campaign,Instagram,45-54,Male,Ahmedabad,Returning,89772,4125,492,83,14784,92578.58,4.59,11.93,2.01,3.58,178.12,6.26,526.21,May,5
2026-05-03 09:37:50.614122,Winter Sale,Google Ads,25-34,Male,Kolkata,Returning,106901,10621,969,144,12196,343524.25,9.94,9.12,1.36,1.15,84.69,28.17,2716.7,May,5
2026-05-03 11:22:41.792358,Product Launch,Email,45-54,Male,Kolkata,New,63709,934,193,37,9754,77649.3,1.47,20.66,3.96,10.44,263.62,7.96,696.08,May,5
2026-05-03 13:07:32.970594,Summer Sale,YouTube,55+,Female,Nagpur,Returning,51060,4134,650,61,49627,62011.23,8.1,15.72,1.48,12.0,813.56,1.25,24.95,May,5
2026-05-03 14:52:24.148829,Diwali Campaign,Facebook,18-24,Male,Kolkata,New,41411,2031,703,187,30704,464913.83,4.9,34.61,9.21,15.12,164.19,15.14,1414.18,May,5
2026-05-03 16:37:15.327065,Summer Sale,YouTube,35-44,Female,Nagpur,Returning,62684,3071,452,81,32396,219146.58,4.9,14.72,2.64,10.55,399.95,6.76,576.46,May,5
2026-05-03 18:22:06.505301,Festival Campaign,Email,55+,Male,Hyderabad,Returning,81947,2074,651,77,20198,49905.1,2.53,31.39,3.71,9.74,262.31,2.47,147.08,May,5
2026-05-03 20:06:57.683536,Summer Sale,Google Ads,18-24,Male,Kolkata,Returning,124025,6987,1155,133,11723,323329.86,5.63,16.53,1.9,1.68,88.14,27.58,2658.08,May,5
2026-05-03 21:51:48.861772,Summer Sale,Email,18-24,Female,Bangalore,Returning,82740,1458,411,65,36526,171080.31,1.76,28.19,4.46,25.05,561.94,4.68,368.38,May,5
2026-05-03 23:36:40.040008,Festival Campaign,Email,35-44,Other,Ahmedabad,New,28899,1892,488,100,44544,297876.97,6.55,25.79,5.29,23.54,445.44,6.69,568.73,May,5
2026-05-04 01:21:31.218243,Clearance Sale,YouTube,25-34,Other,Jaipur,Returning,67852,2153,498,85,39444,92990.32,3.17,23.13,3.95,18.32,464.05,2.36,135.75,May,5
2026-05-04 03:06:22.396479,Clearance Sale,Facebook,55+,Female,Delhi,Returning,140320,10557,2032,429,20918,612400.94,7.52,19.25,4.06,1.98,48.76,29.28,2827.63,May,5
2026-05-04 04:51:13.574714,Festival Campaign,Email,35-44,Female,Kolkata,New,113024,7308,1908,448,48852,1306134.02,6.47,26.11,6.13,6.68,109.04,26.74,2573.66,May,5
2026-05-04 06:36:04.752950,Diwali Campaign,YouTube,35-44,Other,Nagpur,Returning,10678,824,156,38,32027,27931.48,7.72,18.93,4.61,38.87,842.82,0.87,-12.79,May,5
2026-05-04 08:20:55.931186,Product Launch,Facebook,25-34,Other,Jaipur,Returning,55797,4322,985,165,5266,298529.49,7.75,22.79,3.82,1.22,31.92,56.69,5569.0,May,5
2026-05-04 10:05:47.109421,Monsoon Offer,Google Ads,55+,Other,Mumbai,Returning,149531,4142,990,235,5414,415212.44,2.77,23.9,5.67,1.31,23.04,76.69,7569.24,May,5
2026-05-04 11:50:38.287657,Summer Sale,Google Ads,35-44,Female,Pune,Returning,48894,491,74,8,48944,16130.95,1.0,15.07,1.63,99.68,6118.0,0.33,-67.04,May,5
2026-05-04 13:35:29.465893,Diwali Campaign,Instagram,25-34,Male,Kolkata,Returning,108202,4643,797,153,23843,203028.18,4.29,17.17,3.3,5.14,155.84,8.52,751.52,May,5
2026-05-04 15:20:20.644128,Summer Sale,YouTube,55+,Female,Pune,Returning,88763,8229,698,66,37086,185776.48,9.27,8.48,0.8,4.51,561.91,5.01,400.93,May,5
2026-05-04 17:05:11.822364,Monsoon Offer,Facebook,45-54,Other,Kolkata,New,80442,4988,1546,206,5552,242081.55,6.2,30.99,4.13,1.11,26.95,43.6,4260.26,May,5
2026-05-04 18:50:03.000600,Product Launch,Email,18-24,Male,Mumbai,Returning,17898,1350,383,79,25704,167814.86,7.54,28.37,5.85,19.04,325.37,6.53,552.87,May,5
2026-05-04 20:34:54.178835,Clearance Sale,Google Ads,25-34,Female,Delhi,New,60352,5381,697,169,41186,294029.17,8.92,12.95,3.14,7.65,243.7,7.14,613.91,May,5
2026-05-04 22:19:45.357071,Diwali Campaign,Facebook,18-24,Other,Hyderabad,Returning,57207,5237,930,93,49363,108501.58,9.15,17.76,1.78,9.43,530.78,2.2,119.8,May,5
2026-05-05 00:04:36.535307,New Year Offer,YouTube,45-54,Female,Chennai,New,81880,4717,913,114,22244,110823.33,5.76,19.36,2.42,4.72,195.12,4.98,398.22,May,5
2026-05-05 01:49:27.713542,New Year Offer,Instagram,35-44,Male,Jaipur,New,130618,7665,1305,389,42488,1124756.67,5.87,17.03,5.08,5.54,109.22,26.47,2547.23,May,5
2026-05-05 03:34:18.891778,Monsoon Offer,Google Ads,35-44,Other,Jaipur,New,117394,10164,3003,463,34537,881194.87,8.66,29.55,4.56,3.4,74.59,25.51,2451.45,May,5
2026-05-05 05:19:10.070014,New Year Offer,Facebook,55+,Female,Delhi,New,122382,10117,2790,397,36845,798159.48,8.27,27.58,3.92,3.64,92.81,21.66,2066.26,May,5
2026-05-05 07:04:01.248249,Clearance Sale,Facebook,25-34,Male,Ahmedabad,Returning,27442,2000,574,56,24823,137605.36,7.29,28.7,2.8,12.41,443.27,5.54,454.35,May,5
2026-05-05 08:48:52.426485,Monsoon Offer,Facebook,25-34,Male,Bangalore,Returning,66436,4278,1386,322,5526,226387.46,6.44,32.4,7.53,1.29,17.16,40.97,3996.77,May,5
2026-05-05 10:33:43.604720,Clearance Sale,YouTube,55+,Female,Kolkata,Returning,138934,9107,2191,420,35501,959452.48,6.55,24.06,4.61,3.9,84.53,27.03,2602.61,May,5
2026-05-05 12:18:34.782956,Product Launch,YouTube,18-24,Male,Chennai,New,131751,5620,1382,158,36489,144230.35,4.27,24.59,2.81,6.49,230.94,3.95,295.27,May,5
2026-05-05 14:03:25.961192,Summer Sale,YouTube,35-44,Other,Ahmedabad,New,22686,1943,534,117,45204,275090.72,8.56,27.48,6.02,23.27,386.36,6.09,508.55,May,5
2026-05-05 15:48:17.139427,Product Launch,Email,35-44,Male,Chennai,New,53604,3516,927,181,8801,154451.22,6.56,26.37,5.15,2.5,48.62,17.55,1654.93,May,5
2026-05-05 17:33:08.317663,Product Launch,Facebook,25-34,Female,Bangalore,New,51163,1540,484,98,25437,252960.96,3.01,31.43,6.36,16.52,259.56,9.94,894.46,May,5
2026-05-05 19:17:59.495899,Clearance Sale,Google Ads,25-34,Other,Pune,New,12491,394,113,33,34957,72683.84,3.15,28.68,8.38,88.72,1059.3,2.08,107.92,May,5
2026-05-05 21:02:50.674134,Monsoon Offer,YouTube,55+,Male,Kolkata,New,96742,8469,952,82,4345,120107.51,8.75,11.24,0.97,0.51,52.99,27.64,2664.27,May,5
2026-05-05 22:47:41.852370,Monsoon Offer,YouTube,45-54,Male,Bangalore,New,69382,4600,1521,427,3745,596555.77,6.63,33.07,9.28,0.81,8.77,159.29,15829.39,May,5
2026-05-06 00:32:33.030606,New Year Offer,Facebook,18-24,Other,Jaipur,Returning,89464,4104,1085,287,16326,250369.52,4.59,26.44,6.99,3.98,56.89,15.34,1433.56,May,5
2026-05-06 02:17:24.208841,Winter Sale,YouTube,45-54,Other,Jaipur,New,49772,1335,152,26,11124,71763.47,2.68,11.39,1.95,8.33,427.85,6.45,545.12,May,5
2026-05-06 04:02:15.387077,Summer Sale,Email,45-54,Male,Kolkata,Returning,87096,5654,1630,446,8599,355160.14,6.49,28.83,7.89,1.52,19.28,41.3,4030.25,May,5
2026-05-06 05:47:06.565313,Clearance Sale,Email,25-34,Other,Hyderabad,Returning,17011,452,79,17,36645,28563.29,2.66,17.48,3.76,81.07,2155.59,0.78,-22.05,May,5
2026-05-06 07:31:57.743548,New Year Offer,YouTube,25-34,Female,Delhi,New,145934,7634,2271,626,27709,683151.38,5.23,29.75,8.2,3.63,44.26,24.65,2365.45,May,5
2026-05-06 09:16:48.921784,Diwali Campaign,Facebook,25-34,Male,Delhi,New,48118,3415,1154,243,40581,726768.96,7.1,33.79,7.12,11.88,167.0,17.91,1690.91,May,5
2026-05-06 11:01:40.100020,Winter Sale,Facebook,45-54,Female,Jaipur,New,73849,4496,669,85,13616,166991.86,6.09,14.88,1.89,3.03,160.19,12.26,1126.44,May,5
2026-05-06 12:46:31.278255,Winter Sale,Facebook,18-24,Male,Jaipur,New,133793,12441,3875,801,10764,700042.97,9.3,31.15,6.44,0.87,13.44,65.04,6403.56,May,5
2026-05-06 14:31:22.456491,Clearance Sale,Instagram,25-34,Female,Bangalore,Returning,117915,1600,462,55,43077,119290.05,1.36,28.88,3.44,26.92,783.22,2.77,176.92,May,5
2026-05-06 16:16:13.634726,Festival Campaign,YouTube,35-44,Female,Mumbai,New,25096,882,230,25,13891,74475.56,3.51,26.08,2.83,15.75,555.64,5.36,436.14,May,5
2026-05-06 18:01:04.812962,Summer Sale,Facebook,18-24,Other,Nagpur,Returning,70047,1060,194,43,12654,86542.15,1.51,18.3,4.06,11.94,294.28,6.84,583.91,May,5
2026-05-06 19:45:55.991198,Winter Sale,Email,35-44,Male,Hyderabad,New,75891,2088,228,65,32817,106824.1,2.75,10.92,3.11,15.72,504.88,3.26,225.51,May,5
2026-05-06 21:30:47.169433,Clearance Sale,Google Ads,18-24,Other,Ahmedabad,Returning,128160,2711,571,119,37132,146747.86,2.12,21.06,4.39,13.7,312.03,3.95,295.21,May,5
2026-05-06 23:15:38.347669,Clearance Sale,Google Ads,25-34,Other,Nagpur,Returning,18432,1399,151,38,18538,27751.72,7.59,10.79,2.72,13.25,487.84,1.5,49.7,May,5
2026-05-07 01:00:29.525905,New Year Offer,Facebook,55+,Male,Bangalore,Returning,134790,5828,1253,146,28807,156309.9,4.32,21.5,2.51,4.94,197.31,5.43,442.61,May,5
2026-05-07 02:45:20.704140,Diwali Campaign,Google Ads,25-34,Female,Nagpur,Returning,66862,6235,1879,420,17289,791301.82,9.33,30.14,6.74,2.77,41.16,45.77,4476.91,May,5
2026-05-07 04:30:11.882376,Festival Campaign,Google Ads,45-54,Male,Nagpur,Returning,107186,1297,453,109,7261,259906.6,1.21,34.93,8.4,5.6,66.61,35.79,3479.49,May,5
2026-05-07 06:15:03.060612,Summer Sale,Instagram,45-54,Male,Bangalore,New,56618,3893,519,46,26592,123962.05,6.88,13.33,1.18,6.83,578.09,4.66,366.16,May,5
2026-05-07 07:59:54.238847,Monsoon Offer,Email,18-24,Male,Jaipur,New,92774,9031,1229,124,31281,308050.8,9.73,13.61,1.37,3.46,252.27,9.85,884.79,May,5
2026-05-07 09:44:45.417083,Product Launch,Email,45-54,Other,Jaipur,New,120239,3105,928,233,7082,189583.48,2.58,29.89,7.5,2.28,30.39,26.77,2576.98,May,5
2026-05-07 11:29:36.595319,Diwali Campaign,Instagram,25-34,Male,Kolkata,Returning,69658,3470,717,126,20963,306639.86,4.98,20.66,3.63,6.04,166.37,14.63,1362.77,May,5
2026-05-07 13:14:27.773554,Diwali Campaign,Instagram,35-44,Male,Nagpur,New,103312,7559,2473,418,32770,816776.75,7.32,32.72,5.53,4.34,78.4,24.92,2392.45,May,5
2026-05-07 14:59:18.951790,New Year Offer,Google Ads,25-34,Male,Ahmedabad,Returning,131051,8778,2524,712,24983,1191011.45,6.7,28.75,8.11,2.85,35.09,47.67,4667.29,May,5
2026-05-07 16:44:10.130026,Monsoon Offer,YouTube,18-24,Female,Bangalore,Returning,138081,8414,2346,699,6419,1350405.3,6.09,27.88,8.31,0.76,9.18,210.38,20937.63,May,5
2026-05-07 18:29:01.308261,Winter Sale,Google Ads,45-54,Female,Ahmedabad,New,147776,5823,626,155,33991,80629.19,3.94,10.75,2.66,5.84,219.3,2.37,137.21,May,5
2026-05-07 20:13:52.486497,Winter Sale,Instagram,35-44,Female,Chennai,Returning,95544,7217,647,164,21401,109769.4,7.55,8.96,2.27,2.97,130.49,5.13,412.92,May,5
2026-05-07 21:58:43.664732,New Year Offer,Email,55+,Female,Delhi,New,64598,4443,735,92,23401,166945.33,6.88,16.54,2.07,5.27,254.36,7.13,613.41,May,5
2026-05-07 23:43:34.842968,Clearance Sale,Google Ads,35-44,Other,Kolkata,Returning,52020,1282,177,21,6037,19615.01,2.46,13.81,1.64,4.71,287.48,3.25,224.91,May,5
2026-05-08 01:28:26.021204,Winter Sale,YouTube,35-44,Other,Delhi,New,18573,1797,489,144,17501,268394.74,9.68,27.21,8.01,9.74,121.53,15.34,1433.6,May,5
2026-05-08 03:13:17.199439,Festival Campaign,Google Ads,25-34,Male,Kolkata,Returning,76668,4600,927,215,20145,297889.79,6.0,20.15,4.67,4.38,93.7,14.79,1378.73,May,5
2026-05-08 04:58:08.377675,Summer Sale,Facebook,55+,Other,Hyderabad,New,61628,3530,781,180,49165,498335.41,5.73,22.12,5.1,13.93,273.14,10.14,913.6,May,5
2026-05-08 06:42:59.555911,Diwali Campaign,Google Ads,18-24,Female,Bangalore,New,62287,5377,1611,230,47932,661067.97,8.63,29.96,4.28,8.91,208.4,13.79,1279.18,May,5
2026-05-08 08:27:50.734146,Diwali Campaign,Instagram,18-24,Male,Delhi,Returning,123838,8376,1752,481,15838,1418690.4,6.76,20.92,5.74,1.89,32.93,89.58,8857.51,May,5
2026-05-08 10:12:41.912382,Festival Campaign,Email,35-44,Male,Ahmedabad,Returning,10944,182,41,3,19982,8242.03,1.66,22.53,1.65,109.79,6660.67,0.41,-58.75,May,5
2026-05-08 11:57:33.090618,Monsoon Offer,Email,35-44,Female,Bangalore,Returning,146912,8167,2510,352,6743,1043583.95,5.56,30.73,4.31,0.83,19.16,154.77,15376.55,May,5
2026-05-08 13:42:24.268853,Winter Sale,Instagram,45-54,Female,Ahmedabad,New,49442,3967,779,93,34966,210679.21,8.02,19.64,2.34,8.81,375.98,6.03,502.53,May,5
2026-05-08 15:27:15.447089,Diwali Campaign,Facebook,55+,Female,Nagpur,New,54278,3962,405,95,44376,275628.79,7.3,10.22,2.4,11.2,467.12,6.21,521.12,May,5
2026-05-08 17:12:06.625325,Product Launch,Instagram,35-44,Other,Delhi,Returning,43602,4245,937,222,47393,467194.82,9.74,22.07,5.23,11.16,213.48,9.86,885.79,May,5
2026-05-08 18:56:57.803560,Monsoon Offer,Google Ads,45-54,Male,Nagpur,New,30134,368,87,17,49795,42891.6,1.22,23.64,4.62,135.31,2929.12,0.86,-13.86,May,5
2026-05-08 20:41:48.981796,Summer Sale,Instagram,55+,Female,Jaipur,New,79720,2671,582,47,9210,38999.42,3.35,21.79,1.76,3.45,195.96,4.23,323.45,May,5
2026-05-08 22:26:40.160032,Summer Sale,Instagram,18-24,Male,Chennai,Returning,82714,4915,735,200,36850,441299.79,5.94,14.95,4.07,7.5,184.25,11.98,1097.56,May,5
2026-05-09 00:11:31.338267,Diwali Campaign,Facebook,45-54,Male,Hyderabad,New,18146,1193,167,48,3587,135732.4,6.57,14.0,4.02,3.01,74.73,37.84,3684.01,May,5
2026-05-09 01:56:22.516503,New Year Offer,Google Ads,55+,Other,Hyderabad,New,122188,4238,762,94,32443,173911.34,3.47,17.98,2.22,7.66,345.14,5.36,436.05,May,5
2026-05-09 03:41:13.694738,Monsoon Offer,YouTube,45-54,Male,Delhi,New,128222,10823,1351,358,13999,346203.64,8.44,12.48,3.31,1.29,39.1,24.73,2373.06,May,5
2026-05-09 05:26:04.872974,Diwali Campaign,YouTube,35-44,Female,Pune,Returning,126740,3142,816,240,39426,436133.14,2.48,25.97,7.64,12.55,164.28,11.06,1006.21,May,5
2026-05-09 07:10:56.051210,New Year Offer,Email,25-34,Female,Chennai,New,116455,1173,288,43,18845,97496.16,1.01,24.55,3.67,16.07,438.26,5.17,417.36,May,5
2026-05-09 08:55:47.229445,Diwali Campaign,Instagram,18-24,Male,Mumbai,Returning,93780,8976,2250,271,13415,657031.71,9.57,25.07,3.02,1.49,49.5,48.98,4797.74,May,5
2026-05-09 10:40:38.407681,Product Launch,Email,35-44,Male,Kolkata,New,149006,6741,948,279,48377,504782.15,4.52,14.06,4.14,7.18,173.39,10.43,943.43,May,5
2026-05-09 12:25:29.585917,Monsoon Offer,Facebook,35-44,Other,Hyderabad,New,105381,10134,1485,138,24964,143991.97,9.62,14.65,1.36,2.46,180.9,5.77,476.8,May,5
2026-05-09 14:10:20.764152,Clearance Sale,YouTube,55+,Female,Bangalore,New,116355,4074,1192,167,13375,470392.57,3.5,29.26,4.1,3.28,80.09,35.17,3416.95,May,5
2026-05-09 15:55:11.942388,Summer Sale,Instagram,45-54,Female,Jaipur,New,105597,1658,441,107,19148,260442.66,1.57,26.6,6.45,11.55,178.95,13.6,1260.16,May,5
2026-05-09 17:40:03.120624,Diwali Campaign,Facebook,18-24,Male,Nagpur,New,12127,964,304,65,8913,76486.87,7.95,31.54,6.74,9.25,137.12,8.58,758.15,May,5
2026-05-09 19:24:54.298859,Product Launch,Facebook,35-44,Male,Mumbai,Returning,135553,11552,2182,503,45981,1272354.74,8.52,18.89,4.35,3.98,91.41,27.67,2667.13,May,5
2026-05-09 21:09:45.477095,New Year Offer,Instagram,55+,Male,Bangalore,New,25877,1404,319,75,24410,102724.25,5.43,22.72,5.34,17.39,325.47,4.21,320.83,May,5
2026-05-09 22:54:36.655331,New Year Offer,Facebook,18-24,Female,Delhi,New,22519,374,104,24,32351,30745.88,1.66,27.81,6.42,86.5,1347.96,0.95,-4.96,May,5
2026-05-10 00:39:27.833566,Summer Sale,Instagram,45-54,Male,Chennai,New,18351,1263,433,67,46329,178065.34,6.88,34.28,5.3,36.68,691.48,3.84,284.35,May,5
2026-05-10 02:24:19.011802,Festival Campaign,Instagram,35-44,Other,Hyderabad,New,133223,3516,1220,181,28935,485638.93,2.64,34.7,5.15,8.23,159.86,16.78,1578.38,May,5
2026-05-10 04:09:10.190038,Diwali Campaign,Google Ads,35-44,Other,Kolkata,Returning,67548,5839,2042,355,35938,531152.25,8.64,34.97,6.08,6.15,101.23,14.78,1377.97,May,5
2026-05-10 05:54:01.368273,Monsoon Offer,Email,35-44,Male,Mumbai,New,119538,4143,1327,341,40787,178106.69,3.47,32.03,8.23,9.84,119.61,4.37,336.68,May,5
2026-05-10 07:38:52.546509,Winter Sale,Facebook,18-24,Other,Hyderabad,New,102997,8887,2245,643,23608,621404.24,8.63,25.26,7.24,2.66,36.72,26.32,2532.18,May,5
2026-05-10 09:23:43.724744,New Year Offer,Facebook,18-24,Other,Pune,New,135597,6566,537,96,49497,266231.12,4.84,8.18,1.46,7.54,515.59,5.38,437.87,May,5
2026-05-10 11:08:34.902980,Monsoon Offer,Google Ads,18-24,Other,Pune,New,49253,3136,843,83,5108,227990.49,6.37,26.88,2.65,1.63,61.54,44.63,4363.4,May,5
2026-05-10 12:53:26.081216,Monsoon Offer,Google Ads,18-24,Other,Pune,Returning,96967,7860,1135,325,18476,530842.61,8.11,14.44,4.13,2.35,56.85,28.73,2773.15,May,5
2026-05-10 14:38:17.259451,Clearance Sale,Google Ads,55+,Other,Jaipur,Returning,44864,611,58,5,12850,6301.46,1.36,9.49,0.82,21.03,2570.0,0.49,-50.96,May,5
2026-05-10 16:23:08.437687,Monsoon Offer,YouTube,25-34,Female,Nagpur,New,22493,1887,506,58,12987,72898.5,8.39,26.82,3.07,6.88,223.91,5.61,461.32,May,5
2026-05-10 18:07:59.615923,Monsoon Offer,YouTube,55+,Male,Delhi,New,15337,344,97,26,42384,71317.66,2.24,28.2,7.56,123.21,1630.15,1.68,68.27,May,5
2026-05-10 19:52:50.794158,Clearance Sale,YouTube,35-44,Other,Bangalore,New,73281,3096,798,160,38553,209893.32,4.22,25.78,5.17,12.45,240.96,5.44,444.43,May,5
2026-05-10 21:37:41.972394,New Year Offer,Instagram,55+,Male,Hyderabad,New,26035,1368,244,38,36164,67600.12,5.25,17.84,2.78,26.44,951.68,1.87,86.93,May,5
2026-05-10 23:22:33.150630,Monsoon Offer,Facebook,45-54,Other,Bangalore,New,98854,8955,1951,555,28379,1291777.83,9.06,21.79,6.2,3.17,51.13,45.52,4451.88,May,5
2026-05-11 01:07:24.328865,Festival Campaign,Email,18-24,Female,Bangalore,Returning,29884,359,119,34,43799,34805.89,1.2,33.15,9.47,122.0,1288.21,0.79,-20.53,May,5
2026-05-11 02:52:15.507101,Festival Campaign,Instagram,45-54,Female,Hyderabad,Returning,19074,1150,318,48,22388,54460.69,6.03,27.65,4.17,19.47,466.42,2.43,143.26,May,5
2026-05-11 04:37:06.685337,Product Launch,Facebook,45-54,Other,Nagpur,New,102885,6978,1509,409,14961,570618.29,6.78,21.63,5.86,2.14,36.58,38.14,3714.04,May,5
2026-05-11 06:21:57.863572,Clearance Sale,Facebook,35-44,Other,Jaipur,New,36907,1420,341,78,43532,166573.56,3.85,24.01,5.49,30.66,558.1,3.83,282.65,May,5
2026-05-11 08:06:49.041808,Product Launch,Google Ads,18-24,Other,Jaipur,New,114723,4146,1370,192,11846,488395.51,3.61,33.04,4.63,2.86,61.7,41.23,4022.87,May,5
2026-05-11 09:51:40.220044,Clearance Sale,Google Ads,45-54,Female,Chennai,Returning,18624,1008,187,53,10644,98938.51,5.41,18.55,5.26,10.56,200.83,9.3,829.52,May,5
2026-05-11 11:36:31.398279,Diwali Campaign,Instagram,35-44,Female,Delhi,New,31622,848,91,8,45836,6658.57,2.68,10.73,0.94,54.05,5729.5,0.15,-85.47,May,5
2026-05-11 13:21:22.576515,Diwali Campaign,Google Ads,18-24,Male,Chennai,New,83106,4332,727,109,27843,176101.91,5.21,16.78,2.52,6.43,255.44,6.32,532.48,May,5
2026-05-11 15:06:13.754750,Monsoon Offer,Facebook,25-34,Female,Nagpur,Returning,31487,2482,476,79,4092,64718.92,7.88,19.18,3.18,1.65,51.8,15.82,1481.6,May,5
2026-05-11 16:51:04.932986,Winter Sale,Google Ads,35-44,Other,Bangalore,Returning,10617,913,140,32,45428,23063.77,8.6,15.33,3.5,49.76,1419.62,0.51,-49.23,May,5
2026-05-11 18:35:56.111222,Diwali Campaign,YouTube,55+,Male,Delhi,New,120988,5403,1203,106,12513,209248.44,4.47,22.27,1.96,2.32,118.05,16.72,1572.25,May,5
2026-05-11 20:20:47.289457,Winter Sale,Google Ads,18-24,Female,Chennai,New,135385,8875,1440,397,43095,1147540.52,6.56,16.23,4.47,4.86,108.55,26.63,2562.82,May,5
2026-05-11 22:05:38.467693,Diwali Campaign,Facebook,45-54,Female,Chennai,New,116813,1168,125,28,40761,72632.83,1.0,10.7,2.4,34.9,1455.75,1.78,78.19,May,5
2026-05-11 23:50:29.645929,Summer Sale,Instagram,45-54,Other,Pune,New,123021,7323,957,134,6079,326447.87,5.95,13.07,1.83,0.83,45.37,53.7,5270.09,May,5
2026-05-12 01:35:20.824164,Diwali Campaign,Email,55+,Male,Jaipur,Returning,147357,14407,4724,1062,45468,2461333.59,9.78,32.79,7.37,3.16,42.81,54.13,5313.33,May,5
2026-05-12 03:20:12.002400,Product Launch,Google Ads,55+,Female,Ahmedabad,Returning,43224,1647,411,81,44781,222168.39,3.81,24.95,4.92,27.19,552.85,4.96,396.12,May,5
2026-05-12 05:05:03.180636,New Year Offer,Facebook,45-54,Female,Chennai,New,38994,2477,408,62,15167,147689.44,6.35,16.47,2.5,6.12,244.63,9.74,873.76,May,5
2026-05-12 06:49:54.358871,Monsoon Offer,Email,18-24,Other,Mumbai,Returning,72439,5694,1019,87,5135,179845.82,7.86,17.9,1.53,0.9,59.02,35.02,3402.35,May,5
2026-05-12 08:34:45.537107,Product Launch,Email,35-44,Male,Pune,New,112178,7269,1549,311,33236,439038.76,6.48,21.31,4.28,4.57,106.87,13.21,1220.97,May,5
2026-05-12 10:19:36.715343,New Year Offer,YouTube,55+,Male,Bangalore,Returning,33014,1573,411,40,24305,30094.39,4.76,26.13,2.54,15.45,607.62,1.24,23.82,May,5
2026-05-12 12:04:27.893578,Festival Campaign,Email,55+,Male,Kolkata,New,80509,1910,453,116,49422,191699.68,2.37,23.72,6.07,25.88,426.05,3.88,287.88,May,5
2026-05-12 13:49:19.071814,Product Launch,Facebook,55+,Male,Jaipur,New,80310,4154,1378,137,3686,385238.6,5.17,33.17,3.3,0.89,26.91,104.51,10351.4,May,5
2026-05-12 15:34:10.250050,Festival Campaign,Facebook,25-34,Other,Nagpur,Returning,98635,3603,896,156,12166,305409.1,3.65,24.87,4.33,3.38,77.99,25.1,2410.35,May,5
2026-05-12 17:19:01.428285,Winter Sale,Google Ads,18-24,Female,Hyderabad,Returning,60218,4373,1425,250,44465,240315.11,7.26,32.59,5.72,10.17,177.86,5.4,440.46,May,5
2026-05-12 19:03:52.606521,Winter Sale,Google Ads,18-24,Female,Nagpur,Returning,56390,2806,228,46,19457,97637.68,4.98,8.13,1.64,6.93,422.98,5.02,401.81,May,5
2026-05-12 20:48:43.784756,Summer Sale,Google Ads,18-24,Male,Pune,Returning,52588,4548,1457,129,19964,214611.57,8.65,32.04,2.84,4.39,154.76,10.75,974.99,May,5
2026-05-12 22:33:34.962992,Diwali Campaign,Email,18-24,Male,Mumbai,Returning,124391,3408,936,116,30716,328100.23,2.74,27.46,3.4,9.01,264.79,10.68,968.17,May,5
2026-05-13 00:18:26.141228,Product Launch,Email,18-24,Male,Nagpur,New,23302,1109,140,17,27798,15339.95,4.76,12.62,1.53,25.07,1635.18,0.55,-44.82,May,5
2026-05-13 02:03:17.319463,Festival Campaign,YouTube,45-54,Female,Mumbai,New,13234,796,120,25,15199,57000.73,6.01,15.08,3.14,19.09,607.96,3.75,275.03,May,5
2026-05-13 03:48:08.497699,New Year Offer,Google Ads,55+,Female,Hyderabad,Returning,147566,3149,713,98,20280,215992.6,2.13,22.64,3.11,6.44,206.94,10.65,965.05,May,5
2026-05-13 05:32:59.675935,Winter Sale,Instagram,45-54,Male,Kolkata,New,80034,5035,572,63,5433,186407.8,6.29,11.36,1.25,1.08,86.24,34.31,3331.03,May,5
2026-05-13 07:17:50.854170,Diwali Campaign,YouTube,25-34,Other,Jaipur,New,119734,4332,1265,106,39720,202701.71,3.62,29.2,2.45,9.17,374.72,5.1,410.33,May,5
2026-05-13 09:02:42.032406,Winter Sale,Instagram,35-44,Female,Jaipur,New,80803,2477,727,192,10452,514355.54,3.07,29.35,7.75,4.22,54.44,49.21,4821.12,May,5
2026-05-13 10:47:33.210642,New Year Offer,Email,55+,Female,Ahmedabad,New,46437,1057,170,49,5169,27527.46,2.28,16.08,4.64,4.89,105.49,5.33,432.55,May,5
2026-05-13 12:32:24.388877,Diwali Campaign,YouTube,25-34,Male,Mumbai,Returning,97989,4065,401,94,49854,75879.61,4.15,9.86,2.31,12.26,530.36,1.52,52.2,May,5
2026-05-13 14:17:15.567113,Diwali Campaign,YouTube,45-54,Other,Hyderabad,New,110265,10321,3581,611,36590,833921.17,9.36,34.7,5.92,3.55,59.89,22.79,2179.1,May,5
2026-05-13 16:02:06.745349,Festival Campaign,Facebook,35-44,Male,Chennai,New,122244,1563,230,24,29787,49159.64,1.28,14.72,1.54,19.06,1241.12,1.65,65.04,May,5
2026-05-13 17:46:57.923584,Festival Campaign,Email,25-34,Male,Chennai,New,27259,2363,232,42,14526,68153.33,8.67,9.82,1.78,6.15,345.86,4.69,369.18,May,5
2026-05-13 19:31:49.101820,Product Launch,Email,35-44,Other,Bangalore,New,138526,6339,1071,193,5139,194300.94,4.58,16.9,3.04,0.81,26.63,37.81,3680.91,May,5
2026-05-13 21:16:40.280056,Product Launch,YouTube,25-34,Other,Mumbai,Returning,72674,4399,1502,258,31425,509036.41,6.05,34.14,5.86,7.14,121.8,16.2,1519.85,May,5
2026-05-13 23:01:31.458291,Clearance Sale,Email,45-54,Other,Delhi,New,25032,1405,413,67,46343,128422.09,5.61,29.4,4.77,32.98,691.69,2.77,177.11,May,5
2026-05-14 00:46:22.636527,Monsoon Offer,YouTube,35-44,Female,Nagpur,New,96419,8997,1886,356,44273,644758.26,9.33,20.96,3.96,4.92,124.36,14.56,1356.32,May,5
2026-05-14 02:31:13.814762,Clearance Sale,Facebook,25-34,Male,Bangalore,New,36004,2855,463,44,5649,31961.17,7.93,16.22,1.54,1.98,128.39,5.66,465.78,May,5
2026-05-14 04:16:04.992998,Summer Sale,YouTube,45-54,Female,Bangalore,Returning,23170,2285,443,39,45849,109884.99,9.86,19.39,1.71,20.07,1175.62,2.4,139.67,May,5
2026-05-14 06:00:56.171234,Winter Sale,Email,55+,Other,Bangalore,Returning,114251,9311,788,74,42821,146567.23,8.15,8.46,0.79,4.6,578.66,3.42,242.28,May,5
2026-05-14 07:45:47.349469,Product Launch,Email,45-54,Female,Hyderabad,New,27842,1019,279,34,4489,39439.3,3.66,27.38,3.34,4.41,132.03,8.79,778.58,May,5
2026-05-14 09:30:38.527705,Festival Campaign,YouTube,45-54,Other,Jaipur,New,115699,11183,1195,168,37432,372715.64,9.67,10.69,1.5,3.35,222.81,9.96,895.71,May,5
2026-05-14 11:15:29.705941,New Year Offer,YouTube,55+,Other,Bangalore,Returning,78708,7754,1706,200,46568,258954.0,9.85,22.0,2.58,6.01,232.84,5.56,456.08,May,5
2026-05-14 13:00:20.884176,Festival Campaign,YouTube,45-54,Male,Jaipur,New,46195,973,226,30,38300,52939.2,2.11,23.23,3.08,39.36,1276.67,1.38,38.22,May,5
2026-05-14 14:45:12.062412,Winter Sale,Google Ads,55+,Male,Jaipur,Returning,138138,12583,1012,122,20039,165045.19,9.11,8.04,0.97,1.59,164.25,8.24,723.62,May,5
2026-05-14 16:30:03.240648,Clearance Sale,Email,55+,Male,Mumbai,New,17736,1237,426,48,6718,129647.28,6.97,34.44,3.88,5.43,139.96,19.3,1829.85,May,5
2026-05-14 18:14:54.418883,Festival Campaign,Email,55+,Female,Hyderabad,New,58258,5416,875,126,23366,376103.88,9.3,16.16,2.33,4.31,185.44,16.1,1509.62,May,5
2026-05-14 19:59:45.597119,Monsoon Offer,Google Ads,25-34,Male,Jaipur,Returning,106804,9870,995,166,10444,149890.56,9.24,10.08,1.68,1.06,62.92,14.35,1335.18,May,5
2026-05-14 21:44:36.775355,Summer Sale,YouTube,35-44,Other,Bangalore,New,53475,4824,1498,365,9209,204015.79,9.02,31.05,7.57,1.91,25.23,22.15,2115.4,May,5
2026-05-14 23:29:27.953590,Winter Sale,Facebook,25-34,Male,Hyderabad,New,54511,4888,591,171,10866,179260.37,8.97,12.09,3.5,2.22,63.54,16.5,1549.74,May,5
2026-05-15 01:14:19.131826,Clearance Sale,YouTube,55+,Female,Bangalore,New,14206,292,25,7,39783,13824.16,2.06,8.56,2.4,136.24,5683.29,0.35,-65.25,May,5
2026-05-15 02:59:10.310062,Monsoon Offer,YouTube,35-44,Male,Pune,Returning,126888,2907,620,114,25360,106576.07,2.29,21.33,3.92,8.72,222.46,4.2,320.25,May,5
2026-05-15 04:44:01.488297,New Year Offer,Google Ads,35-44,Male,Nagpur,Returning,29348,604,69,12,9611,30344.53,2.06,11.42,1.99,15.91,800.92,3.16,215.73,May,5
2026-05-15 06:28:52.666533,Clearance Sale,Email,55+,Male,Pune,New,66057,1201,414,44,32105,66953.76,1.82,34.47,3.66,26.73,729.66,2.09,108.55,May,5
2026-05-15 08:13:43.844768,Diwali Campaign,YouTube,35-44,Female,Pune,New,123359,5155,426,125,11329,253291.48,4.18,8.26,2.42,2.2,90.63,22.36,2135.78,May,5
2026-05-15 09:58:35.023004,Monsoon Offer,Email,35-44,Other,Mumbai,New,127615,9131,856,211,47023,345838.41,7.16,9.37,2.31,5.15,222.86,7.35,635.47,May,5
2026-05-15 11:43:26.201240,Monsoon Offer,Instagram,25-34,Other,Delhi,New,28032,1175,358,95,36843,262040.38,4.19,30.47,8.09,31.36,387.82,7.11,611.24,May,5
2026-05-15 13:28:17.379475,Summer Sale,Email,35-44,Other,Nagpur,Returning,64679,4839,700,92,37243,54081.13,7.48,14.47,1.9,7.7,404.82,1.45,45.21,May,5
2026-05-15 15:13:08.557711,Winter Sale,Facebook,55+,Male,Mumbai,Returning,117654,9862,3216,541,32853,1256880.81,8.38,32.61,5.49,3.33,60.73,38.26,3725.77,May,5
2026-05-15 16:57:59.735947,New Year Offer,Facebook,18-24,Male,Bangalore,Returning,124169,8686,1424,146,42713,311042.83,7.0,16.39,1.68,4.92,292.55,7.28,628.22,May,5
2026-05-15 18:42:50.914182,Summer Sale,YouTube,18-24,Female,Mumbai,New,45109,2339,231,66,40725,140169.98,5.19,9.88,2.82,17.41,617.05,3.44,244.19,May,5
2026-05-15 20:27:42.092418,Clearance Sale,Email,18-24,Other,Bangalore,New,60670,2220,183,26,47373,39909.31,3.66,8.24,1.17,21.34,1822.04,0.84,-15.76,May,5
2026-05-15 22:12:33.270654,Summer Sale,YouTube,55+,Male,Delhi,Returning,60022,1272,198,41,23288,22106.71,2.12,15.57,3.22,18.31,568.0,0.95,-5.07,May,5
2026-05-15 23:57:24.448889,Monsoon Offer,Google Ads,18-24,Male,Jaipur,New,146610,7979,1658,188,16627,417943.14,5.44,20.78,2.36,2.08,88.44,25.14,2413.64,May,5
2026-05-16 01:42:15.627125,Winter Sale,Facebook,25-34,Male,Mumbai,New,54237,4054,325,83,31807,213615.28,7.47,8.02,2.05,7.85,383.22,6.72,571.6,May,5
2026-05-16 03:27:06.805361,Product Launch,YouTube,55+,Female,Ahmedabad,Returning,19363,1149,272,32,47106,22818.42,5.93,23.67,2.79,41.0,1472.06,0.48,-51.56,May,5
2026-05-16 05:11:57.983596,Summer Sale,Google Ads,55+,Other,Jaipur,New,56304,4219,717,185,3448,296748.1,7.49,16.99,4.38,0.82,18.64,86.06,8506.38,May,5
2026-05-16 06:56:49.161832,Diwali Campaign,YouTube,55+,Female,Kolkata,Returning,21819,876,162,27,3068,24475.15,4.01,18.49,3.08,3.5,113.63,7.98,697.76,May,5
2026-05-16 08:41:40.340068,Summer Sale,Email,35-44,Other,Mumbai,New,22191,355,53,10,26480,20273.44,1.6,14.93,2.82,74.59,2648.0,0.77,-23.44,May,5
2026-05-16 10:26:31.518303,Clearance Sale,Email,35-44,Other,Bangalore,New,16499,1310,291,40,7908,98560.49,7.94,22.21,3.05,6.04,197.7,12.46,1146.34,May,5
2026-05-16 12:11:22.696539,Clearance Sale,Email,35-44,Male,Nagpur,New,73001,2173,308,84,31208,182008.38,2.98,14.17,3.87,14.36,371.52,5.83,483.21,May,5
2026-05-16 13:56:13.874774,New Year Offer,Email,45-54,Male,Mumbai,New,120383,7880,917,226,10369,292703.94,6.55,11.64,2.87,1.32,45.88,28.23,2722.88,May,5
2026-05-16 15:41:05.053010,Clearance Sale,Instagram,25-34,Male,Bangalore,New,27668,2279,730,115,49070,97673.15,8.24,32.03,5.05,21.53,426.7,1.99,99.05,May,5
2026-05-16 17:25:56.231246,Festival Campaign,Google Ads,55+,Male,Delhi,Returning,149834,3374,625,130,37508,323137.15,2.25,18.52,3.85,11.12,288.52,8.62,761.52,May,5
2026-05-16 19:10:47.409481,Winter Sale,Google Ads,55+,Male,Pune,Returning,106828,6822,687,74,31308,96924.62,6.39,10.07,1.08,4.59,423.08,3.1,209.58,May,5
2026-05-16 20:55:38.587717,Winter Sale,Email,35-44,Other,Mumbai,New,114349,8238,1171,135,29595,74972.19,7.2,14.21,1.64,3.59,219.22,2.53,153.33,May,5
2026-05-16 22:40:29.765953,Product Launch,Instagram,55+,Male,Chennai,New,126665,9776,1600,315,39660,607494.21,7.72,16.37,3.22,4.06,125.9,15.32,1431.76,May,5
2026-05-17 00:25:20.944188,Product Launch,Email,55+,Male,Kolkata,Returning,106188,2473,711,157,17252,175320.84,2.33,28.75,6.35,6.98,109.89,10.16,916.23,May,5
2026-05-17 02:10:12.122424,Winter Sale,Instagram,18-24,Female,Chennai,Returning,116942,9853,847,171,48432,445115.56,8.43,8.6,1.74,4.92,283.23,9.19,819.05,May,5
2026-05-17 03:55:03.300660,Diwali Campaign,Email,55+,Female,Jaipur,New,23070,426,89,18,41811,15446.48,1.85,20.89,4.23,98.15,2322.83,0.37,-63.06,May,5
2026-05-17 05:39:54.478895,Product Launch,Facebook,45-54,Other,Jaipur,Returning,101392,5755,1093,265,30628,420555.56,5.68,18.99,4.6,5.32,115.58,13.73,1273.11,May,5
2026-05-17 07:24:45.657131,New Year Offer,Facebook,35-44,Other,Pune,Returning,107164,5348,1826,508,34050,575475.36,4.99,34.14,9.5,6.37,67.03,16.9,1590.09,May,5
2026-05-17 09:09:36.835367,Clearance Sale,YouTube,25-34,Female,Pune,Returning,98959,2964,381,62,36018,137888.25,3.0,12.85,2.09,12.15,580.94,3.83,282.83,May,5
2026-05-17 10:54:28.013602,Winter Sale,Email,25-34,Female,Jaipur,New,111277,4136,1032,204,38164,381750.76,3.72,24.95,4.93,9.23,187.08,10.0,900.29,May,5
2026-05-17 12:39:19.191838,Monsoon Offer,Google Ads,18-24,Male,Mumbai,Returning,14626,362,48,13,35891,32207.1,2.48,13.26,3.59,99.15,2760.85,0.9,-10.26,May,5
2026-05-17 14:24:10.370074,Product Launch,YouTube,25-34,Male,Hyderabad,Returning,59270,2863,652,118,15921,194290.71,4.83,22.77,4.12,5.56,134.92,12.2,1120.34,May,5
2026-05-17 16:09:01.548309,Winter Sale,Facebook,25-34,Other,Mumbai,Returning,50767,669,153,27,12020,13824.57,1.32,22.87,4.04,17.97,445.19,1.15,15.01,May,5
2026-05-17 17:53:52.726545,Festival Campaign,Email,35-44,Female,Kolkata,Returning,71505,6435,645,160,29010,166078.59,9.0,10.02,2.49,4.51,181.31,5.72,472.49,May,5
2026-05-17 19:38:43.904780,Summer Sale,YouTube,35-44,Other,Jaipur,New,12292,303,61,16,32589,47966.28,2.47,20.13,5.28,107.55,2036.81,1.47,47.19,May,5
2026-05-17 21:23:35.083016,Clearance Sale,Email,45-54,Male,Chennai,Returning,126792,11378,2326,563,43440,852023.07,8.97,20.44,4.95,3.82,77.16,19.61,1861.38,May,5
2026-05-17 23:08:26.261252,Winter Sale,Facebook,18-24,Other,Pune,Returning,24859,2180,362,36,49174,73821.16,8.77,16.61,1.65,22.56,1365.94,1.5,50.12,May,5
2026-05-18 00:53:17.439487,Summer Sale,YouTube,25-34,Other,Chennai,Returning,144891,7338,1136,207,37845,571802.11,5.06,15.48,2.82,5.16,182.83,15.11,1410.91,May,5
2026-05-18 02:38:08.617723,Product Launch,Facebook,45-54,Other,Jaipur,New,120986,6629,931,117,19979,64503.32,5.48,14.04,1.76,3.01,170.76,3.23,222.86,May,5
2026-05-18 04:22:59.795959,Summer Sale,Instagram,18-24,Male,Delhi,New,11280,419,34,5,38854,10745.09,3.71,8.11,1.19,92.73,7770.8,0.28,-72.34,May,5
2026-05-18 06:07:50.974194,Clearance Sale,Facebook,25-34,Other,Jaipur,New,18634,1858,149,27,30278,32965.45,9.97,8.02,1.45,16.3,1121.41,1.09,8.88,May,5
2026-05-18 07:52:42.152430,Winter Sale,Email,25-34,Male,Ahmedabad,Returning,78550,5527,1322,170,26348,203680.51,7.04,23.92,3.08,4.77,154.99,7.73,673.04,May,5
2026-05-18 09:37:33.330666,Festival Campaign,Google Ads,35-44,Female,Kolkata,Returning,149352,14287,2267,438,37512,465212.29,9.57,15.87,3.07,2.63,85.64,12.4,1140.17,May,5
2026-05-18 11:22:24.508901,Diwali Campaign,Facebook,55+,Other,Ahmedabad,Returning,69593,3293,412,91,35790,232670.9,4.73,12.51,2.76,10.87,393.3,6.5,550.1,May,5
2026-05-18 13:07:15.687137,Product Launch,Google Ads,18-24,Other,Nagpur,New,51421,4600,1218,331,7972,474114.25,8.95,26.48,7.2,1.73,24.08,59.47,5847.24,May,5
2026-05-18 14:52:06.865373,Winter Sale,Instagram,25-34,Male,Chennai,Returning,95472,4806,1070,135,19015,90151.83,5.03,22.26,2.81,3.96,140.85,4.74,374.11,May,5
2026-05-18 16:36:58.043608,Clearance Sale,YouTube,18-24,Other,Delhi,Returning,54588,4804,1571,233,27538,172915.8,8.8,32.7,4.85,5.73,118.19,6.28,527.92,May,5
2026-05-18 18:21:49.221844,Product Launch,YouTube,45-54,Male,Kolkata,New,102613,2235,680,115,34830,100226.63,2.18,30.43,5.15,15.58,302.87,2.88,187.76,May,5
2026-05-18 20:06:40.400080,New Year Offer,Google Ads,45-54,Other,Bangalore,Returning,148709,10010,2764,357,18020,980792.87,6.73,27.61,3.57,1.8,50.48,54.43,5342.8,May,5
2026-05-18 21:51:31.578315,Summer Sale,YouTube,55+,Female,Nagpur,Returning,100491,7143,815,124,3262,194507.46,7.11,11.41,1.74,0.46,26.31,59.63,5862.83,May,5
2026-05-18 23:36:22.756551,Diwali Campaign,Facebook,25-34,Female,Hyderabad,New,96416,6658,1730,474,47460,1322518.47,6.91,25.98,7.12,7.13,100.13,27.87,2686.6,May,5
2026-05-19 01:21:13.934786,Clearance Sale,Google Ads,35-44,Female,Ahmedabad,New,56158,2820,753,83,18142,211126.99,5.02,26.7,2.94,6.43,218.58,11.64,1063.75,May,5
2026-05-19 03:06:05.113022,New Year Offer,Email,25-34,Other,Kolkata,New,63798,4564,1305,231,37353,599377.21,7.15,28.59,5.06,8.18,161.7,16.05,1504.63,May,5
2026-05-19 04:50:56.291258,Monsoon Offer,Facebook,18-24,Other,Kolkata,New,58081,1832,276,40,44519,48683.18,3.15,15.07,2.18,24.3,1112.97,1.09,9.35,May,5
2026-05-19 06:35:47.469493,Winter Sale,Facebook,45-54,Female,Ahmedabad,New,65956,4196,1061,102,15336,120185.18,6.36,25.29,2.43,3.65,150.35,7.84,683.68,May,5
2026-05-19 08:20:38.647729,Festival Campaign,Facebook,18-24,Female,Nagpur,Returning,50278,3010,743,75,25695,142512.82,5.99,24.68,2.49,8.54,342.6,5.55,454.63,May,5
2026-05-19 10:05:29.825965,Product Launch,Email,55+,Male,Delhi,New,78486,3033,558,140,21872,216273.74,3.86,18.4,4.62,7.21,156.23,9.89,888.82,May,5
2026-05-19 11:50:21.004200,Summer Sale,Instagram,45-54,Male,Delhi,Returning,57155,4577,1186,317,48649,561930.6,8.01,25.91,6.93,10.63,153.47,11.55,1055.07,May,5
2026-05-19 13:35:12.182436,Product Launch,YouTube,35-44,Female,Pune,Returning,99338,1716,177,43,48283,27219.45,1.73,10.31,2.51,28.14,1122.86,0.56,-43.63,May,5
2026-05-19 15:20:03.360672,Diwali Campaign,Google Ads,45-54,Female,Mumbai,New,147135,3741,949,188,25455,550647.39,2.54,25.37,5.03,6.8,135.4,21.63,2063.22,May,5
2026-05-19 17:04:54.538907,Winter Sale,Instagram,25-34,Other,Nagpur,New,89741,4702,1145,286,19597,184590.7,5.24,24.35,6.08,4.17,68.52,9.42,841.93,May,5
2026-05-19 18:49:45.717143,Product Launch,Google Ads,25-34,Female,Chennai,Returning,54690,4936,675,76,12857,71977.95,9.03,13.68,1.54,2.6,169.17,5.6,459.83,May,5
2026-05-19 20:34:36.895379,Summer Sale,YouTube,45-54,Male,Chennai,Returning,137304,8480,2551,641,43689,1407316.34,6.18,30.08,7.56,5.15,68.16,32.21,3121.21,May,5
2026-05-19 22:19:28.073614,Winter Sale,Email,55+,Male,Nagpur,Returning,17661,1515,478,82,6478,72877.82,8.58,31.55,5.41,4.28,79.0,11.25,1025.0,May,5
2026-05-20 00:04:19.251850,Product Launch,Facebook,25-34,Male,Ahmedabad,New,109786,6211,849,208,19248,159572.36,5.66,13.67,3.35,3.1,92.54,8.29,729.03,May,5
2026-05-20 01:49:10.430086,Festival Campaign,Facebook,25-34,Male,Chennai,Returning,46988,3791,381,49,38565,43318.5,8.07,10.05,1.29,10.17,787.04,1.12,12.33,May,5
2026-05-20 03:34:01.608321,Clearance Sale,Email,35-44,Male,Chennai,New,70159,2758,670,176,48522,115244.91,3.93,24.29,6.38,17.59,275.69,2.38,137.51,May,5
2026-05-20 05:18:52.786557,Winter Sale,Instagram,45-54,Male,Mumbai,Returning,43410,3618,758,155,38159,174886.01,8.33,20.95,4.28,10.55,246.19,4.58,358.31,May,5
2026-05-20 07:03:43.964792,Clearance Sale,Instagram,25-34,Female,Kolkata,Returning,88868,4101,801,65,24749,76556.88,4.61,19.53,1.58,6.03,380.75,3.09,209.33,May,5
2026-05-20 08:48:35.143028,Monsoon Offer,Google Ads,55+,Male,Kolkata,Returning,44354,2674,763,148,45043,258490.17,6.03,28.53,5.53,16.84,304.34,5.74,473.87,May,5
2026-05-20 10:33:26.321264,Winter Sale,Email,18-24,Male,Nagpur,New,94329,2436,832,123,41529,196407.17,2.58,34.15,5.05,17.05,337.63,4.73,372.94,May,5
2026-05-20 12:18:17.499499,Festival Campaign,Instagram,45-54,Male,Jaipur,New,16504,1532,320,29,16149,48844.22,9.28,20.89,1.89,10.54,556.86,3.02,202.46,May,5
2026-05-20 14:03:08.677735,Clearance Sale,Email,35-44,Male,Kolkata,Returning,103961,7602,620,110,10216,224410.86,7.31,8.16,1.45,1.34,92.87,21.97,2096.66,May,5
2026-05-20 15:47:59.855971,New Year Offer,YouTube,25-34,Female,Ahmedabad,Returning,39811,3475,837,124,30301,133598.04,8.73,24.09,3.57,8.72,244.36,4.41,340.9,May,5
2026-05-20 17:32:51.034206,Summer Sale,Facebook,55+,Other,Bangalore,Returning,27225,781,200,24,37718,20082.25,2.87,25.61,3.07,48.29,1571.58,0.53,-46.76,May,5
2026-05-20 19:17:42.212442,New Year Offer,Facebook,45-54,Other,Jaipur,New,112891,1816,551,86,49332,231958.83,1.61,30.34,4.74,27.17,573.63,4.7,370.2,May,5
2026-05-20 21:02:33.390678,Product Launch,Facebook,55+,Other,Mumbai,New,102732,4145,554,66,3847,137600.32,4.03,13.37,1.59,0.93,58.29,35.77,3476.82,May,5
2026-05-20 22:47:24.568913,Festival Campaign,Email,55+,Other,Ahmedabad,New,12272,693,153,22,24886,14336.48,5.65,22.08,3.17,35.91,1131.18,0.58,-42.39,May,5
2026-05-21 00:32:15.747149,New Year Offer,Email,35-44,Male,Delhi,New,147213,12102,2429,255,7671,740170.43,8.22,20.07,2.11,0.63,30.08,96.49,9548.94,May,5
2026-05-21 02:17:06.925385,Winter Sale,Google Ads,45-54,Other,Mumbai,New,74980,3433,890,87,44504,194242.4,4.58,25.92,2.53,12.96,511.54,4.36,336.46,May,5
2026-05-21 04:01:58.103620,Product Launch,Facebook,25-34,Other,Pune,Returning,67167,2303,224,62,7153,54514.22,3.43,9.73,2.69,3.11,115.37,7.62,662.12,May,5
2026-05-21 05:46:49.281856,Product Launch,Google Ads,35-44,Female,Chennai,Returning,84697,3686,1174,327,11571,955767.4,4.35,31.85,8.87,3.14,35.39,82.6,8160.02,May,5
2026-05-21 07:31:40.460092,New Year Offer,Facebook,25-34,Female,Hyderabad,Returning,142143,10422,2272,595,49033,841043.42,7.33,21.8,5.71,4.7,82.41,17.15,1615.26,May,5
2026-05-21 09:16:31.638327,Monsoon Offer,Google Ads,18-24,Female,Delhi,New,101477,4085,1294,169,33456,500455.51,4.03,31.68,4.14,8.19,197.96,14.96,1395.86,May,5
2026-05-21 11:01:22.816563,New Year Offer,Google Ads,55+,Male,Jaipur,Returning,144702,14198,2440,584,12353,442782.42,9.81,17.19,4.11,0.87,21.15,35.84,3484.41,May,5
2026-05-21 12:46:13.994798,Monsoon Offer,YouTube,18-24,Male,Ahmedabad,New,75763,1950,500,104,3065,93592.0,2.57,25.64,5.33,1.57,29.47,30.54,2953.57,May,5
2026-05-21 14:31:05.173034,Festival Campaign,Google Ads,55+,Male,Delhi,New,123646,9617,3253,296,17301,634490.47,7.78,33.83,3.08,1.8,58.45,36.67,3567.36,May,5
2026-05-21 16:15:56.351270,Summer Sale,Email,35-44,Female,Pune,Returning,89544,5643,1888,524,20181,291007.94,6.3,33.46,9.29,3.58,38.51,14.42,1341.99,May,5
2026-05-21 18:00:47.529505,New Year Offer,Google Ads,25-34,Other,Ahmedabad,Returning,29954,927,310,92,13008,50298.62,3.09,33.44,9.92,14.03,141.39,3.87,286.67,May,5
2026-05-21 19:45:38.707741,Diwali Campaign,Facebook,25-34,Female,Hyderabad,New,133324,10375,950,224,8290,555510.39,7.78,9.16,2.16,0.8,37.01,67.01,6600.97,May,5
2026-05-21 21:30:29.885977,Monsoon Offer,Google Ads,35-44,Male,Jaipur,New,116297,5847,1103,144,34474,132400.92,5.03,18.86,2.46,5.9,239.4,3.84,284.06,May,5
2026-05-21 23:15:21.064212,New Year Offer,Instagram,45-54,Female,Mumbai,Returning,90211,6442,621,125,3631,349621.87,7.14,9.64,1.94,0.56,29.05,96.29,9528.8,May,5
2026-05-22 01:00:12.242448,Clearance Sale,Facebook,18-24,Other,Nagpur,New,72787,5066,828,86,31351,134567.67,6.96,16.34,1.7,6.19,364.55,4.29,329.23,May,5
2026-05-22 02:45:03.420684,Winter Sale,Instagram,18-24,Male,Delhi,New,142691,2847,361,52,39026,139574.81,2.0,12.68,1.83,13.71,750.5,3.58,257.65,May,5
2026-05-22 04:29:54.598919,Diwali Campaign,Facebook,25-34,Other,Hyderabad,New,88421,7568,1872,445,42869,687261.99,8.56,24.74,5.88,5.66,96.33,16.03,1503.17,May,5
2026-05-22 06:14:45.777155,Diwali Campaign,Email,25-34,Other,Pune,Returning,87230,6222,1809,264,43201,481951.8,7.13,29.07,4.24,6.94,163.64,11.16,1015.6,May,5
2026-05-22 07:59:36.955391,Monsoon Offer,Email,25-34,Male,Delhi,New,120122,9640,2107,236,11383,304743.36,8.03,21.86,2.45,1.18,48.23,26.77,2577.18,May,5
2026-05-22 09:44:28.133626,Clearance Sale,Email,35-44,Other,Bangalore,New,21448,1078,317,25,38567,53629.78,5.03,29.41,2.32,35.78,1542.68,1.39,39.06,May,5
2026-05-22 11:29:19.311862,Clearance Sale,Instagram,45-54,Female,Bangalore,New,53369,1470,122,25,25109,32387.57,2.75,8.3,1.7,17.08,1004.36,1.29,28.99,May,5
2026-05-22 13:14:10.490098,Product Launch,YouTube,18-24,Other,Jaipur,New,128372,5052,1523,446,4149,471834.66,3.94,30.15,8.83,0.82,9.3,113.72,11272.25,May,5
2026-05-22 14:59:01.668333,Monsoon Offer,Facebook,55+,Other,Mumbai,New,21467,1956,250,46,22387,32320.44,9.11,12.78,2.35,11.45,486.67,1.44,44.37,May,5
2026-05-22 16:43:52.846569,Summer Sale,Email,35-44,Other,Jaipur,New,149271,14094,2881,365,39313,235123.28,9.44,20.44,2.59,2.79,107.71,5.98,498.08,May,5
2026-05-22 18:28:44.024804,Winter Sale,Facebook,18-24,Female,Jaipur,New,37095,1979,394,71,48399,89810.45,5.33,19.91,3.59,24.46,681.68,1.86,85.56,May,5
2026-05-22 20:13:35.203040,Festival Campaign,Instagram,45-54,Other,Chennai,Returning,118715,4379,1382,293,3019,685966.73,3.69,31.56,6.69,0.69,10.3,227.22,22621.65,May,5
2026-05-22 21:58:26.381276,Diwali Campaign,YouTube,35-44,Other,Mumbai,Returning,49007,3711,1264,323,31276,327538.2,7.57,34.06,8.7,8.43,96.83,10.47,947.25,May,5
2026-05-22 23:43:17.559511,Festival Campaign,Instagram,18-24,Female,Chennai,Returning,128562,10148,1510,271,44392,338226.6,7.89,14.88,2.67,4.37,163.81,7.62,661.91,May,5
2026-05-23 01:28:08.737747,New Year Offer,Facebook,35-44,Male,Ahmedabad,New,23617,1969,193,22,3999,60784.43,8.34,9.8,1.12,2.03,181.77,15.2,1419.99,May,5
2026-05-23 03:12:59.915983,New Year Offer,YouTube,18-24,Male,Hyderabad,Returning,38304,490,125,15,5534,31468.41,1.28,25.51,3.06,11.29,368.93,5.69,468.64,May,5
2026-05-23 04:57:51.094218,Festival Campaign,YouTube,18-24,Male,Hyderabad,Returning,106729,1160,250,69,31538,193152.11,1.09,21.55,5.95,27.19,457.07,6.12,512.44,May,5
2026-05-23 06:42:42.272454,New Year Offer,Instagram,45-54,Other,Mumbai,New,81120,3418,795,104,7425,288918.77,4.21,23.26,3.04,2.17,71.39,38.91,3791.16,May,5
2026-05-23 08:27:33.450690,Summer Sale,Email,55+,Male,Mumbai,Returning,84341,2000,184,44,21074,28975.18,2.37,9.2,2.2,10.54,478.95,1.37,37.49,May,5
2026-05-23 10:12:24.628925,Clearance Sale,Facebook,45-54,Female,Ahmedabad,New,100800,8310,2404,334,43242,964432.79,8.24,28.93,4.02,5.2,129.47,22.3,2130.31,May,5
2026-05-23 11:57:15.807161,New Year Offer,Google Ads,18-24,Other,Hyderabad,New,84625,4904,699,166,9328,104238.85,5.79,14.25,3.38,1.9,56.19,11.17,1017.48,May,5
2026-05-23 13:42:06.985397,Product Launch,Google Ads,35-44,Other,Ahmedabad,New,75416,6356,1083,105,11526,295474.97,8.43,17.04,1.65,1.81,109.77,25.64,2463.55,May,5
2026-05-23 15:26:58.163632,New Year Offer,Instagram,45-54,Other,Nagpur,Returning,123792,3208,454,57,5553,106409.51,2.59,14.15,1.78,1.73,97.42,19.16,1816.25,May,5
2026-05-23 17:11:49.341868,Winter Sale,Facebook,55+,Male,Pune,New,70356,4675,1568,266,21894,487571.07,6.64,33.54,5.69,4.68,82.31,22.27,2126.96,May,5
2026-05-23 18:56:40.520104,Summer Sale,Facebook,18-24,Male,Bangalore,Returning,21110,1313,164,31,41820,70777.96,6.22,12.49,2.36,31.85,1349.03,1.69,69.24,May,5
2026-05-23 20:41:31.698339,Winter Sale,Instagram,45-54,Male,Nagpur,New,109464,4447,1235,194,42906,523417.47,4.06,27.77,4.36,9.65,221.16,12.2,1119.92,May,5
2026-05-23 22:26:22.876575,Winter Sale,Facebook,45-54,Other,Jaipur,New,115635,6537,956,197,13242,402374.74,5.65,14.62,3.01,2.03,67.22,30.39,2938.63,May,5
2026-05-24 00:11:14.054810,Product Launch,Email,45-54,Female,Delhi,Returning,24684,1555,302,45,46676,70357.48,6.3,19.42,2.89,30.02,1037.24,1.51,50.74,May,5
2026-05-24 01:56:05.233046,Summer Sale,Instagram,45-54,Other,Chennai,New,123102,11085,3867,886,17275,690834.89,9.0,34.88,7.99,1.56,19.5,39.99,3899.04,May,5
2026-05-24 03:40:56.411282,Summer Sale,Email,35-44,Female,Kolkata,Returning,34419,516,55,10,12748,24730.23,1.5,10.66,1.94,24.71,1274.8,1.94,93.99,May,5
2026-05-24 05:25:47.589517,Monsoon Offer,Facebook,55+,Other,Delhi,New,142599,11993,3813,896,42911,735377.42,8.41,31.79,7.47,3.58,47.89,17.14,1613.73,May,5
2026-05-24 07:10:38.767753,Summer Sale,Instagram,55+,Female,Mumbai,New,118409,11629,3900,681,46305,1577137.88,9.82,33.54,5.86,3.98,68.0,34.06,3305.98,May,5
2026-05-24 08:55:29.945989,Summer Sale,Facebook,18-24,Other,Pune,New,37757,2864,769,209,13357,380340.78,7.59,26.85,7.3,4.66,63.91,28.48,2747.5,May,5
2026-05-24 10:40:21.124224,Summer Sale,Instagram,25-34,Other,Nagpur,New,56664,4326,357,58,28364,84946.21,7.63,8.25,1.34,6.56,489.03,2.99,199.49,May,5
2026-05-24 12:25:12.302460,Product Launch,Facebook,35-44,Female,Kolkata,New,136226,4034,1216,179,10370,363811.41,2.96,30.14,4.44,2.57,57.93,35.08,3408.31,May,5
2026-05-24 14:10:03.480696,New Year Offer,Email,18-24,Female,Kolkata,New,25205,1438,457,92,22490,223641.9,5.71,31.78,6.4,15.64,244.46,9.94,894.41,May,5
2026-05-24 15:54:54.658931,Monsoon Offer,Email,18-24,Female,Mumbai,New,70207,5162,1780,341,33749,972821.52,7.35,34.48,6.61,6.54,98.97,28.83,2782.52,May,5
2026-05-24 17:39:45.837167,Winter Sale,Facebook,45-54,Female,Nagpur,New,30994,1989,609,118,24302,137085.58,6.42,30.62,5.93,12.22,205.95,5.64,464.09,May,5
2026-05-24 19:24:37.015403,Summer Sale,Instagram,25-34,Female,Kolkata,Returning,131409,5868,1175,299,13496,857479.79,4.47,20.02,5.1,2.3,45.14,63.54,6253.58,May,5
2026-05-24 21:09:28.193638,Diwali Campaign,Google Ads,25-34,Female,Nagpur,Returning,96170,9098,2419,506,46189,1468599.28,9.46,26.59,5.56,5.08,91.28,31.8,3079.54,May,5
2026-05-24 22:54:19.371874,New Year Offer,Email,35-44,Female,Chennai,Returning,118502,6666,1406,386,7303,978153.45,5.63,21.09,5.79,1.1,18.92,133.94,13293.86,May,5
2026-05-25 00:39:10.550110,New Year Offer,Email,25-34,Female,Chennai,New,40569,3946,691,149,44838,402835.35,9.73,17.51,3.78,11.36,300.93,8.98,798.42,May,5
2026-05-25 02:24:01.728345,Winter Sale,Google Ads,18-24,Other,Kolkata,Returning,105711,6421,1599,135,47672,301194.29,6.07,24.9,2.1,7.42,353.13,6.32,531.81,May,5
2026-05-25 04:08:52.906581,Product Launch,Facebook,25-34,Female,Kolkata,Returning,120702,9825,2828,767,43510,458468.92,8.14,28.78,7.81,4.43,56.73,10.54,953.71,May,5
2026-05-25 05:53:44.084816,Festival Campaign,Instagram,25-34,Female,Mumbai,New,16626,1276,321,84,37380,162766.49,7.67,25.16,6.58,29.29,445.0,4.35,335.44,May,5
2026-05-25 07:38:35.263052,Festival Campaign,Facebook,55+,Other,Nagpur,Returning,111159,7722,2341,212,32082,502018.42,6.95,30.32,2.75,4.15,151.33,15.65,1464.8,May,5
2026-05-25 09:23:26.441288,New Year Offer,YouTube,18-24,Other,Hyderabad,New,13964,157,20,2,48438,5708.52,1.12,12.74,1.27,308.52,24219.0,0.12,-88.21,May,5
2026-05-25 11:08:17.619523,Clearance Sale,Email,25-34,Male,Ahmedabad,Returning,122794,2083,376,76,27016,146385.85,1.7,18.05,3.65,12.97,355.47,5.42,441.85,May,5
2026-05-25 12:53:08.797759,Clearance Sale,YouTube,25-34,Male,Ahmedabad,Returning,28058,1748,287,25,6464,62137.54,6.23,16.42,1.43,3.7,258.56,9.61,861.29,May,5
2026-05-25 14:37:59.975995,Winter Sale,Email,45-54,Female,Delhi,Returning,115182,10603,1403,239,26364,540760.63,9.21,13.23,2.25,2.49,110.31,20.51,1951.13,May,5
2026-05-25 16:22:51.154230,Festival Campaign,Email,25-34,Female,Delhi,Returning,14433,925,184,54,28146,64908.39,6.41,19.89,5.84,30.43,521.22,2.31,130.61,May,5
2026-05-25 18:07:42.332466,New Year Offer,YouTube,25-34,Male,Kolkata,Returning,93747,2928,983,116,12366,102871.14,3.12,33.57,3.96,4.22,106.6,8.32,731.89,May,5
2026-05-25 19:52:33.510702,Product Launch,YouTube,55+,Male,Bangalore,New,86227,3347,753,94,24610,223462.75,3.88,22.5,2.81,7.35,261.81,9.08,808.02,May,5
2026-05-25 21:37:24.688937,Festival Campaign,Facebook,18-24,Female,Chennai,Returning,41063,2713,426,97,9215,105188.83,6.61,15.7,3.58,3.4,95.0,11.41,1041.5,May,5
2026-05-25 23:22:15.867173,New Year Offer,YouTube,35-44,Male,Jaipur,New,43484,2771,486,43,38438,47804.34,6.37,17.54,1.55,13.87,893.91,1.24,24.37,May,5
2026-05-26 01:07:07.045409,New Year Offer,Facebook,18-24,Female,Nagpur,Returning,96780,9292,2281,594,30128,1253260.16,9.6,24.55,6.39,3.24,50.72,41.6,4059.79,May,5
2026-05-26 02:51:58.223644,Summer Sale,Facebook,45-54,Other,Pune,New,100196,5773,1011,125,25241,309083.9,5.76,17.51,2.17,4.37,201.93,12.25,1124.53,May,5
2026-05-26 04:36:49.401880,Product Launch,Facebook,18-24,Other,Pune,Returning,40084,1681,378,74,18285,144731.44,4.19,22.49,4.4,10.88,247.09,7.92,691.53,May,5
2026-05-26 06:21:40.580116,Summer Sale,Email,25-34,Male,Chennai,Returning,124455,7124,1097,147,10668,398731.31,5.72,15.4,2.06,1.5,72.57,37.38,3637.64,May,5
2026-05-26 08:06:31.758351,Winter Sale,Email,45-54,Other,Delhi,Returning,34802,2810,487,109,42070,112118.29,8.07,17.33,3.88,14.97,385.96,2.67,166.5,May,5
2026-05-26 09:51:22.936587,Summer Sale,YouTube,18-24,Other,Mumbai,Returning,67012,3929,1062,222,41037,251090.01,5.86,27.03,5.65,10.44,184.85,6.12,511.86,May,5
2026-05-26 11:36:14.114822,Diwali Campaign,Email,45-54,Other,Pune,Returning,124610,4902,1165,335,23493,700950.23,3.93,23.77,6.83,4.79,70.13,29.84,2883.66,May,5
2026-05-26 13:21:05.293058,Summer Sale,YouTube,35-44,Other,Kolkata,New,79922,3234,340,60,37820,154405.23,4.05,10.51,1.86,11.69,630.33,4.08,308.26,May,5
2026-05-26 15:05:56.471294,Diwali Campaign,Email,18-24,Female,Bangalore,Returning,18157,1418,486,132,6066,243986.09,7.81,34.27,9.31,4.28,45.95,40.22,3922.19,May,5
2026-05-26 16:50:47.649529,Festival Campaign,Instagram,25-34,Female,Pune,Returning,58742,938,87,17,14902,8941.22,1.6,9.28,1.81,15.89,876.59,0.6,-40.0,May,5
2026-05-26 18:35:38.827765,Clearance Sale,Instagram,45-54,Male,Ahmedabad,New,17675,613,62,17,12049,37270.08,3.47,10.11,2.77,19.66,708.76,3.09,209.32,May,5
2026-05-26 20:20:30.006001,Monsoon Offer,YouTube,55+,Other,Bangalore,Returning,36228,861,231,33,14992,83620.55,2.38,26.83,3.83,17.41,454.3,5.58,457.77,May,5
2026-05-26 22:05:21.184236,Monsoon Offer,Email,45-54,Other,Bangalore,Returning,28251,2684,727,146,15753,173938.42,9.5,27.09,5.44,5.87,107.9,11.04,1004.16,May,5
2026-05-26 23:50:12.362472,New Year Offer,Email,55+,Other,Pune,Returning,33349,603,51,8,26630,5083.96,1.81,8.46,1.33,44.16,3328.75,0.19,-80.91,May,5
2026-05-27 01:35:03.540708,Monsoon Offer,Facebook,25-34,Male,Mumbai,Returning,139417,10907,2765,261,43540,468463.67,7.82,25.35,2.39,3.99,166.82,10.76,975.94,May,5
2026-05-27 03:19:54.718943,Diwali Campaign,Google Ads,35-44,Female,Mumbai,Returning,59178,3949,351,72,17061,43587.94,6.67,8.89,1.82,4.32,236.96,2.55,155.48,May,5
2026-05-27 05:04:45.897179,Product Launch,YouTube,55+,Other,Delhi,New,91362,6116,2075,528,17512,813142.1,6.69,33.93,8.63,2.86,33.17,46.43,4543.34,May,5
2026-05-27 06:49:37.075415,Summer Sale,Google Ads,35-44,Female,Chennai,Returning,147660,11622,3114,630,41654,343063.11,7.87,26.79,5.42,3.58,66.12,8.24,723.6,May,5
2026-05-27 08:34:28.253650,Diwali Campaign,Google Ads,45-54,Male,Kolkata,New,106479,4902,639,90,29432,95617.51,4.6,13.04,1.84,6.0,327.02,3.25,224.88,May,5
2026-05-27 10:19:19.431886,Product Launch,YouTube,25-34,Female,Jaipur,Returning,139044,6405,785,108,15419,158982.06,4.61,12.26,1.69,2.41,142.77,10.31,931.08,May,5
2026-05-27 12:04:10.610122,Clearance Sale,Email,55+,Other,Hyderabad,Returning,97687,3515,821,108,44736,84160.59,3.6,23.36,3.07,12.73,414.22,1.88,88.13,May,5
2026-05-27 13:49:01.788357,Monsoon Offer,YouTube,45-54,Female,Jaipur,New,138325,8824,2215,654,18651,513644.9,6.38,25.1,7.41,2.11,28.52,27.54,2653.98,May,5
2026-05-27 15:33:52.966593,Clearance Sale,Google Ads,18-24,Female,Ahmedabad,Returning,73196,6857,2087,350,31338,898679.02,9.37,30.44,5.1,4.57,89.54,28.68,2767.7,May,5
2026-05-27 17:18:44.144828,Monsoon Offer,Email,45-54,Male,Mumbai,Returning,42400,3949,1279,191,26929,115279.9,9.31,32.39,4.84,6.82,140.99,4.28,328.09,May,5
2026-05-27 19:03:35.323064,Summer Sale,Instagram,35-44,Male,Delhi,New,23536,1724,320,55,15631,122232.86,7.32,18.56,3.19,9.07,284.2,7.82,681.99,May,5
2026-05-27 20:48:26.501300,Winter Sale,YouTube,25-34,Male,Ahmedabad,Returning,143772,13163,4052,427,34204,1082959.59,9.16,30.78,3.24,2.6,80.1,31.66,3066.18,May,5
2026-05-27 22:33:17.679535,Summer Sale,YouTube,25-34,Male,Jaipur,Returning,94607,9150,2071,254,43081,210008.69,9.67,22.63,2.78,4.71,169.61,4.87,387.47,May,5
2026-05-28 00:18:08.857771,Festival Campaign,Email,45-54,Female,Bangalore,New,48100,3923,812,155,37323,153206.16,8.16,20.7,3.95,9.51,240.79,4.1,310.49,May,5
2026-05-28 02:03:00.036007,Diwali Campaign,Instagram,18-24,Female,Chennai,New,42947,2005,538,137,25073,288211.46,4.67,26.83,6.83,12.51,183.01,11.49,1049.49,May,5
2026-05-28 03:47:51.214242,New Year Offer,Instagram,35-44,Male,Bangalore,Returning,83532,4468,481,131,32016,168874.27,5.35,10.77,2.93,7.17,244.4,5.27,427.47,May,5
2026-05-28 05:32:42.392478,Winter Sale,Email,45-54,Male,Jaipur,Returning,90398,8480,1286,347,41284,586797.01,9.38,15.17,4.09,4.87,118.97,14.21,1321.37,May,5
2026-05-28 07:17:33.570714,Summer Sale,Facebook,45-54,Other,Pune,Returning,69413,4879,1466,421,41461,1090392.85,7.03,30.05,8.63,8.5,98.48,26.3,2529.92,May,5
2026-05-28 09:02:24.748949,Product Launch,YouTube,25-34,Other,Chennai,New,92841,7785,1682,181,17235,152937.39,8.39,21.61,2.32,2.21,95.22,8.87,787.37,May,5
2026-05-28 10:47:15.927185,Winter Sale,YouTube,35-44,Male,Delhi,New,45860,937,304,27,3045,55326.55,2.04,32.44,2.88,3.25,112.78,18.17,1716.96,May,5
2026-05-28 12:32:07.105421,Diwali Campaign,Google Ads,18-24,Female,Nagpur,Returning,134390,3689,383,39,13126,111383.78,2.74,10.38,1.06,3.56,336.56,8.49,748.57,May,5
2026-05-28 14:16:58.283656,Monsoon Offer,Email,25-34,Male,Bangalore,Returning,23727,972,160,33,41492,21241.0,4.1,16.46,3.4,42.69,1257.33,0.51,-48.81,May,5
2026-05-28 16:01:49.461892,Winter Sale,Google Ads,45-54,Female,Pune,Returning,99385,2677,471,95,36748,61751.61,2.69,17.59,3.55,13.73,386.82,1.68,68.04,May,5
2026-05-28 17:46:40.640128,Monsoon Offer,Google Ads,25-34,Female,Ahmedabad,New,143791,13168,2556,581,24931,1096263.3,9.16,19.41,4.41,1.89,42.91,43.97,4297.19,May,5
2026-05-28 19:31:31.818363,Diwali Campaign,Instagram,25-34,Other,Nagpur,New,123771,3653,1265,204,6294,591638.66,2.95,34.63,5.58,1.72,30.85,94.0,9300.04,May,5
2026-05-28 21:16:22.996599,Summer Sale,YouTube,55+,Male,Ahmedabad,New,19215,1155,189,31,22938,32586.71,6.01,16.36,2.68,19.86,739.94,1.42,42.06,May,5
2026-05-28 23:01:14.174834,Diwali Campaign,Google Ads,25-34,Male,Mumbai,Returning,100124,1771,389,77,33925,102177.45,1.77,21.96,4.35,19.16,440.58,3.01,201.19,May,5
2026-05-29 00:46:05.353070,Winter Sale,Instagram,25-34,Female,Nagpur,Returning,100826,2414,542,52,10729,38824.24,2.39,22.45,2.15,4.44,206.33,3.62,261.86,May,5
2026-05-29 02:30:56.531306,Product Launch,Email,35-44,Male,Chennai,Returning,70494,2274,655,167,47684,234738.22,3.23,28.8,7.34,20.97,285.53,4.92,392.28,May,5
2026-05-29 04:15:47.709541,Clearance Sale,Google Ads,25-34,Other,Mumbai,New,95545,9407,2067,585,39811,357336.25,9.85,21.97,6.22,4.23,68.05,8.98,797.58,May,5
2026-05-29 06:00:38.887777,Winter Sale,YouTube,18-24,Other,Chennai,Returning,11144,910,221,36,13202,53018.46,8.17,24.29,3.96,14.51,366.72,4.02,301.59,May,5
2026-05-29 07:45:30.066013,Diwali Campaign,Google Ads,45-54,Male,Kolkata,New,129170,9121,2584,627,46553,1184227.09,7.06,28.33,6.87,5.1,74.25,25.44,2443.83,May,5
2026-05-29 09:30:21.244248,Clearance Sale,Email,35-44,Male,Pune,Returning,136223,12595,1351,271,9951,796065.77,9.25,10.73,2.15,0.79,36.72,80.0,7899.86,May,5
2026-05-29 11:15:12.422484,Diwali Campaign,Google Ads,25-34,Other,Jaipur,New,90171,8661,2945,388,19636,987836.34,9.61,34.0,4.48,2.27,50.61,50.31,4930.74,May,5
2026-05-29 13:00:03.600720,Product Launch,YouTube,18-24,Male,Ahmedabad,Returning,127917,6500,2005,190,25084,485481.07,5.08,30.85,2.92,3.86,132.02,19.35,1835.42,May,5
2026-05-29 14:44:54.778955,Diwali Campaign,Instagram,45-54,Female,Jaipur,Returning,129416,5110,945,126,45172,134865.46,3.95,18.49,2.47,8.84,358.51,2.99,198.56,May,5
2026-05-29 16:29:45.957191,Summer Sale,YouTube,35-44,Male,Nagpur,New,128501,4931,1364,290,9296,208245.16,3.84,27.66,5.88,1.89,32.06,22.4,2140.16,May,5
2026-05-29 18:14:37.135427,New Year Offer,Instagram,18-24,Female,Bangalore,Returning,10537,139,39,3,17026,6023.06,1.32,28.06,2.16,122.49,5675.33,0.35,-64.62,May,5
2026-05-29 19:59:28.313662,Monsoon Offer,Facebook,25-34,Male,Bangalore,New,124233,4368,1352,356,21586,641812.99,3.52,30.95,8.15,4.94,60.63,29.73,2873.28,May,5
2026-05-29 21:44:19.491898,Monsoon Offer,YouTube,55+,Male,Ahmedabad,Returning,86552,3631,475,139,22225,248985.1,4.2,13.08,3.83,6.12,159.89,11.2,1020.29,May,5
2026-05-29 23:29:10.670134,Winter Sale,YouTube,55+,Other,Mumbai,Returning,45453,605,163,16,36038,12360.32,1.33,26.94,2.64,59.57,2252.38,0.34,-65.7,May,5
2026-05-30 01:14:01.848369,New Year Offer,Email,35-44,Female,Ahmedabad,Returning,11980,1071,95,12,33204,20816.55,8.94,8.87,1.12,31.0,2767.0,0.63,-37.31,May,5
2026-05-30 02:58:53.026605,Diwali Campaign,Google Ads,18-24,Other,Kolkata,New,81442,7029,781,178,22523,155908.3,8.63,11.11,2.53,3.2,126.53,6.92,592.22,May,5
2026-05-30 04:43:44.204840,Product Launch,Instagram,45-54,Male,Kolkata,Returning,98966,3229,934,240,13371,373268.76,3.26,28.93,7.43,4.14,55.71,27.92,2691.63,May,5
2026-05-30 06:28:35.383076,Winter Sale,Instagram,18-24,Other,Jaipur,New,105934,8710,2608,407,44804,266750.48,8.22,29.94,4.67,5.14,110.08,5.95,495.37,May,5
2026-05-30 08:13:26.561312,Diwali Campaign,Email,55+,Male,Nagpur,Returning,51988,4245,1018,196,31329,517877.37,8.17,23.98,4.62,7.38,159.84,16.53,1553.03,May,5
2026-05-30 09:58:17.739547,Clearance Sale,Email,35-44,Male,Kolkata,Returning,141123,5666,1343,370,31429,197191.58,4.01,23.7,6.53,5.55,84.94,6.27,527.42,May,5
2026-05-30 11:43:08.917783,Festival Campaign,Google Ads,25-34,Male,Pune,New,34818,2532,714,117,48275,333252.02,7.27,28.2,4.62,19.07,412.61,6.9,590.32,May,5
2026-05-30 13:28:00.096019,Diwali Campaign,Google Ads,18-24,Female,Mumbai,Returning,142758,5151,1672,163,6623,433128.42,3.61,32.46,3.16,1.29,40.63,65.4,6439.76,May,5
2026-05-30 15:12:51.274254,New Year Offer,YouTube,55+,Female,Mumbai,Returning,149168,2435,471,140,24378,333412.83,1.63,19.34,5.75,10.01,174.13,13.68,1267.68,May,5
2026-05-30 16:57:42.452490,Winter Sale,Facebook,45-54,Female,Kolkata,New,118336,6559,728,87,12294,257204.75,5.54,11.1,1.33,1.87,141.31,20.92,1992.12,May,5
2026-05-30 18:42:33.630726,New Year Offer,Google Ads,35-44,Other,Hyderabad,New,133574,6605,2024,183,3750,116122.65,4.94,30.64,2.77,0.57,20.49,30.97,2996.6,May,5
2026-05-30 20:27:24.808961,Winter Sale,Email,25-34,Male,Bangalore,Returning,18545,416,71,12,27123,25247.91,2.24,17.07,2.88,65.2,2260.25,0.93,-6.91,May,5
2026-05-30 22:12:15.987197,Diwali Campaign,Google Ads,18-24,Other,Hyderabad,New,126377,6843,794,84,46327,220353.44,5.41,11.6,1.23,6.77,551.51,4.76,375.65,May,5
2026-05-30 23:57:07.165433,Summer Sale,Instagram,45-54,Other,Nagpur,New,18484,1764,433,127,11014,103700.93,9.54,24.55,7.2,6.24,86.72,9.42,841.54,May,5
2026-05-31 01:41:58.343668,Clearance Sale,Facebook,25-34,Male,Nagpur,Returning,33667,2552,602,98,45732,192269.87,7.58,23.59,3.84,17.92,466.65,4.2,320.43,May,5
2026-05-31 03:26:49.521904,Diwali Campaign,YouTube,55+,Other,Chennai,New,80111,6128,1274,333,32259,494439.99,7.65,20.79,5.43,5.26,96.87,15.33,1432.72,May,5
2026-05-31 05:11:40.700140,Monsoon Offer,Instagram,55+,Male,Nagpur,New,96492,7543,2354,279,49897,443489.41,7.82,31.21,3.7,6.62,178.84,8.89,788.81,May,5
2026-05-31 06:56:31.878375,New Year Offer,Instagram,45-54,Male,Chennai,Returning,137000,10551,1619,178,47230,495073.22,7.7,15.34,1.69,4.48,265.34,10.48,948.22,May,5
2026-05-31 08:41:23.056611,Festival Campaign,Facebook,55+,Male,Mumbai,New,86206,1016,84,18,15392,33239.32,1.18,8.27,1.77,15.15,855.11,2.16,115.95,May,5
2026-05-31 10:26:14.234846,Festival Campaign,YouTube,35-44,Male,Pune,New,102476,9553,1598,447,44466,327720.34,9.32,16.73,4.68,4.65,99.48,7.37,637.01,May,5
2026-05-31 12:11:05.413082,Product Launch,Email,45-54,Other,Delhi,Returning,108941,9228,762,80,36096,227443.23,8.47,8.26,0.87,3.91,451.2,6.3,530.11,May,5
2026-05-31 13:55:56.591318,Winter Sale,YouTube,55+,Other,Bangalore,Returning,50747,1761,399,83,17643,79931.32,3.47,22.66,4.71,10.02,212.57,4.53,353.05,May,5
2026-05-31 15:40:47.769553,New Year Offer,Google Ads,18-24,Other,Chennai,New,69749,4167,758,74,46663,202137.81,5.97,18.19,1.78,11.2,630.58,4.33,333.19,May,5
2026-05-31 17:25:38.947789,Product Launch,Instagram,55+,Female,Jaipur,Returning,19491,1273,381,98,23271,286875.58,6.53,29.93,7.7,18.28,237.46,12.33,1132.76,May,5
2026-05-31 19:10:30.126025,New Year Offer,Google Ads,35-44,Other,Pune,New,63100,1380,407,113,18386,304489.08,2.19,29.49,8.19,13.32,162.71,16.56,1556.09,May,5
2026-05-31 20:55:21.304260,Monsoon Offer,Email,25-34,Other,Ahmedabad,New,133569,4388,865,188,31822,412252.88,3.29,19.71,4.28,7.25,169.27,12.95,1195.5,May,5
2026-05-31 22:40:12.482496,Winter Sale,Google Ads,25-34,Female,Jaipur,New,18903,228,31,7,42084,16512.16,1.21,13.6,3.07,184.58,6012.0,0.39,-60.76,May,5
2026-06-01 00:25:03.660732,Diwali Campaign,YouTube,55+,Male,Pune,New,102722,9014,1749,161,13962,362196.57,8.78,19.4,1.79,1.55,86.72,25.94,2494.16,June,6
2026-06-01 02:09:54.838967,Diwali Campaign,Google Ads,25-34,Male,Jaipur,Returning,67782,829,209,20,15131,33026.22,1.22,25.21,2.41,18.25,756.55,2.18,118.27,June,6
2026-06-01 03:54:46.017203,Festival Campaign,Email,55+,Male,Kolkata,Returning,87261,3375,443,52,38861,61674.56,3.87,13.13,1.54,11.51,747.33,1.59,58.71,June,6
2026-06-01 05:39:37.195439,Diwali Campaign,Email,35-44,Female,Jaipur,New,87606,1492,430,60,9953,72750.41,1.7,28.82,4.02,6.67,165.88,7.31,630.94,June,6
2026-06-01 07:24:28.373674,Diwali Campaign,Email,25-34,Other,Chennai,Returning,46109,3703,626,154,30500,358499.63,8.03,16.91,4.16,8.24,198.05,11.75,1075.41,June,6
2026-06-01 09:09:19.551910,Monsoon Offer,YouTube,18-24,Other,Pune,New,91604,8541,2832,497,16856,1026350.29,9.32,33.16,5.82,1.97,33.92,60.89,5988.93,June,6
2026-06-01 10:54:10.730146,Summer Sale,Email,55+,Other,Ahmedabad,New,81086,4918,1073,104,20004,204069.85,6.07,21.82,2.11,4.07,192.35,10.2,920.15,June,6
2026-06-01 12:39:01.908381,Festival Campaign,Instagram,25-34,Other,Nagpur,Returning,35443,799,246,65,41958,138548.94,2.25,30.79,8.14,52.51,645.51,3.3,230.21,June,6
2026-06-01 14:23:53.086617,Product Launch,Email,35-44,Female,Jaipur,Returning,125155,7538,1856,554,12823,1350078.94,6.02,24.62,7.35,1.7,23.15,105.29,10428.57,June,6
2026-06-01 16:08:44.264852,Clearance Sale,Google Ads,35-44,Other,Ahmedabad,New,140560,11150,2561,461,47366,1092962.9,7.93,22.97,4.13,4.25,102.75,23.07,2207.48,June,6
2026-06-01 17:53:35.443088,Summer Sale,Google Ads,18-24,Male,Pune,Returning,72358,5402,1427,274,34609,209196.54,7.47,26.42,5.07,6.41,126.31,6.04,504.46,June,6
2026-06-01 19:38:26.621324,Product Launch,Google Ads,35-44,Female,Ahmedabad,New,97825,7508,2245,218,45797,306854.1,7.67,29.9,2.9,6.1,210.08,6.7,570.03,June,6
2026-06-01 21:23:17.799559,Winter Sale,YouTube,35-44,Female,Delhi,Returning,109385,3842,975,160,7935,185586.85,3.51,25.38,4.16,2.07,49.59,23.39,2238.84,June,6
2026-06-01 23:08:08.977795,Summer Sale,Google Ads,25-34,Male,Delhi,Returning,72280,1202,354,57,33514,105199.01,1.66,29.45,4.74,27.88,587.96,3.14,213.9,June,6
2026-06-02 00:53:00.156031,Monsoon Offer,YouTube,55+,Male,Jaipur,New,46852,1096,144,42,12752,27448.69,2.34,13.14,3.83,11.64,303.62,2.15,115.25,June,6
2026-06-02 02:37:51.334266,Product Launch,YouTube,45-54,Other,Jaipur,Returning,55021,5281,818,184,19270,442733.46,9.6,15.49,3.48,3.65,104.73,22.98,2197.53,June,6
2026-06-02 04:22:42.512502,Winter Sale,Email,35-44,Male,Jaipur,Returning,115932,7560,1073,270,42481,206905.95,6.52,14.19,3.57,5.62,157.34,4.87,387.06,June,6
2026-06-02 06:07:33.690738,Festival Campaign,Instagram,35-44,Female,Bangalore,New,16195,1222,361,39,25458,45961.7,7.55,29.54,3.19,20.83,652.77,1.81,80.54,June,6
2026-06-02 07:52:24.868973,Clearance Sale,Email,45-54,Female,Kolkata,New,87674,7970,822,141,26065,346416.38,9.09,10.31,1.77,3.27,184.86,13.29,1229.05,June,6
2026-06-02 09:37:16.047209,Winter Sale,Email,35-44,Female,Ahmedabad,New,36719,3185,939,114,44003,71694.6,8.67,29.48,3.58,13.82,385.99,1.63,62.93,June,6
2026-06-02 11:22:07.225445,Diwali Campaign,YouTube,25-34,Other,Hyderabad,New,108576,3219,595,160,48652,344080.43,2.96,18.48,4.97,15.11,304.08,7.07,607.23,June,6
2026-06-02 13:06:58.403680,New Year Offer,YouTube,25-34,Other,Mumbai,New,58450,889,90,10,31693,28111.96,1.52,10.12,1.12,35.65,3169.3,0.89,-11.3,June,6
2026-06-02 14:51:49.581916,Winter Sale,Google Ads,45-54,Male,Jaipur,New,30028,2800,544,96,19237,196233.08,9.32,19.43,3.43,6.87,200.39,10.2,920.08,June,6
2026-06-02 16:36:40.760152,Winter Sale,Google Ads,35-44,Other,Chennai,Returning,26192,2575,414,38,31897,86702.46,9.83,16.08,1.48,12.39,839.39,2.72,171.82,June,6
2026-06-02 18:21:31.938387,Clearance Sale,Email,35-44,Other,Delhi,New,93636,5717,1371,300,23853,744200.15,6.11,23.98,5.25,4.17,79.51,31.2,3019.94,June,6
2026-06-02 20:06:23.116623,New Year Offer,Facebook,55+,Female,Delhi,New,81812,7359,1527,284,36795,299794.89,9.0,20.75,3.86,5.0,129.56,8.15,714.77,June,6
2026-06-02 21:51:14.294858,Diwali Campaign,Facebook,35-44,Female,Nagpur,New,37551,1158,185,35,12024,68334.34,3.08,15.98,3.02,10.38,343.54,5.68,468.32,June,6
2026-06-02 23:36:05.473094,Product Launch,Google Ads,25-34,Male,Mumbai,Returning,130920,2617,818,83,14585,105629.27,2.0,31.26,3.17,5.57,175.72,7.24,624.23,June,6
2026-06-03 01:20:56.651330,Product Launch,Facebook,18-24,Female,Ahmedabad,New,71444,3928,745,143,17092,160694.6,5.5,18.97,3.64,4.35,119.52,9.4,840.17,June,6
2026-06-03 03:05:47.829565,Winter Sale,Google Ads,18-24,Other,Pune,New,23654,1963,406,82,48427,80453.57,8.3,20.68,4.18,24.67,590.57,1.66,66.13,June,6
2026-06-03 04:50:39.007801,Monsoon Offer,YouTube,18-24,Male,Mumbai,Returning,10203,703,216,63,10800,123705.32,6.89,30.73,8.96,15.36,171.43,11.45,1045.42,June,6
2026-06-03 06:35:30.186037,Monsoon Offer,Email,18-24,Male,Kolkata,Returning,126284,8506,885,77,20772,191447.4,6.74,10.4,0.91,2.44,269.77,9.22,821.66,June,6
2026-06-03 08:20:21.364272,New Year Offer,Instagram,35-44,Female,Jaipur,New,82150,950,176,49,10672,131796.41,1.16,18.53,5.16,11.23,217.8,12.35,1134.97,June,6
2026-06-03 10:05:12.542508,New Year Offer,Email,35-44,Female,Chennai,Returning,137812,5316,1003,186,41200,292292.46,3.86,18.87,3.5,7.75,221.51,7.09,609.45,June,6
2026-06-03 11:50:03.720744,Diwali Campaign,Google Ads,55+,Female,Ahmedabad,Returning,116154,10982,2348,296,45229,423945.26,9.45,21.38,2.7,4.12,152.8,9.37,837.33,June,6
2026-06-03 13:34:54.898979,Clearance Sale,Google Ads,35-44,Male,Ahmedabad,New,146400,3233,351,79,29364,175243.11,2.21,10.86,2.44,9.08,371.7,5.97,496.8,June,6
2026-06-03 15:19:46.077215,Festival Campaign,Email,18-24,Female,Jaipur,New,138062,10406,1120,217,11043,531844.89,7.54,10.76,2.09,1.06,50.89,48.16,4716.13,June,6
2026-06-03 17:04:37.255451,Product Launch,Google Ads,45-54,Other,Kolkata,New,69199,5420,1042,135,8192,152995.28,7.83,19.23,2.49,1.51,60.68,18.68,1767.62,June,6
2026-06-03 18:49:28.433686,Clearance Sale,Facebook,45-54,Male,Jaipur,Returning,67039,5091,452,98,22217,121836.27,7.59,8.88,1.92,4.36,226.7,5.48,448.39,June,6
2026-06-03 20:34:19.611922,Summer Sale,Facebook,25-34,Female,Jaipur,New,87232,8639,1285,236,43463,432702.06,9.9,14.87,2.73,5.03,184.17,9.96,895.56,June,6
2026-06-03 22:19:10.790158,Product Launch,Google Ads,25-34,Other,Mumbai,Returning,111683,5229,702,162,38829,260976.2,4.68,13.43,3.1,7.43,239.69,6.72,572.12,June,6
2026-06-04 00:04:01.968393,Clearance Sale,Google Ads,35-44,Other,Chennai,New,60750,4337,920,213,42796,482331.97,7.14,21.21,4.91,9.87,200.92,11.27,1027.05,June,6
2026-06-04 01:48:53.146629,Product Launch,Facebook,45-54,Female,Ahmedabad,Returning,26119,716,59,10,30368,17612.12,2.74,8.24,1.4,42.41,3036.8,0.58,-42.0,June,6
2026-06-04 03:33:44.324864,Festival Campaign,Google Ads,18-24,Other,Nagpur,New,34017,1563,410,68,48621,52971.85,4.59,26.23,4.35,31.11,715.01,1.09,8.95,June,6
2026-06-04 05:18:35.503100,Summer Sale,Google Ads,18-24,Male,Jaipur,Returning,31497,1708,531,49,22627,44829.27,5.42,31.09,2.87,13.25,461.78,1.98,98.12,June,6
2026-06-04 07:03:26.681336,Monsoon Offer,Email,18-24,Male,Bangalore,New,13372,392,106,19,48357,52340.67,2.93,27.04,4.85,123.36,2545.11,1.08,8.24,June,6
2026-06-04 08:48:17.859571,Monsoon Offer,Instagram,35-44,Other,Pune,New,98683,9040,2719,362,10657,386795.52,9.16,30.08,4.0,1.18,29.44,36.29,3529.5,June,6
2026-06-04 10:33:09.037807,Festival Campaign,Facebook,35-44,Male,Jaipur,New,27453,2044,518,47,37492,29385.12,7.45,25.34,2.3,18.34,797.7,0.78,-21.62,June,6
2026-06-04 12:18:00.216043,Diwali Campaign,Email,55+,Female,Jaipur,Returning,122716,4361,946,144,12125,335323.64,3.55,21.69,3.3,2.78,84.2,27.66,2665.56,June,6
2026-06-04 14:02:51.394278,Summer Sale,Instagram,18-24,Other,Ahmedabad,Returning,61928,1371,190,18,36322,39780.5,2.21,13.86,1.31,26.49,2017.89,1.1,9.52,June,6
2026-06-04 15:47:42.572514,Winter Sale,Google Ads,18-24,Male,Delhi,New,43960,1578,245,50,27579,100009.5,3.59,15.53,3.17,17.48,551.58,3.63,262.63,June,6
2026-06-04 17:32:33.750750,Clearance Sale,Google Ads,35-44,Female,Hyderabad,Returning,27197,1796,297,56,37052,98315.86,6.6,16.54,3.12,20.63,661.64,2.65,165.35,June,6
2026-06-04 19:17:24.928985,Summer Sale,Email,35-44,Female,Pune,New,109456,9235,833,211,15260,616953.64,8.44,9.02,2.28,1.65,72.32,40.43,3942.95,June,6
2026-06-04 21:02:16.107221,Diwali Campaign,Google Ads,55+,Male,Delhi,Returning,142955,7903,2580,358,24360,286249.9,5.53,32.65,4.53,3.08,68.04,11.75,1075.08,June,6
2026-06-04 22:47:07.285457,Diwali Campaign,YouTube,55+,Other,Mumbai,New,26651,512,165,26,18929,46160.58,1.92,32.23,5.08,36.97,728.04,2.44,143.86,June,6
2026-06-05 00:31:58.463692,Festival Campaign,Email,25-34,Female,Bangalore,Returning,12812,415,45,10,47580,19101.12,3.24,10.84,2.41,114.65,4758.0,0.4,-59.85,June,6
2026-06-05 02:16:49.641928,Product Launch,Instagram,45-54,Female,Hyderabad,Returning,105981,4351,1002,299,32081,166313.46,4.11,23.03,6.87,7.37,107.29,5.18,418.42,June,6
2026-06-05 04:01:40.820164,Summer Sale,Email,18-24,Female,Pune,Returning,16562,1113,229,63,49826,96388.81,6.72,20.58,5.66,44.77,790.89,1.93,93.45,June,6
2026-06-05 05:46:31.998399,Clearance Sale,Facebook,18-24,Female,Delhi,Returning,80713,2598,687,133,33984,326781.71,3.22,26.44,5.12,13.08,255.52,9.62,861.58,June,6
2026-06-05 07:31:23.176635,Summer Sale,Email,55+,Other,Chennai,Returning,30469,946,229,52,9158,87242.84,3.1,24.21,5.5,9.68,176.12,9.53,852.64,June,6
2026-06-05 09:16:14.354870,New Year Offer,Google Ads,55+,Male,Chennai,New,127538,4560,517,101,27663,271507.81,3.58,11.34,2.21,6.07,273.89,9.81,881.48,June,6
2026-06-05 11:01:05.533106,Product Launch,Google Ads,25-34,Male,Kolkata,Returning,106765,6761,1745,306,15386,646271.18,6.33,25.81,4.53,2.28,50.28,42.0,4100.38,June,6
2026-06-05 12:45:56.711342,Clearance Sale,YouTube,45-54,Male,Jaipur,Returning,103523,5625,1374,291,24487,702827.1,5.43,24.43,5.17,4.35,84.15,28.7,2770.21,June,6
2026-06-05 14:30:47.889577,Monsoon Offer,YouTube,25-34,Female,Bangalore,Returning,98641,8458,1889,311,29216,780983.31,8.57,22.33,3.68,3.45,93.94,26.73,2573.14,June,6
2026-06-05 16:15:39.067813,Clearance Sale,YouTube,45-54,Other,Hyderabad,Returning,92969,6769,1276,180,3216,400275.11,7.28,18.85,2.66,0.48,17.87,124.46,12346.37,June,6
2026-06-05 18:00:30.246049,Winter Sale,Instagram,18-24,Male,Pune,New,28217,1975,667,156,42321,370258.46,7.0,33.77,7.9,21.43,271.29,8.75,774.88,June,6
2026-06-05 19:45:21.424284,Festival Campaign,YouTube,25-34,Other,Chennai,Returning,106844,2555,790,214,44150,478991.14,2.39,30.92,8.38,17.28,206.31,10.85,984.92,June,6
2026-06-05 21:30:12.602520,Winter Sale,Instagram,55+,Male,Bangalore,Returning,94895,1420,337,48,32910,90055.65,1.5,23.73,3.38,23.18,685.62,2.74,173.64,June,6
2026-06-05 23:15:03.780756,Clearance Sale,YouTube,25-34,Female,Hyderabad,New,83497,4667,381,89,40480,170553.58,5.59,8.16,1.91,8.67,454.83,4.21,321.33,June,6
2026-06-06 00:59:54.958991,Product Launch,Instagram,25-34,Male,Kolkata,New,17186,282,55,9,10194,8772.41,1.64,19.5,3.19,36.15,1132.67,0.86,-13.95,June,6
2026-06-06 02:44:46.137227,Summer Sale,Email,18-24,Female,Chennai,Returning,148578,6353,1709,250,36973,642149.52,4.28,26.9,3.94,5.82,147.89,17.37,1636.81,June,6
2026-06-06 04:29:37.315463,Monsoon Offer,Email,55+,Female,Ahmedabad,New,105761,1306,145,31,38410,39690.64,1.23,11.1,2.37,29.41,1239.03,1.03,3.33,June,6
2026-06-06 06:14:28.493698,Summer Sale,Google Ads,55+,Male,Chennai,Returning,134272,3479,660,189,47190,347635.68,2.59,18.97,5.43,13.56,249.68,7.37,636.67,June,6
2026-06-06 07:59:19.671934,Product Launch,Instagram,35-44,Other,Nagpur,Returning,17791,354,46,7,25757,7867.05,1.99,12.99,1.98,72.76,3679.57,0.31,-69.46,June,6
2026-06-06 09:44:10.850170,Clearance Sale,Facebook,35-44,Female,Ahmedabad,New,103133,8466,1450,358,30423,801799.16,8.21,17.13,4.23,3.59,84.98,26.36,2535.5,June,6
2026-06-06 11:29:02.028405,Diwali Campaign,Google Ads,35-44,Other,Bangalore,Returning,82306,3387,295,44,15817,129268.58,4.12,8.71,1.3,4.67,359.48,8.17,717.28,June,6
2026-06-06 13:13:53.206641,Summer Sale,Email,18-24,Male,Kolkata,New,19893,340,38,9,39123,22543.66,1.71,11.18,2.65,115.07,4347.0,0.58,-42.38,June,6
2026-06-06 14:58:44.384876,Diwali Campaign,Instagram,25-34,Female,Delhi,New,99854,3384,686,169,31742,346067.84,3.39,20.27,4.99,9.38,187.82,10.9,990.25,June,6
2026-06-06 16:43:35.563112,Summer Sale,YouTube,55+,Other,Mumbai,Returning,115469,8250,2660,660,49294,1266385.78,7.14,32.24,8.0,5.98,74.69,25.69,2469.05,June,6
2026-06-06 18:28:26.741348,Summer Sale,Facebook,55+,Female,Jaipur,Returning,134858,10398,2209,661,37932,1139847.0,7.71,21.24,6.36,3.65,57.39,30.05,2904.97,June,6
2026-06-06 20:13:17.919583,Monsoon Offer,Email,25-34,Male,Jaipur,New,112809,2345,474,52,35867,52646.29,2.08,20.21,2.22,15.3,689.75,1.47,46.78,June,6
2026-06-06 21:58:09.097819,Festival Campaign,Google Ads,55+,Female,Chennai,Returning,33631,2692,787,130,19983,178103.27,8.0,29.23,4.83,7.42,153.72,8.91,791.27,June,6
2026-06-06 23:43:00.276055,Festival Campaign,Instagram,25-34,Male,Pune,New,15807,685,104,22,28435,33351.67,4.33,15.18,3.21,41.51,1292.5,1.17,17.29,June,6
2026-06-07 01:27:51.454290,New Year Offer,Facebook,18-24,Other,Ahmedabad,New,140184,9973,1053,221,25168,632374.41,7.11,10.56,2.22,2.52,113.88,25.13,2412.61,June,6
2026-06-07 03:12:42.632526,Winter Sale,Instagram,18-24,Female,Nagpur,New,21908,1543,210,52,9438,81325.77,7.04,13.61,3.37,6.12,181.5,8.62,761.68,June,6
2026-06-07 04:57:33.810762,Product Launch,YouTube,18-24,Other,Chennai,New,71716,5839,1714,154,32676,302683.29,8.14,29.35,2.64,5.6,212.18,9.26,826.32,June,6
2026-06-07 06:42:24.988997,Product Launch,Google Ads,25-34,Male,Kolkata,Returning,40432,2941,772,181,47851,507897.1,7.27,26.25,6.15,16.27,264.37,10.61,961.41,June,6
2026-06-07 08:27:16.167233,Product Launch,Instagram,25-34,Male,Mumbai,Returning,110458,1490,156,37,30257,66454.44,1.35,10.47,2.48,20.31,817.76,2.2,119.63,June,6
2026-06-07 10:12:07.345469,New Year Offer,Email,45-54,Other,Delhi,Returning,104101,5908,1536,143,41610,161393.3,5.68,26.0,2.42,7.04,290.98,3.88,287.87,June,6
2026-06-07 11:56:58.523704,Festival Campaign,Google Ads,55+,Other,Mumbai,Returning,117494,2932,972,192,18939,278882.93,2.5,33.15,6.55,6.46,98.64,14.73,1372.53,June,6
2026-06-07 13:41:49.701940,Clearance Sale,Email,55+,Male,Nagpur,Returning,35790,3482,320,42,26564,60431.62,9.73,9.19,1.21,7.63,632.48,2.27,127.49,June,6
2026-06-07 15:26:40.880176,Diwali Campaign,Instagram,45-54,Other,Mumbai,Returning,145097,4791,1180,302,46200,690611.76,3.3,24.63,6.3,9.64,152.98,14.95,1394.83,June,6
2026-06-07 17:11:32.058411,Monsoon Offer,Google Ads,45-54,Male,Mumbai,New,47924,2291,417,37,43510,45891.17,4.78,18.2,1.62,18.99,1175.95,1.05,5.47,June,6
2026-06-07 18:56:23.236647,Diwali Campaign,Email,18-24,Other,Bangalore,Returning,57196,1584,341,38,39678,88377.41,2.77,21.53,2.4,25.05,1044.16,2.23,122.74,June,6
2026-06-07 20:41:14.414882,Clearance Sale,YouTube,45-54,Male,Kolkata,New,113116,2501,556,57,14773,155217.09,2.21,22.23,2.28,5.91,259.18,10.51,950.68,June,6
2026-06-07 22:26:05.593118,Monsoon Offer,YouTube,25-34,Male,Kolkata,New,149722,9594,2764,260,45136,348447.46,6.41,28.81,2.71,4.7,173.6,7.72,671.99,June,6
2026-06-08 00:10:56.771354,New Year Offer,Instagram,35-44,Female,Hyderabad,New,58826,3199,737,156,16334,130783.03,5.44,23.04,4.88,5.11,104.71,8.01,700.68,June,6
2026-06-08 01:55:47.949589,Clearance Sale,Google Ads,25-34,Male,Chennai,Returning,67970,2971,713,193,31701,404602.47,4.37,24.0,6.5,10.67,164.25,12.76,1176.31,June,6
2026-06-08 03:40:39.127825,Product Launch,Facebook,45-54,Male,Pune,New,143528,2538,431,82,14632,114975.17,1.77,16.98,3.23,5.77,178.44,7.86,685.78,June,6
2026-06-08 05:25:30.306061,Winter Sale,Google Ads,55+,Female,Hyderabad,Returning,37892,2888,329,41,25204,75233.58,7.62,11.39,1.42,8.73,614.73,2.98,198.5,June,6
2026-06-08 07:10:21.484296,Summer Sale,YouTube,25-34,Female,Kolkata,New,27740,292,77,11,16932,22939.55,1.05,26.37,3.77,57.99,1539.27,1.35,35.48,June,6
2026-06-08 08:55:12.662532,Diwali Campaign,Email,55+,Other,Jaipur,Returning,21788,1115,89,14,4376,21271.0,5.12,7.98,1.26,3.92,312.57,4.86,386.08,June,6
2026-06-08 10:40:03.840768,Festival Campaign,Facebook,25-34,Other,Chennai,Returning,99381,6651,1122,201,28147,565158.96,6.69,16.87,3.02,4.23,140.03,20.08,1907.88,June,6
2026-06-08 12:24:55.019003,Festival Campaign,Instagram,55+,Male,Nagpur,Returning,122569,5976,829,143,15353,214362.24,4.88,13.87,2.39,2.57,107.36,13.96,1296.22,June,6
2026-06-08 14:09:46.197239,New Year Offer,Facebook,25-34,Other,Bangalore,Returning,149223,3187,589,134,14916,169970.4,2.14,18.48,4.2,4.68,111.31,11.4,1039.52,June,6
2026-06-08 15:54:37.375475,Monsoon Offer,Instagram,55+,Other,Delhi,Returning,36515,2922,479,74,24043,200849.92,8.0,16.39,2.53,8.23,324.91,8.35,735.38,June,6
2026-06-08 17:39:28.553710,Festival Campaign,Facebook,35-44,Male,Jaipur,New,65674,2571,694,156,44139,131157.67,3.91,26.99,6.07,17.17,282.94,2.97,197.15,June,6
2026-06-08 19:24:19.731946,Product Launch,Instagram,18-24,Female,Kolkata,Returning,57767,1278,192,38,34263,30799.85,2.21,15.02,2.97,26.81,901.66,0.9,-10.11,June,6
2026-06-08 21:09:10.910182,Diwali Campaign,Instagram,25-34,Female,Chennai,Returning,125737,7484,1731,156,3725,442922.3,5.95,23.13,2.08,0.5,23.88,118.91,11790.53,June,6
2026-06-08 22:54:02.088417,Clearance Sale,Facebook,35-44,Male,Kolkata,New,49644,582,118,33,9269,33739.89,1.17,20.27,5.67,15.93,280.88,3.64,264.01,June,6
2026-06-09 00:38:53.266653,Product Launch,Facebook,18-24,Male,Ahmedabad,Returning,48741,1908,565,67,34962,58363.27,3.91,29.61,3.51,18.32,521.82,1.67,66.93,June,6
2026-06-09 02:23:44.444888,New Year Offer,Instagram,25-34,Male,Hyderabad,Returning,75121,5826,1139,204,46978,374935.84,7.76,19.55,3.5,8.06,230.28,7.98,698.11,June,6
2026-06-09 04:08:35.623124,Product Launch,YouTube,35-44,Male,Delhi,Returning,149128,13741,4304,1241,20589,765661.22,9.21,31.32,9.03,1.5,16.59,37.19,3618.79,June,6
2026-06-09 05:53:26.801360,Clearance Sale,Facebook,35-44,Male,Delhi,Returning,96549,6107,488,65,31543,133252.44,6.33,7.99,1.06,5.17,485.28,4.22,322.45,June,6
2026-06-09 07:38:17.979595,Winter Sale,Google Ads,35-44,Male,Pune,Returning,34660,1025,249,21,35411,34278.87,2.96,24.29,2.05,34.55,1686.24,0.97,-3.2,June,6
2026-06-09 09:23:09.157831,New Year Offer,Email,45-54,Other,Ahmedabad,New,12639,376,31,5,49023,10505.15,2.97,8.24,1.33,130.38,9804.6,0.21,-78.57,June,6
2026-06-09 11:08:00.336067,Winter Sale,Instagram,55+,Other,Mumbai,Returning,96856,6232,1699,219,33385,264955.45,6.43,27.26,3.51,5.36,152.44,7.94,693.64,June,6
2026-06-09 12:52:51.514302,Summer Sale,Instagram,18-24,Other,Ahmedabad,New,82009,3822,548,114,9673,315059.58,4.66,14.34,2.98,2.53,84.85,32.57,3157.1,June,6
2026-06-09 14:37:42.692538,Winter Sale,Email,55+,Female,Delhi,Returning,20622,535,97,25,25156,29411.29,2.59,18.13,4.67,47.02,1006.24,1.17,16.92,June,6
2026-06-09 16:22:33.870774,Summer Sale,YouTube,55+,Male,Jaipur,New,128192,10366,1894,364,32856,762183.86,8.09,18.27,3.51,3.17,90.26,23.2,2219.77,June,6
2026-06-09 18:07:25.049009,Summer Sale,Email,55+,Male,Pune,New,28808,807,248,55,17222,157450.13,2.8,30.73,6.82,21.34,313.13,9.14,814.24,June,6
2026-06-09 19:52:16.227245,Winter Sale,Facebook,35-44,Other,Nagpur,New,140473,5471,588,133,41910,199769.09,3.89,10.75,2.43,7.66,315.11,4.77,376.66,June,6
2026-06-09 21:37:07.405481,New Year Offer,Email,55+,Female,Jaipur,Returning,32951,511,132,34,38749,30721.25,1.55,25.83,6.65,75.83,1139.68,0.79,-20.72,June,6
2026-06-09 23:21:58.583716,Monsoon Offer,Instagram,45-54,Other,Chennai,Returning,126909,9280,3201,740,31421,496507.58,7.31,34.49,7.97,3.39,42.46,15.8,1480.18,June,6
2026-06-10 01:06:49.761952,Clearance Sale,Email,25-34,Male,Mumbai,New,131522,4573,393,115,48612,334367.67,3.48,8.59,2.51,10.63,422.71,6.88,587.83,June,6
2026-06-10 02:51:40.940188,Product Launch,Google Ads,35-44,Male,Hyderabad,Returning,141469,4379,1492,269,24690,648089.25,3.1,34.07,6.14,5.64,91.78,26.25,2524.91,June,6
2026-06-10 04:36:32.118423,Product Launch,Facebook,18-24,Other,Nagpur,Returning,24665,920,78,7,35097,19581.66,3.73,8.48,0.76,38.15,5013.86,0.56,-44.21,June,6
2026-06-10 06:21:23.296659,Clearance Sale,Email,25-34,Other,Jaipur,New,24560,2177,668,111,39214,249426.17,8.86,30.68,5.1,18.01,353.28,6.36,536.06,June,6
2026-06-10 08:06:14.474894,Diwali Campaign,Instagram,25-34,Male,Chennai,Returning,36376,2059,699,185,29066,250882.43,5.66,33.95,8.98,14.12,157.11,8.63,763.15,June,6
2026-06-10 09:51:05.653130,Diwali Campaign,Facebook,25-34,Other,Kolkata,New,108042,2615,910,99,38056,79946.61,2.42,34.8,3.79,14.55,384.4,2.1,110.08,June,6
2026-06-10 11:35:56.831366,Summer Sale,Instagram,55+,Male,Bangalore,Returning,118304,9429,1923,465,25240,1312819.22,7.97,20.39,4.93,2.68,54.28,52.01,5101.34,June,6
2026-06-10 13:20:48.009601,Summer Sale,YouTube,55+,Other,Mumbai,New,28328,814,255,50,11239,86202.38,2.87,31.33,6.14,13.81,224.78,7.67,666.99,June,6
2026-06-10 15:05:39.187837,New Year Offer,Google Ads,35-44,Female,Hyderabad,Returning,130087,6130,692,192,7008,286324.32,4.71,11.29,3.13,1.14,36.5,40.86,3985.68,June,6
2026-06-10 16:50:30.366073,Festival Campaign,YouTube,55+,Male,Pune,Returning,58998,3606,702,169,18954,328617.15,6.11,19.47,4.69,5.26,112.15,17.34,1633.76,June,6
2026-06-10 18:35:21.544308,Winter Sale,Google Ads,55+,Female,Ahmedabad,New,129292,8093,1320,297,43039,227620.3,6.26,16.31,3.67,5.32,144.91,5.29,428.87,June,6
2026-06-10 20:20:12.722544,Summer Sale,Email,55+,Other,Bangalore,New,74853,1213,226,62,28038,78926.59,1.62,18.63,5.11,23.11,452.23,2.81,181.5,June,6
2026-06-10 22:05:03.900780,Product Launch,Facebook,35-44,Female,Mumbai,Returning,112304,9580,2582,722,8193,1512366.37,8.53,26.95,7.54,0.86,11.35,184.59,18359.25,June,6
2026-06-10 23:49:55.079015,New Year Offer,Email,35-44,Other,Nagpur,New,60217,3200,331,54,10734,40516.6,5.31,10.34,1.69,3.35,198.78,3.77,277.46,June,6
2026-06-11 01:34:46.257251,Winter Sale,Google Ads,45-54,Female,Kolkata,New,76139,7540,2635,748,27305,626903.96,9.9,34.95,9.92,3.62,36.5,22.96,2195.93,June,6
2026-06-11 03:19:37.435487,New Year Offer,Google Ads,45-54,Female,Pune,New,81831,6102,1534,141,39308,250482.22,7.46,25.14,2.31,6.44,278.78,6.37,537.23,June,6
2026-06-11 05:04:28.613722,Winter Sale,Google Ads,45-54,Female,Delhi,New,17103,1698,536,132,33539,271740.85,9.93,31.57,7.77,19.75,254.08,8.1,710.22,June,6
2026-06-11 06:49:19.791958,Winter Sale,Instagram,45-54,Male,Jaipur,New,24546,1247,379,58,44993,56115.25,5.08,30.39,4.65,36.08,775.74,1.25,24.72,June,6
2026-06-11 08:34:10.970194,Clearance Sale,Facebook,25-34,Female,Jaipur,Returning,28228,639,183,34,28163,19812.19,2.26,28.64,5.32,44.07,828.32,0.7,-29.65,June,6
2026-06-11 10:19:02.148429,Summer Sale,Email,25-34,Other,Pune,New,10046,758,68,17,43193,49230.59,7.55,8.97,2.24,56.98,2540.76,1.14,13.98,June,6
2026-06-11 12:03:53.326665,Monsoon Offer,Email,45-54,Other,Delhi,New,76355,6108,1340,294,41520,167207.1,8.0,21.94,4.81,6.8,141.22,4.03,302.71,June,6
2026-06-11 13:48:44.504900,New Year Offer,YouTube,45-54,Male,Jaipur,New,142152,12332,2079,375,26360,189423.79,8.68,16.86,3.04,2.14,70.29,7.19,618.6,June,6
2026-06-11 15:33:35.683136,Monsoon Offer,Google Ads,18-24,Male,Mumbai,New,125965,4677,516,59,38542,77192.73,3.71,11.03,1.26,8.24,653.25,2.0,100.28,June,6
2026-06-11 17:18:26.861372,New Year Offer,Google Ads,25-34,Other,Pune,Returning,87462,4894,844,241,36243,254528.03,5.6,17.25,4.92,7.41,150.39,7.02,602.28,June,6
2026-06-11 19:03:18.039607,Clearance Sale,Google Ads,18-24,Female,Pune,New,25930,2260,574,87,23724,168255.03,8.72,25.4,3.85,10.5,272.69,7.09,609.22,June,6
2026-06-11 20:48:09.217843,Product Launch,Email,18-24,Other,Nagpur,Returning,123476,10844,1542,157,13931,429476.98,8.78,14.22,1.45,1.28,88.73,30.83,2982.89,June,6
2026-06-11 22:33:00.396079,Monsoon Offer,YouTube,55+,Male,Delhi,Returning,90823,1118,223,45,23967,76624.61,1.23,19.95,4.03,21.44,532.6,3.2,219.71,June,6
2026-06-12 00:17:51.574314,Product Launch,Instagram,35-44,Male,Nagpur,New,110521,7778,1471,249,30476,605880.0,7.04,18.91,3.2,3.92,122.39,19.88,1888.06,June,6
2026-06-12 02:02:42.752550,Diwali Campaign,Facebook,25-34,Other,Delhi,New,88880,5701,536,112,45785,310583.57,6.41,9.4,1.96,8.03,408.79,6.78,578.35,June,6
2026-06-12 03:47:33.930786,Summer Sale,Instagram,45-54,Female,Nagpur,Returning,17293,302,75,9,32424,8761.49,1.75,24.83,2.98,107.36,3602.67,0.27,-72.98,June,6
2026-06-12 05:32:25.109021,Summer Sale,Email,45-54,Female,Pune,Returning,78542,7360,1818,296,47716,509350.06,9.37,24.7,4.02,6.48,161.2,10.67,967.46,June,6
2026-06-12 07:17:16.287257,Festival Campaign,Google Ads,35-44,Male,Ahmedabad,Returning,70528,3532,1204,353,8023,743126.77,5.01,34.09,9.99,2.27,22.73,92.62,9162.46,June,6
2026-06-12 09:02:07.465493,Clearance Sale,Facebook,25-34,Other,Ahmedabad,New,118885,8403,1348,385,32700,511937.62,7.07,16.04,4.58,3.89,84.94,15.66,1465.56,June,6
2026-06-12 10:46:58.643728,Product Launch,Email,45-54,Other,Ahmedabad,Returning,64669,5784,1116,301,41349,707163.46,8.94,19.29,5.2,7.15,137.37,17.1,1610.23,June,6
2026-06-12 12:31:49.821964,Winter Sale,Email,45-54,Male,Pune,New,27602,599,113,28,41253,63372.05,2.17,18.86,4.67,68.87,1473.32,1.54,53.62,June,6
2026-06-12 14:16:41.000200,New Year Offer,Email,55+,Other,Jaipur,Returning,19952,1736,569,65,39334,100927.82,8.7,32.78,3.74,22.66,605.14,2.57,156.59,June,6
2026-06-12 16:01:32.178435,Summer Sale,Facebook,18-24,Male,Kolkata,Returning,51684,3885,739,135,25744,97184.39,7.52,19.02,3.47,6.63,190.7,3.78,277.5,June,6
2026-06-12 17:46:23.356671,Monsoon Offer,Facebook,45-54,Female,Hyderabad,New,126032,10783,2151,516,49293,272923.73,8.56,19.95,4.79,4.57,95.53,5.54,453.68,June,6
2026-06-12 19:31:14.534906,New Year Offer,YouTube,25-34,Female,Kolkata,New,42905,2339,346,47,49014,66898.57,5.45,14.79,2.01,20.96,1042.85,1.36,36.49,June,6
2026-06-12 21:16:05.713142,New Year Offer,YouTube,35-44,Other,Ahmedabad,Returning,63602,827,66,5,20732,3525.86,1.3,7.98,0.6,25.07,4146.4,0.17,-82.99,June,6
2026-06-12 23:00:56.891378,Festival Campaign,Instagram,55+,Female,Jaipur,New,23381,1644,180,30,38125,73621.83,7.03,10.95,1.82,23.19,1270.83,1.93,93.11,June,6
2026-06-13 00:45:48.069613,Product Launch,Facebook,25-34,Female,Pune,New,38130,1666,449,77,13277,102857.71,4.37,26.95,4.62,7.97,172.43,7.75,674.71,June,6
2026-06-13 02:30:39.247849,Summer Sale,Facebook,55+,Male,Chennai,Returning,40415,1867,493,46,8000,99601.3,4.62,26.41,2.46,4.28,173.91,12.45,1145.02,June,6
2026-06-13 04:15:30.426085,New Year Offer,Facebook,18-24,Male,Jaipur,New,94679,4706,786,118,32756,161181.8,4.97,16.7,2.51,6.96,277.59,4.92,392.07,June,6
2026-06-13 06:00:21.604320,Summer Sale,YouTube,45-54,Other,Chennai,New,125458,6820,1416,399,40982,993448.57,5.44,20.76,5.85,6.01,102.71,24.24,2324.11,June,6
2026-06-13 07:45:12.782556,Winter Sale,Email,25-34,Male,Pune,Returning,141460,9841,1577,212,16859,576858.62,6.96,16.02,2.15,1.71,79.52,34.22,3321.67,June,6
2026-06-13 09:30:03.960792,Festival Campaign,Google Ads,35-44,Other,Mumbai,Returning,87652,6609,1832,375,14734,972669.51,7.54,27.72,5.67,2.23,39.29,66.02,6501.53,June,6
2026-06-13 11:14:55.139027,Winter Sale,YouTube,18-24,Other,Delhi,New,74333,5940,1826,342,21830,585224.9,7.99,30.74,5.76,3.68,63.83,26.81,2580.83,June,6
2026-06-13 12:59:46.317263,Summer Sale,Facebook,18-24,Male,Hyderabad,New,120930,8518,2749,741,12792,526020.36,7.04,32.27,8.7,1.5,17.26,41.12,4012.1,June,6
2026-06-13 14:44:37.495499,Diwali Campaign,YouTube,55+,Female,Kolkata,New,14852,1222,155,34,22461,48595.44,8.23,12.68,2.78,18.38,660.62,2.16,116.35,June,6
2026-06-13 16:29:28.673734,Monsoon Offer,Instagram,18-24,Female,Nagpur,Returning,149699,3142,840,96,25439,149869.44,2.1,26.73,3.06,8.1,264.99,5.89,489.13,June,6
2026-06-13 18:14:19.851970,Summer Sale,Facebook,25-34,Female,Nagpur,Returning,110286,9408,3198,356,11098,1032626.07,8.53,33.99,3.78,1.18,31.17,93.05,9204.61,June,6
2026-06-13 19:59:11.030206,Product Launch,Instagram,55+,Female,Delhi,New,123120,5522,1411,285,13428,545416.83,4.49,25.55,5.16,2.43,47.12,40.62,3961.79,June,6
2026-06-13 21:44:02.208441,New Year Offer,Facebook,18-24,Other,Jaipur,New,86596,4987,871,78,45646,163965.02,5.76,17.47,1.56,9.15,585.21,3.59,259.21,June,6
2026-06-13 23:28:53.386677,New Year Offer,YouTube,35-44,Female,Nagpur,New,136697,6703,1687,281,24139,689857.52,4.9,25.17,4.19,3.6,85.9,28.58,2757.85,June,6
2026-06-14 01:13:44.564912,Winter Sale,Email,25-34,Other,Bangalore,Returning,18209,961,255,42,15315,80661.26,5.28,26.53,4.37,15.94,364.64,5.27,426.68,June,6
2026-06-14 02:58:35.743148,Monsoon Offer,Google Ads,35-44,Male,Nagpur,Returning,63482,2265,424,52,37769,103803.0,3.57,18.72,2.3,16.68,726.33,2.75,174.84,June,6
2026-06-14 04:43:26.921384,Festival Campaign,Instagram,35-44,Male,Pune,New,48197,1219,131,19,11326,21153.07,2.53,10.75,1.56,9.29,596.11,1.87,86.77,June,6
2026-06-14 06:28:18.099619,Diwali Campaign,YouTube,55+,Other,Delhi,New,87694,1704,415,63,37557,40771.49,1.94,24.35,3.7,22.04,596.14,1.09,8.56,June,6
2026-06-14 08:13:09.277855,Clearance Sale,Email,45-54,Female,Hyderabad,New,127458,6452,1913,157,31976,361643.96,5.06,29.65,2.43,4.96,203.67,11.31,1030.99,June,6
2026-06-14 09:58:00.456091,Monsoon Offer,YouTube,55+,Other,Delhi,New,129614,2757,963,247,46502,647562.8,2.13,34.93,8.96,16.87,188.27,13.93,1292.55,June,6
2026-06-14 11:42:51.634326,New Year Offer,Instagram,25-34,Female,Hyderabad,Returning,99484,3188,447,129,16011,197370.06,3.2,14.02,4.05,5.02,124.12,12.33,1132.72,June,6
2026-06-14 13:27:42.812562,Product Launch,Google Ads,25-34,Female,Bangalore,New,22705,500,134,19,14543,35573.44,2.2,26.8,3.8,29.09,765.42,2.45,144.61,June,6
2026-06-14 15:12:33.990798,Monsoon Offer,YouTube,55+,Other,Nagpur,New,63832,1265,110,11,10062,13950.34,1.98,8.7,0.87,7.95,914.73,1.39,38.64,June,6
2026-06-14 16:57:25.169033,Winter Sale,Facebook,45-54,Other,Delhi,Returning,97367,8706,2976,862,32563,1401225.38,8.94,34.18,9.9,3.74,37.78,43.03,4203.12,June,6
2026-06-14 18:42:16.347269,Winter Sale,Email,55+,Female,Chennai,New,64612,4565,380,92,35580,94044.64,7.07,8.32,2.02,7.79,386.74,2.64,164.32,June,6
2026-06-14 20:27:07.525505,Clearance Sale,YouTube,25-34,Other,Ahmedabad,New,119165,11098,1962,541,14866,1298246.91,9.31,17.68,4.87,1.34,27.48,87.33,8632.99,June,6
2026-06-14 22:11:58.703740,Product Launch,Email,45-54,Female,Bangalore,New,83501,5674,570,90,13219,155680.15,6.8,10.05,1.59,2.33,146.88,11.78,1077.7,June,6
2026-06-14 23:56:49.881976,Festival Campaign,Facebook,25-34,Other,Jaipur,New,20248,1740,430,80,44787,149431.31,8.59,24.71,4.6,25.74,559.84,3.34,233.65,June,6
2026-06-15 01:41:41.060212,Monsoon Offer,Google Ads,45-54,Male,Chennai,New,56988,3417,586,166,10986,98391.55,6.0,17.15,4.86,3.22,66.18,8.96,795.61,June,6
2026-06-15 03:26:32.238447,Product Launch,Google Ads,45-54,Female,Hyderabad,New,99169,5120,1422,257,12535,528390.97,5.16,27.77,5.02,2.45,48.77,42.15,4115.32,June,6
2026-06-15 05:11:23.416683,Festival Campaign,Facebook,55+,Male,Delhi,Returning,105039,6046,1277,290,26657,291925.46,5.76,21.12,4.8,4.41,91.92,10.95,995.12,June,6
2026-06-15 06:56:14.594918,Product Launch,Email,55+,Other,Hyderabad,New,17461,677,130,30,42164,43754.6,3.88,19.2,4.43,62.28,1405.47,1.04,3.77,June,6
2026-06-15 08:41:05.773154,Product Launch,YouTube,55+,Male,Hyderabad,Returning,29870,2067,359,94,22511,143988.19,6.92,17.37,4.55,10.89,239.48,6.4,539.63,June,6
2026-06-15 10:25:56.951390,Summer Sale,Facebook,45-54,Other,Bangalore,Returning,23410,2124,219,64,26455,103797.22,9.07,10.31,3.01,12.46,413.36,3.92,292.35,June,6
2026-06-15 12:10:48.129625,Winter Sale,Instagram,45-54,Female,Chennai,Returning,97721,7857,1063,163,27982,174180.33,8.04,13.53,2.07,3.56,171.67,6.22,522.47,June,6
2026-06-15 13:55:39.307861,Monsoon Offer,Email,25-34,Other,Delhi,Returning,29133,1502,379,50,41344,131263.78,5.16,25.23,3.33,27.53,826.88,3.17,217.49,June,6
2026-06-15 15:40:30.486097,Product Launch,Google Ads,35-44,Other,Nagpur,New,99705,9556,2046,198,16788,310785.82,9.58,21.41,2.07,1.76,84.79,18.51,1751.24,June,6
2026-06-15 17:25:21.664332,Monsoon Offer,Facebook,55+,Female,Mumbai,New,33359,3292,325,87,45330,176639.24,9.87,9.87,2.64,13.77,521.03,3.9,289.67,June,6
2026-06-15 19:10:12.842568,Clearance Sale,Google Ads,25-34,Other,Kolkata,New,37400,2033,461,66,44445,134299.7,5.44,22.68,3.25,21.86,673.41,3.02,202.17,June,6
2026-06-15 20:55:04.020804,Product Launch,Email,25-34,Female,Kolkata,New,44173,3879,367,33,26380,66576.24,8.78,9.46,0.85,6.8,799.39,2.52,152.37,June,6
2026-06-15 22:39:55.199039,New Year Offer,Google Ads,18-24,Other,Bangalore,Returning,21179,220,47,12,36130,22779.54,1.04,21.36,5.45,164.23,3010.83,0.63,-36.95,June,6
2026-06-16 00:24:46.377275,Winter Sale,Facebook,55+,Female,Jaipur,Returning,111879,1789,609,117,11133,299118.03,1.6,34.04,6.54,6.22,95.15,26.87,2586.77,June,6
2026-06-16 02:09:37.555511,New Year Offer,Email,25-34,Male,Pune,Returning,45495,546,88,23,6801,58225.52,1.2,16.12,4.21,12.46,295.7,8.56,756.13,June,6
2026-06-16 03:54:28.733746,Monsoon Offer,Instagram,18-24,Other,Mumbai,New,16487,1312,361,72,3211,111086.02,7.96,27.52,5.49,2.45,44.6,34.6,3359.55,June,6
2026-06-16 05:39:19.911982,Monsoon Offer,Facebook,55+,Other,Delhi,Returning,24760,425,119,17,7796,35523.46,1.72,28.0,4.0,18.34,458.59,4.56,355.66,June,6
2026-06-16 07:24:11.090218,Winter Sale,YouTube,45-54,Other,Kolkata,New,137600,1587,300,32,43782,24226.34,1.15,18.9,2.02,27.59,1368.19,0.55,-44.67,June,6
2026-06-16 09:09:02.268453,Monsoon Offer,Facebook,18-24,Female,Jaipur,Returning,101975,2372,569,100,26404,72693.17,2.33,23.99,4.22,11.13,264.04,2.75,175.31,June,6
2026-06-16 10:53:53.446689,New Year Offer,Email,45-54,Other,Pune,New,102465,3849,798,68,5661,115585.79,3.76,20.73,1.77,1.47,83.25,20.42,1941.79,June,6
2026-06-16 12:38:44.624924,Product Launch,Facebook,35-44,Female,Chennai,Returning,39403,2041,319,67,29036,184284.17,5.18,15.63,3.28,14.23,433.37,6.35,534.67,June,6
2026-06-16 14:23:35.803160,Product Launch,Instagram,35-44,Other,Delhi,Returning,125625,1995,566,98,15430,208249.93,1.59,28.37,4.91,7.73,157.45,13.5,1249.64,June,6
2026-06-16 16:08:26.981396,Summer Sale,Instagram,35-44,Male,Hyderabad,New,118576,6510,1756,195,14548,423743.01,5.49,26.97,3.0,2.23,74.61,29.13,2812.72,June,6
2026-06-16 17:53:18.159631,Clearance Sale,YouTube,35-44,Other,Jaipur,Returning,11755,379,122,23,20477,20566.22,3.22,32.19,6.07,54.03,890.3,1.0,0.44,June,6
2026-06-16 19:38:09.337867,Monsoon Offer,Google Ads,25-34,Male,Delhi,Returning,138500,4805,1186,303,49927,494878.12,3.47,24.68,6.31,10.39,164.78,9.91,891.2,June,6
2026-06-16 21:23:00.516103,New Year Offer,Email,35-44,Female,Mumbai,New,81352,6831,1263,371,10744,557233.6,8.4,18.49,5.43,1.57,28.96,51.86,5086.46,June,6
2026-06-16 23:07:51.694338,Monsoon Offer,Email,25-34,Male,Hyderabad,Returning,125891,12440,3393,665,45693,1634201.5,9.88,27.27,5.35,3.67,68.71,35.76,3476.48,June,6
2026-06-17 00:52:42.872574,Monsoon Offer,Google Ads,25-34,Other,Mumbai,Returning,86759,4489,1109,120,37319,101347.23,5.17,24.7,2.67,8.31,310.99,2.72,171.57,June,6
2026-06-17 02:37:34.050810,Festival Campaign,Instagram,55+,Other,Ahmedabad,Returning,122133,4758,1172,302,12525,558089.21,3.9,24.63,6.35,2.63,41.47,44.56,4355.8,June,6
2026-06-17 04:22:25.229045,Summer Sale,Instagram,25-34,Female,Kolkata,Returning,17688,1659,513,119,12056,330627.07,9.38,30.92,7.17,7.27,101.31,27.42,2642.43,June,6
2026-06-17 06:07:16.407281,New Year Offer,Facebook,25-34,Other,Pune,New,79282,4363,1421,411,28862,1122502.54,5.5,32.57,9.42,6.62,70.22,38.89,3789.21,June,6
2026-06-17 07:52:07.585517,New Year Offer,YouTube,35-44,Other,Jaipur,New,58443,4425,569,112,23539,294654.39,7.57,12.86,2.53,5.32,210.17,12.52,1151.77,June,6
2026-06-17 09:36:58.763752,Monsoon Offer,YouTube,25-34,Female,Hyderabad,Returning,129086,6097,1004,159,7617,228556.66,4.72,16.47,2.61,1.25,47.91,30.01,2900.61,June,6
2026-06-17 11:21:49.941988,Summer Sale,YouTube,45-54,Female,Kolkata,New,46397,1309,334,97,37311,276716.92,2.82,25.52,7.41,28.5,384.65,7.42,641.65,June,6
2026-06-17 13:06:41.120224,Product Launch,Facebook,35-44,Male,Bangalore,Returning,83302,5742,1323,262,8721,658471.83,6.89,23.04,4.56,1.52,33.29,75.5,7450.42,June,6
2026-06-17 14:51:32.298459,New Year Offer,YouTube,18-24,Female,Mumbai,New,123417,8618,2207,184,20956,483525.01,6.98,25.61,2.14,2.43,113.89,23.07,2207.33,June,6
2026-06-17 16:36:23.476695,Product Launch,Google Ads,35-44,Other,Ahmedabad,Returning,11063,568,111,20,21385,56617.69,5.13,19.54,3.52,37.65,1069.25,2.65,164.75,June,6
2026-06-17 18:21:14.654930,Summer Sale,Facebook,25-34,Female,Mumbai,Returning,85848,2944,563,45,28475,127912.64,3.43,19.12,1.53,9.67,632.78,4.49,349.21,June,6
2026-06-17 20:06:05.833166,Product Launch,Google Ads,45-54,Other,Delhi,New,76512,6493,725,175,20491,192528.42,8.49,11.17,2.7,3.16,117.09,9.4,839.58,June,6
2026-06-17 21:50:57.011402,Winter Sale,Facebook,35-44,Male,Chennai,Returning,120687,4197,1042,213,11175,174493.71,3.48,24.83,5.08,2.66,52.46,15.61,1461.46,June,6
2026-06-17 23:35:48.189637,Festival Campaign,YouTube,45-54,Female,Ahmedabad,Returning,136230,9442,1203,125,24241,278398.42,6.93,12.74,1.32,2.57,193.93,11.48,1048.46,June,6
2026-06-18 01:20:39.367873,Diwali Campaign,Google Ads,18-24,Other,Ahmedabad,Returning,145141,6467,1689,437,48295,833811.25,4.46,26.12,6.76,7.47,110.51,17.26,1626.5,June,6
2026-06-18 03:05:30.546109,New Year Offer,Google Ads,18-24,Female,Pune,Returning,138167,7256,2475,490,26655,646097.47,5.25,34.11,6.75,3.67,54.4,24.24,2323.93,June,6
2026-06-18 04:50:21.724344,Clearance Sale,Google Ads,55+,Female,Jaipur,New,24612,714,106,11,31370,24322.36,2.9,14.85,1.54,43.94,2851.82,0.78,-22.47,June,6
2026-06-18 06:35:12.902580,Festival Campaign,Facebook,55+,Female,Bangalore,New,49170,3365,398,45,40088,29474.65,6.84,11.83,1.34,11.91,890.84,0.74,-26.48,June,6
2026-06-18 08:20:04.080816,Diwali Campaign,Email,35-44,Female,Bangalore,New,75881,2301,199,51,31950,31519.06,3.03,8.65,2.22,13.89,626.47,0.99,-1.35,June,6
2026-06-18 10:04:55.259051,Product Launch,YouTube,55+,Male,Pune,New,132092,7095,1293,204,24896,282698.4,5.37,18.22,2.88,3.51,122.04,11.36,1035.52,June,6
2026-06-18 11:49:46.437287,New Year Offer,Google Ads,45-54,Other,Mumbai,Returning,125764,4975,686,178,33373,175261.75,3.96,13.79,3.58,6.71,187.49,5.25,425.16,June,6
2026-06-18 13:34:37.615523,Product Launch,Email,55+,Female,Nagpur,Returning,144842,14009,2981,284,31460,652174.8,9.67,21.28,2.03,2.25,110.77,20.73,1973.03,June,6
2026-06-18 15:19:28.793758,Winter Sale,YouTube,45-54,Other,Kolkata,Returning,130340,12825,2841,379,46436,1087750.69,9.84,22.15,2.96,3.62,122.52,23.42,2242.47,June,6
2026-06-18 17:04:19.971994,Summer Sale,YouTube,55+,Male,Nagpur,Returning,54121,4211,734,182,44361,392040.47,7.78,17.43,4.32,10.53,243.74,8.84,783.75,June,6
2026-06-18 18:49:11.150230,New Year Offer,Google Ads,55+,Other,Delhi,New,83960,8274,2337,516,22631,1102671.83,9.85,28.25,6.24,2.74,43.86,48.72,4772.4,June,6
2026-06-18 20:34:02.328465,Diwali Campaign,Google Ads,55+,Other,Bangalore,New,21990,444,143,21,14263,10846.27,2.02,32.21,4.73,32.12,679.19,0.76,-23.96,June,6
2026-06-18 22:18:53.506701,Diwali Campaign,Facebook,25-34,Male,Jaipur,New,104258,10353,1419,405,6856,721180.43,9.93,13.71,3.91,0.66,16.93,105.19,10418.97,June,6
2026-06-19 00:03:44.684936,Winter Sale,Email,25-34,Female,Chennai,Returning,137640,2659,813,102,47661,259360.84,1.93,30.58,3.84,17.92,467.26,5.44,444.18,June,6
2026-06-19 01:48:35.863172,Winter Sale,Email,55+,Other,Mumbai,Returning,54659,2590,298,79,45767,168688.77,4.74,11.51,3.05,17.67,579.33,3.69,268.58,June,6
2026-06-19 03:33:27.041408,Monsoon Offer,Google Ads,45-54,Other,Jaipur,Returning,42137,1327,188,43,45349,45986.61,3.15,14.17,3.24,34.17,1054.63,1.01,1.41,June,6
2026-06-19 05:18:18.219643,New Year Offer,YouTube,35-44,Female,Jaipur,Returning,25573,2451,567,60,41060,157271.29,9.58,23.13,2.45,16.75,684.33,3.83,283.03,June,6
2026-06-19 07:03:09.397879,Product Launch,Google Ads,18-24,Female,Hyderabad,New,19554,1314,213,43,21782,125170.5,6.72,16.21,3.27,16.58,506.56,5.75,474.65,June,6
2026-06-19 08:48:00.576115,Clearance Sale,YouTube,25-34,Other,Ahmedabad,New,117804,7509,685,194,32376,232311.53,6.37,9.12,2.58,4.31,166.89,7.18,617.54,June,6
2026-06-19 10:32:51.754350,Diwali Campaign,YouTube,55+,Male,Kolkata,New,92164,9195,1467,317,19368,322622.27,9.98,15.95,3.45,2.11,61.1,16.66,1565.75,June,6
2026-06-19 12:17:42.932586,Diwali Campaign,Google Ads,18-24,Female,Ahmedabad,Returning,23015,1498,485,95,47192,127900.14,6.51,32.38,6.34,31.5,496.76,2.71,171.02,June,6
2026-06-19 14:02:34.110822,Winter Sale,Instagram,25-34,Female,Jaipur,New,145806,9937,1262,202,33825,132894.93,6.82,12.7,2.03,3.4,167.45,3.93,292.89,June,6
2026-06-19 15:47:25.289057,Festival Campaign,Email,35-44,Male,Pune,Returning,121175,1700,486,123,18076,330080.55,1.4,28.59,7.24,10.63,146.96,18.26,1726.07,June,6
2026-06-19 17:32:16.467293,Winter Sale,YouTube,45-54,Other,Nagpur,New,69617,6078,1671,469,40990,1324103.64,8.73,27.49,7.72,6.74,87.4,32.3,3130.31,June,6
2026-06-19 19:17:07.645529,Clearance Sale,YouTube,55+,Female,Hyderabad,New,120041,11680,1269,311,21563,647893.11,9.73,10.86,2.66,1.85,69.33,30.05,2904.65,June,6
2026-06-19 21:01:58.823764,Product Launch,Instagram,35-44,Other,Ahmedabad,Returning,85195,8215,1387,332,30392,800397.89,9.64,16.88,4.04,3.7,91.54,26.34,2533.58,June,6
2026-06-19 22:46:50.002000,Product Launch,Facebook,25-34,Other,Delhi,Returning,130603,3904,511,62,4312,134640.86,2.99,13.09,1.59,1.1,69.55,31.22,3022.47,June,6
2026-06-20 00:31:41.180236,Festival Campaign,Instagram,55+,Other,Chennai,Returning,147715,4480,386,101,32129,145781.94,3.03,8.62,2.25,7.17,318.11,4.54,353.74,June,6
2026-06-20 02:16:32.358471,Diwali Campaign,Instagram,18-24,Male,Chennai,New,23269,999,126,11,31605,22881.16,4.29,12.61,1.1,31.64,2873.18,0.72,-27.6,June,6
2026-06-20 04:01:23.536707,Winter Sale,YouTube,45-54,Other,Kolkata,New,28358,1075,144,35,22556,90678.01,3.79,13.4,3.26,20.98,644.46,4.02,302.01,June,6
2026-06-20 05:46:14.714942,Monsoon Offer,Email,25-34,Other,Delhi,New,108029,4051,505,63,41700,159060.42,3.75,12.47,1.56,10.29,661.9,3.81,281.44,June,6
2026-06-20 07:31:05.893178,Product Launch,Instagram,45-54,Female,Ahmedabad,New,93857,6050,632,118,22476,82911.97,6.45,10.45,1.95,3.72,190.47,3.69,268.89,June,6
2026-06-20 09:15:57.071414,Clearance Sale,Facebook,55+,Female,Ahmedabad,Returning,141275,11655,2588,602,44208,997214.45,8.25,22.21,5.17,3.79,73.44,22.56,2155.73,June,6
2026-06-20 11:00:48.249649,New Year Offer,Google Ads,35-44,Male,Jaipur,New,91254,8606,1438,355,29815,530122.8,9.43,16.71,4.13,3.46,83.99,17.78,1678.04,June,6
2026-06-20 12:45:39.427885,Summer Sale,Instagram,45-54,Male,Ahmedabad,Returning,111892,1802,586,161,22016,383183.52,1.61,32.52,8.93,12.22,136.75,17.4,1640.48,June,6
2026-06-20 14:30:30.606121,Summer Sale,Instagram,18-24,Female,Delhi,New,66235,2319,302,42,39152,73644.47,3.5,13.02,1.81,16.88,932.19,1.88,88.1,June,6
2026-06-20 16:15:21.784356,Summer Sale,Facebook,25-34,Female,Chennai,Returning,45304,1492,362,46,23647,63215.63,3.29,24.26,3.08,15.85,514.07,2.67,167.33,June,6
2026-06-20 18:00:12.962592,Monsoon Offer,Email,18-24,Male,Jaipur,Returning,32172,1356,438,131,16885,296829.55,4.21,32.3,9.66,12.45,128.89,17.58,1657.95,June,6
2026-06-20 19:45:04.140828,Diwali Campaign,Instagram,45-54,Other,Mumbai,New,83834,4039,374,46,39472,77461.53,4.82,9.26,1.14,9.77,858.09,1.96,96.24,June,6
2026-06-20 21:29:55.319063,Winter Sale,Instagram,35-44,Male,Delhi,New,95731,4310,945,213,49295,243152.29,4.5,21.93,4.94,11.44,231.43,4.93,393.26,June,6
2026-06-20 23:14:46.497299,Festival Campaign,Email,35-44,Other,Pune,Returning,54857,5249,1058,306,8628,834168.95,9.57,20.16,5.83,1.64,28.2,96.68,9568.16,June,6
2026-06-21 00:59:37.675535,Monsoon Offer,Facebook,18-24,Female,Ahmedabad,New,17825,879,290,80,20581,62609.57,4.93,32.99,9.1,23.41,257.26,3.04,204.21,June,6
2026-06-21 02:44:28.853770,Monsoon Offer,Instagram,55+,Female,Chennai,Returning,106774,6368,1650,292,45951,159204.03,5.96,25.91,4.59,7.22,157.37,3.46,246.46,June,6
2026-06-21 04:29:20.032006,Product Launch,Email,55+,Female,Nagpur,New,128624,9952,1734,381,23887,327575.26,7.74,17.42,3.83,2.4,62.7,13.71,1271.35,June,6
2026-06-21 06:14:11.210242,New Year Offer,Instagram,35-44,Other,Ahmedabad,New,37151,2795,760,149,11692,135457.11,7.52,27.19,5.33,4.18,78.47,11.59,1058.55,June,6
2026-06-21 07:59:02.388477,Monsoon Offer,Google Ads,18-24,Male,Pune,New,53327,3331,790,123,45121,226947.98,6.25,23.72,3.69,13.55,366.84,5.03,402.98,June,6
2026-06-21 09:43:53.566713,Clearance Sale,YouTube,18-24,Other,Chennai,New,45314,3963,688,76,18171,156724.45,8.75,17.36,1.92,4.59,239.09,8.62,762.5,June,6
2026-06-21 11:28:44.744948,New Year Offer,Google Ads,18-24,Male,Kolkata,New,57368,3796,1108,284,22512,460513.91,6.62,29.19,7.48,5.93,79.27,20.46,1945.64,June,6
2026-06-21 13:13:35.923184,Clearance Sale,Instagram,45-54,Male,Ahmedabad,Returning,71110,6309,1642,164,5294,165710.21,8.87,26.03,2.6,0.84,32.28,31.3,3030.15,June,6
2026-06-21 14:58:27.101420,Diwali Campaign,Facebook,55+,Male,Jaipur,New,138667,5165,420,89,18019,73912.47,3.72,8.13,1.72,3.49,202.46,4.1,310.19,June,6
2026-06-21 16:43:18.279655,Winter Sale,YouTube,55+,Female,Hyderabad,Returning,142744,3123,979,206,6914,356458.26,2.19,31.35,6.6,2.21,33.56,51.56,5055.6,June,6
2026-06-21 18:28:09.457891,Summer Sale,Google Ads,45-54,Male,Delhi,Returning,25322,2120,396,60,32743,114822.46,8.37,18.68,2.83,15.44,545.72,3.51,250.68,June,6
2026-06-21 20:13:00.636127,Monsoon Offer,Email,25-34,Female,Pune,Returning,71625,3182,809,88,26372,110871.5,4.44,25.42,2.77,8.29,299.68,4.2,320.41,June,6
2026-06-21 21:57:51.814362,Winter Sale,Facebook,45-54,Male,Ahmedabad,New,65504,4493,840,214,19282,224935.37,6.86,18.7,4.76,4.29,90.1,11.67,1066.56,June,6
2026-06-21 23:42:42.992598,Diwali Campaign,Google Ads,18-24,Male,Mumbai,Returning,67631,5164,1641,298,35029,209041.58,7.64,31.78,5.77,6.78,117.55,5.97,496.77,June,6
2026-06-22 01:27:34.170834,Festival Campaign,Email,45-54,Female,Nagpur,Returning,59239,2334,596,142,27621,80316.79,3.94,25.54,6.08,11.83,194.51,2.91,190.78,June,6
2026-06-22 03:12:25.349069,Festival Campaign,Instagram,18-24,Female,Chennai,Returning,114583,6355,1502,125,19358,95542.63,5.55,23.63,1.97,3.05,154.86,4.94,393.56,June,6
2026-06-22 04:57:16.527305,Diwali Campaign,Email,35-44,Other,Pune,Returning,12967,1174,404,38,46403,89497.54,9.05,34.41,3.24,39.53,1221.13,1.93,92.87,June,6
2026-06-22 06:42:07.705541,Clearance Sale,Google Ads,18-24,Male,Delhi,Returning,47018,4193,653,77,34863,104723.59,8.92,15.57,1.84,8.31,452.77,3.0,200.39,June,6
2026-06-22 08:26:58.883776,Product Launch,Google Ads,55+,Female,Ahmedabad,Returning,78774,6100,595,62,38899,35249.93,7.74,9.75,1.02,6.38,627.4,0.91,-9.38,June,6
2026-06-22 10:11:50.062012,Product Launch,Instagram,45-54,Other,Mumbai,New,149585,11764,2580,315,16891,557680.15,7.86,21.93,2.68,1.44,53.62,33.02,3201.64,June,6
2026-06-22 11:56:41.240248,Clearance Sale,Email,18-24,Other,Chennai,Returning,78274,7106,1382,319,28525,587013.65,9.08,19.45,4.49,4.01,89.42,20.58,1957.89,June,6
2026-06-22 13:41:32.418483,Festival Campaign,Email,25-34,Female,Delhi,Returning,80472,6137,1243,112,14760,176032.86,7.63,20.25,1.82,2.41,131.79,11.93,1092.63,June,6
2026-06-22 15:26:23.596719,Festival Campaign,Instagram,35-44,Male,Chennai,New,44604,1809,447,39,30297,30291.57,4.06,24.71,2.16,16.75,776.85,1.0,-0.02,June,6
2026-06-22 17:11:14.774954,Monsoon Offer,Email,25-34,Other,Delhi,Returning,77104,1609,395,34,39566,81172.23,2.09,24.55,2.11,24.59,1163.71,2.05,105.16,June,6
2026-06-22 18:56:05.953190,Festival Campaign,Instagram,25-34,Male,Ahmedabad,New,118818,5699,1059,247,24621,549007.88,4.8,18.58,4.33,4.32,99.68,22.3,2129.84,June,6
2026-06-22 20:40:57.131426,Winter Sale,Facebook,25-34,Male,Hyderabad,New,106396,1900,594,117,17572,173958.27,1.79,31.26,6.16,9.25,150.19,9.9,889.97,June,6
2026-06-22 22:25:48.309661,Festival Campaign,Google Ads,35-44,Other,Bangalore,Returning,14720,300,76,12,47249,17424.46,2.04,25.33,4.0,157.5,3937.42,0.37,-63.12,June,6
2026-06-23 00:10:39.487897,New Year Offer,Facebook,35-44,Female,Jaipur,Returning,50725,4845,1551,354,34867,315002.58,9.55,32.01,7.31,7.2,98.49,9.03,803.44,June,6
2026-06-23 01:55:30.666133,Monsoon Offer,YouTube,35-44,Male,Hyderabad,New,53923,3819,1247,251,30910,598352.22,7.08,32.65,6.57,8.09,123.15,19.36,1835.79,June,6
2026-06-23 03:40:21.844368,Summer Sale,YouTube,35-44,Female,Bangalore,New,49293,4270,534,43,33889,85954.19,8.66,12.51,1.01,7.94,788.12,2.54,153.63,June,6
2026-06-23 05:25:13.022604,Festival Campaign,YouTube,25-34,Other,Ahmedabad,New,40029,2716,716,189,49787,135037.4,6.79,26.36,6.96,18.33,263.42,2.71,171.23,June,6
2026-06-23 07:10:04.200840,Clearance Sale,Instagram,55+,Male,Ahmedabad,New,36585,1743,288,45,47181,65032.14,4.76,16.52,2.58,27.07,1048.47,1.38,37.84,June,6
2026-06-23 08:54:55.379075,Summer Sale,Email,55+,Female,Ahmedabad,Returning,68271,837,255,42,22701,115873.9,1.23,30.47,5.02,27.12,540.5,5.1,410.44,June,6
2026-06-23 10:39:46.557311,Winter Sale,Facebook,35-44,Female,Bangalore,New,33449,3211,892,224,48556,365329.78,9.6,27.78,6.98,15.12,216.77,7.52,652.39,June,6
2026-06-23 12:24:37.735547,Clearance Sale,Facebook,45-54,Male,Mumbai,New,147809,2421,323,39,45777,51180.43,1.64,13.34,1.61,18.91,1173.77,1.12,11.8,June,6
2026-06-23 14:09:28.913782,Summer Sale,Facebook,18-24,Female,Pune,New,45308,2941,980,80,23428,168756.82,6.49,33.32,2.72,7.97,292.85,7.2,620.32,June,6
2026-06-23 15:54:20.092018,Clearance Sale,Facebook,45-54,Female,Bangalore,Returning,133374,2560,677,189,21605,190404.45,1.92,26.45,7.38,8.44,114.31,8.81,781.3,June,6
2026-06-23 17:39:11.270254,Winter Sale,YouTube,45-54,Other,Nagpur,New,67175,2389,803,153,19244,276854.8,3.56,33.61,6.4,8.06,125.78,14.39,1338.66,June,6
2026-06-23 19:24:02.448489,Monsoon Offer,Facebook,45-54,Other,Pune,New,39059,1043,140,21,32264,45649.94,2.67,13.42,2.01,30.93,1536.38,1.41,41.49,June,6
2026-06-23 21:08:53.626725,New Year Offer,Email,55+,Female,Nagpur,Returning,92549,5537,1743,453,40035,1194649.81,5.98,31.48,8.18,7.23,88.38,29.84,2884.01,June,6
2026-06-23 22:53:44.804960,Winter Sale,YouTube,18-24,Female,Delhi,Returning,144058,12941,3369,289,44917,644834.36,8.98,26.03,2.23,3.47,155.42,14.36,1335.61,June,6
2026-06-24 00:38:35.983196,Winter Sale,Facebook,45-54,Male,Jaipur,New,132767,8922,2044,254,26203,371100.22,6.72,22.91,2.85,2.94,103.16,14.16,1316.25,June,6
2026-06-24 02:23:27.161432,Clearance Sale,Instagram,35-44,Other,Jaipur,New,62934,4391,1324,151,24102,365344.57,6.98,30.15,3.44,5.49,159.62,15.16,1415.83,June,6
2026-06-24 04:08:18.339667,Monsoon Offer,Google Ads,55+,Male,Jaipur,New,147557,13546,3398,823,24198,2259957.85,9.18,25.08,6.08,1.79,29.4,93.39,9239.44,June,6
2026-06-24 05:53:09.517903,Diwali Campaign,Google Ads,35-44,Female,Kolkata,Returning,130094,10075,2627,390,29961,660819.53,7.74,26.07,3.87,2.97,76.82,22.06,2105.6,June,6
2026-06-24 07:38:00.696139,Product Launch,Google Ads,35-44,Male,Bangalore,Returning,128156,11269,1673,418,29010,213703.32,8.79,14.85,3.71,2.57,69.4,7.37,636.65,June,6
2026-06-24 09:22:51.874374,Festival Campaign,YouTube,45-54,Female,Mumbai,New,99064,4703,1413,125,10237,337786.88,4.75,30.04,2.66,2.18,81.9,33.0,3199.67,June,6
2026-06-24 11:07:43.052610,Festival Campaign,Facebook,35-44,Other,Delhi,New,21772,1913,488,104,5984,95014.92,8.79,25.51,5.44,3.13,57.54,15.88,1487.82,June,6
2026-06-24 12:52:34.230846,New Year Offer,YouTube,18-24,Other,Ahmedabad,New,67564,4602,1417,212,22640,172952.52,6.81,30.79,4.61,4.92,106.79,7.64,663.92,June,6
2026-06-24 14:37:25.409081,New Year Offer,Email,35-44,Female,Bangalore,Returning,48635,1079,188,22,29012,27922.32,2.22,17.42,2.04,26.89,1318.73,0.96,-3.76,June,6
2026-06-24 16:22:16.587317,Festival Campaign,Instagram,45-54,Other,Nagpur,New,47394,639,108,28,40241,40598.86,1.35,16.9,4.38,62.97,1437.18,1.01,0.89,June,6
2026-06-24 18:07:07.765553,Product Launch,Instagram,35-44,Female,Nagpur,New,45030,1439,124,21,27548,52467.28,3.2,8.62,1.46,19.14,1311.81,1.9,90.46,June,6
2026-06-24 19:51:58.943788,Festival Campaign,Google Ads,55+,Male,Pune,Returning,77950,3433,987,203,10179,299010.57,4.4,28.75,5.91,2.97,50.14,29.38,2837.52,June,6
2026-06-24 21:36:50.122024,Diwali Campaign,Google Ads,55+,Female,Ahmedabad,New,113426,9684,1638,142,45734,88331.51,8.54,16.91,1.47,4.72,322.07,1.93,93.14,June,6
2026-06-24 23:21:41.300260,Product Launch,Google Ads,55+,Male,Kolkata,Returning,146065,11204,1886,479,36185,1001064.11,7.67,16.83,4.28,3.23,75.54,27.67,2666.52,June,6
2026-06-25 01:06:32.478495,New Year Offer,Facebook,25-34,Female,Nagpur,Returning,133652,12828,3411,488,25858,1062889.65,9.6,26.59,3.8,2.02,52.99,41.1,4010.49,June,6
2026-06-25 02:51:23.656731,Summer Sale,Email,55+,Other,Jaipur,New,23515,1418,210,48,3982,121706.51,6.03,14.81,3.39,2.81,82.96,30.56,2956.42,June,6
2026-06-25 04:36:14.834966,Clearance Sale,Email,55+,Female,Pune,Returning,117301,9066,2950,729,25807,1091433.43,7.73,32.54,8.04,2.85,35.4,42.29,4129.21,June,6
2026-06-25 06:21:06.013202,Diwali Campaign,Email,25-34,Female,Hyderabad,Returning,68724,2389,538,56,20522,40049.95,3.48,22.52,2.34,8.59,366.46,1.95,95.16,June,6
2026-06-25 08:05:57.191438,Diwali Campaign,Email,55+,Female,Chennai,New,12175,866,295,42,45193,79071.54,7.11,34.06,4.85,52.19,1076.02,1.75,74.96,June,6
2026-06-25 09:50:48.369673,Monsoon Offer,Google Ads,45-54,Other,Pune,Returning,12405,912,91,21,40310,16852.36,7.35,9.98,2.3,44.2,1919.52,0.42,-58.19,June,6
2026-06-25 11:35:39.547909,New Year Offer,Instagram,55+,Female,Pune,Returning,62515,5398,922,120,20214,65122.6,8.63,17.08,2.22,3.74,168.45,3.22,222.17,June,6
2026-06-25 13:20:30.726145,New Year Offer,Google Ads,55+,Other,Nagpur,New,17341,1010,184,49,33089,119876.48,5.82,18.22,4.85,32.76,675.29,3.62,262.28,June,6
2026-06-25 15:05:21.904380,Winter Sale,Email,25-34,Female,Bangalore,New,101796,6963,1930,286,34454,431438.58,6.84,27.72,4.11,4.95,120.47,12.52,1152.22,June,6
2026-06-25 16:50:13.082616,Diwali Campaign,Google Ads,45-54,Male,Ahmedabad,New,119460,3377,464,78,48053,141376.01,2.83,13.74,2.31,14.23,616.06,2.94,194.21,June,6
2026-06-25 18:35:04.260852,Winter Sale,Email,35-44,Female,Hyderabad,New,91499,6982,1266,129,16492,278268.87,7.63,18.13,1.85,2.36,127.84,16.87,1587.3,June,6
2026-06-25 20:19:55.439087,Winter Sale,YouTube,18-24,Male,Jaipur,New,93525,7992,2604,292,10632,438750.2,8.55,32.58,3.65,1.33,36.41,41.27,4026.69,June,6
2026-06-25 22:04:46.617323,Clearance Sale,Instagram,45-54,Other,Bangalore,Returning,28426,1803,200,28,18387,17579.21,6.34,11.09,1.55,10.2,656.68,0.96,-4.39,June,6
2026-06-25 23:49:37.795559,Winter Sale,YouTube,35-44,Other,Delhi,Returning,45927,937,263,23,23672,26032.76,2.04,28.07,2.45,25.26,1029.22,1.1,9.97,June,6
2026-06-26 01:34:28.973794,Product Launch,Facebook,45-54,Female,Nagpur,Returning,16395,625,168,20,42873,19717.06,3.81,26.88,3.2,68.6,2143.65,0.46,-54.01,June,6
2026-06-26 03:19:20.152030,Festival Campaign,Google Ads,35-44,Other,Ahmedabad,Returning,147046,7763,894,151,41143,444466.24,5.28,11.52,1.95,5.3,272.47,10.8,980.3,June,6
2026-06-26 05:04:11.330266,Summer Sale,Facebook,35-44,Female,Mumbai,Returning,15150,1074,285,46,29544,108043.13,7.09,26.54,4.28,27.51,642.26,3.66,265.7,June,6
2026-06-26 06:49:02.508501,New Year Offer,Google Ads,45-54,Other,Jaipur,New,87668,3404,795,98,27174,159629.75,3.88,23.35,2.88,7.98,277.29,5.87,487.44,June,6
2026-06-26 08:33:53.686737,Product Launch,YouTube,25-34,Male,Bangalore,New,59572,5100,803,78,5471,51356.64,8.56,15.75,1.53,1.07,70.14,9.39,838.71,June,6
2026-06-26 10:18:44.864972,Summer Sale,Email,45-54,Other,Jaipur,New,94028,4086,670,100,32377,78962.63,4.35,16.4,2.45,7.92,323.77,2.44,143.88,June,6
2026-06-26 12:03:36.043208,Diwali Campaign,Email,45-54,Male,Ahmedabad,New,64497,893,272,66,42002,167128.43,1.38,30.46,7.39,47.03,636.39,3.98,297.91,June,6
2026-06-26 13:48:27.221444,Diwali Campaign,Google Ads,35-44,Female,Delhi,Returning,112300,9147,1302,250,32319,715905.68,8.15,14.23,2.73,3.53,129.28,22.15,2115.12,June,6
2026-06-26 15:33:18.399679,Diwali Campaign,Email,18-24,Female,Delhi,New,32466,2207,482,138,48850,79815.81,6.8,21.84,6.25,22.13,353.99,1.63,63.39,June,6
2026-06-26 17:18:09.577915,Product Launch,YouTube,35-44,Female,Jaipur,New,19550,1606,423,46,42056,127695.67,8.21,26.34,2.86,26.19,914.26,3.04,203.63,June,6
2026-06-26 19:03:00.756151,Product Launch,Email,55+,Male,Delhi,Returning,63062,2610,300,37,23721,53702.14,4.14,11.49,1.42,9.09,641.11,2.26,126.39,June,6
2026-06-26 20:47:51.934386,New Year Offer,YouTube,45-54,Female,Bangalore,Returning,45394,525,174,24,45469,24817.96,1.16,33.14,4.57,86.61,1894.54,0.55,-45.42,June,6
2026-06-26 22:32:43.112622,Festival Campaign,Facebook,45-54,Female,Jaipur,New,108794,1810,272,22,24534,16622.78,1.66,15.03,1.22,13.55,1115.18,0.68,-32.25,June,6
2026-06-27 00:17:34.290858,Monsoon Offer,YouTube,25-34,Male,Bangalore,Returning,65084,1305,216,62,28348,150621.09,2.01,16.55,4.75,21.72,457.23,5.31,431.33,June,6
2026-06-27 02:02:25.469093,Winter Sale,Instagram,35-44,Other,Delhi,Returning,85809,7076,1838,327,24563,546834.32,8.25,25.98,4.62,3.47,75.12,22.26,2126.25,June,6
2026-06-27 03:47:16.647329,Diwali Campaign,Instagram,25-34,Female,Kolkata,New,95291,3538,357,66,14864,170349.92,3.71,10.09,1.87,4.2,225.21,11.46,1046.06,June,6
2026-06-27 05:32:07.825565,Clearance Sale,Instagram,45-54,Other,Chennai,Returning,89220,8905,2221,254,15178,270609.79,9.98,24.94,2.85,1.7,59.76,17.83,1682.91,June,6
2026-06-27 07:16:59.003800,Festival Campaign,Google Ads,35-44,Other,Mumbai,New,21366,1671,546,148,15388,325070.17,7.82,32.68,8.86,9.21,103.97,21.12,2012.49,June,6
2026-06-27 09:01:50.182036,Clearance Sale,Google Ads,35-44,Female,Nagpur,Returning,130525,8367,1232,286,14049,227457.02,6.41,14.72,3.42,1.68,49.12,16.19,1519.03,June,6
2026-06-27 10:46:41.360272,New Year Offer,Google Ads,55+,Female,Ahmedabad,Returning,113293,11162,1983,346,13872,250634.34,9.85,17.77,3.1,1.24,40.09,18.07,1706.76,June,6
2026-06-27 12:31:32.538507,New Year Offer,YouTube,55+,Male,Mumbai,Returning,73818,2839,405,110,4778,91684.96,3.85,14.27,3.87,1.68,43.44,19.19,1818.9,June,6
2026-06-27 14:16:23.716743,New Year Offer,Google Ads,18-24,Male,Bangalore,Returning,120325,2996,901,251,29595,633085.57,2.49,30.07,8.38,9.88,117.91,21.39,2039.16,June,6
2026-06-27 16:01:14.894978,Summer Sale,Facebook,55+,Female,Chennai,New,70325,5369,672,61,46884,130482.01,7.63,12.52,1.14,8.73,768.59,2.78,178.31,June,6
2026-06-27 17:46:06.073214,Clearance Sale,Instagram,35-44,Other,Chennai,Returning,11676,408,70,7,28164,6404.37,3.49,17.16,1.72,69.03,4023.43,0.23,-77.26,June,6
2026-06-27 19:30:57.251450,Festival Campaign,YouTube,55+,Male,Kolkata,New,116094,11202,2713,233,3272,340629.81,9.65,24.22,2.08,0.29,14.04,104.1,10310.45,June,6
2026-06-27 21:15:48.429685,Monsoon Offer,Instagram,18-24,Male,Hyderabad,New,146354,14478,2739,569,4501,1370843.35,9.89,18.92,3.93,0.31,7.91,304.56,30356.42,June,6
2026-06-27 23:00:39.607921,Festival Campaign,Google Ads,45-54,Female,Hyderabad,Returning,36222,3382,330,42,13297,50995.81,9.34,9.76,1.24,3.93,316.6,3.84,283.51,June,6
2026-06-28 00:45:30.786157,Product Launch,YouTube,55+,Female,Bangalore,Returning,23376,2221,745,198,16270,555025.54,9.5,33.54,8.91,7.33,82.17,34.11,3311.34,June,6
2026-06-28 02:30:21.964392,Product Launch,Email,35-44,Female,Chennai,New,19431,1270,217,39,6576,108673.77,6.54,17.09,3.07,5.18,168.62,16.53,1552.58,June,6
2026-06-28 04:15:13.142628,Diwali Campaign,Facebook,45-54,Female,Kolkata,Returning,43370,3135,628,165,43396,310571.59,7.23,20.03,5.26,13.84,263.01,7.16,615.67,June,6
2026-06-28 06:00:04.320864,Monsoon Offer,Google Ads,35-44,Male,Nagpur,Returning,143009,2643,331,66,48100,137275.75,1.85,12.52,2.5,18.2,728.79,2.85,185.4,June,6
2026-06-28 07:44:55.499099,Product Launch,Google Ads,45-54,Male,Nagpur,New,115116,9056,2840,724,17626,1544325.22,7.87,31.36,7.99,1.95,24.35,87.62,8661.63,June,6
2026-06-28 09:29:46.677335,New Year Offer,Facebook,35-44,Male,Mumbai,Returning,11067,311,49,7,4281,8023.2,2.81,15.76,2.25,13.77,611.57,1.87,87.41,June,6
2026-06-28 11:14:37.855571,Festival Campaign,Facebook,55+,Other,Jaipur,New,88937,7615,649,186,20653,262874.45,8.56,8.52,2.44,2.71,111.04,12.73,1172.81,June,6
2026-06-28 12:59:29.033806,Clearance Sale,Email,55+,Male,Ahmedabad,Returning,113556,10962,1813,411,7335,345179.49,9.65,16.54,3.75,0.67,17.85,47.06,4605.92,June,6
2026-06-28 14:44:20.212042,New Year Offer,Google Ads,18-24,Male,Kolkata,Returning,101396,2952,1020,215,14676,604618.35,2.91,34.55,7.28,4.97,68.26,41.2,4019.78,June,6
2026-06-28 16:29:11.390278,Summer Sale,Google Ads,45-54,Female,Jaipur,Returning,64654,1100,131,20,28727,46192.47,1.7,11.91,1.82,26.12,1436.35,1.61,60.8,June,6
2026-06-28 18:14:02.568513,Product Launch,Instagram,18-24,Male,Delhi,Returning,146268,7832,692,198,31947,121946.35,5.35,8.84,2.53,4.08,161.35,3.82,281.71,June,6
2026-06-28 19:58:53.746749,New Year Offer,YouTube,25-34,Male,Nagpur,Returning,40593,3297,778,120,13657,224816.24,8.12,23.6,3.64,4.14,113.81,16.46,1546.16,June,6
2026-06-28 21:43:44.924984,New Year Offer,YouTube,55+,Male,Bangalore,Returning,120423,9556,1723,454,5254,616388.69,7.94,18.03,4.75,0.55,11.57,117.32,11631.8,June,6
2026-06-28 23:28:36.103220,Summer Sale,Instagram,45-54,Female,Kolkata,New,75059,5457,1607,271,37343,687857.54,7.27,29.45,4.97,6.84,137.8,18.42,1742.0,June,6
2026-06-29 01:13:27.281456,Winter Sale,YouTube,18-24,Male,Chennai,New,117041,9815,2724,677,28408,920381.65,8.39,27.75,6.9,2.89,41.96,32.4,3139.87,June,6
2026-06-29 02:58:18.459691,Festival Campaign,Facebook,18-24,Male,Pune,Returning,54401,1400,182,51,45329,107629.14,2.57,13.0,3.64,32.38,888.8,2.37,137.44,June,6
2026-06-29 04:43:09.637927,Clearance Sale,YouTube,25-34,Other,Pune,Returning,41593,2856,663,120,15094,109722.1,6.87,23.21,4.2,5.29,125.78,7.27,626.93,June,6
2026-06-29 06:28:00.816163,Diwali Campaign,YouTube,18-24,Other,Nagpur,New,103220,6658,590,115,11759,218142.2,6.45,8.86,1.73,1.77,102.25,18.55,1755.11,June,6
2026-06-29 08:12:51.994398,Winter Sale,Instagram,35-44,Other,Kolkata,New,45690,1087,215,32,15447,39510.86,2.38,19.78,2.94,14.21,482.72,2.56,155.78,June,6
2026-06-29 09:57:43.172634,Product Launch,Email,55+,Other,Jaipur,New,105360,4983,1359,125,17145,114027.63,4.73,27.27,2.51,3.44,137.16,6.65,565.08,June,6
2026-06-29 11:42:34.350870,New Year Offer,YouTube,18-24,Female,Jaipur,Returning,78923,6844,1314,293,31767,600107.33,8.67,19.2,4.28,4.64,108.42,18.89,1789.09,June,6
2026-06-29 13:27:25.529105,Monsoon Offer,YouTube,18-24,Other,Kolkata,Returning,31826,3101,346,36,17760,75477.71,9.74,11.16,1.16,5.73,493.33,4.25,324.99,June,6
2026-06-29 15:12:16.707341,Summer Sale,Email,25-34,Male,Ahmedabad,Returning,130240,9102,879,138,47956,408257.05,6.99,9.66,1.52,5.27,347.51,8.51,751.32,June,6
2026-06-29 16:57:07.885577,Summer Sale,Instagram,35-44,Other,Nagpur,New,63165,5872,1823,286,6187,621410.83,9.3,31.05,4.87,1.05,21.63,100.44,9943.81,June,6
2026-06-29 18:41:59.063812,Monsoon Offer,Email,18-24,Female,Delhi,New,67454,1476,473,53,19982,94831.57,2.19,32.05,3.59,13.54,377.02,4.75,374.58,June,6
2026-06-29 20:26:50.242048,Festival Campaign,Instagram,55+,Other,Mumbai,Returning,16959,1657,286,64,49386,178019.33,9.77,17.26,3.86,29.8,771.66,3.6,260.47,June,6
2026-06-29 22:11:41.420284,Winter Sale,Facebook,55+,Other,Kolkata,New,52715,686,85,10,44003,25707.02,1.3,12.39,1.46,64.14,4400.3,0.58,-41.58,June,6
2026-06-29 23:56:32.598519,Diwali Campaign,Instagram,18-24,Female,Ahmedabad,Returning,42252,2427,835,209,49067,391219.93,5.74,34.4,8.61,20.22,234.77,7.97,697.32,June,6
2026-06-30 01:41:23.776755,Festival Campaign,Facebook,35-44,Female,Pune,Returning,36104,1306,296,39,17034,69356.54,3.62,22.66,2.99,13.04,436.77,4.07,307.17,June,6
2026-06-30 03:26:14.954990,Monsoon Offer,Facebook,55+,Female,Jaipur,New,141623,11790,2460,352,21265,1004932.88,8.32,20.87,2.99,1.8,60.41,47.26,4625.76,June,6
2026-06-30 05:11:06.133226,New Year Offer,Instagram,55+,Female,Bangalore,Returning,75669,2238,627,97,41920,198153.31,2.96,28.02,4.33,18.73,432.16,4.73,372.69,June,6
2026-06-30 06:55:57.311462,Monsoon Offer,Google Ads,35-44,Female,Nagpur,New,147679,1630,204,23,33620,52542.3,1.1,12.52,1.41,20.63,1461.74,1.56,56.28,June,6
2026-06-30 08:40:48.489697,Festival Campaign,Instagram,35-44,Female,Jaipur,New,86639,4099,969,170,19356,121838.59,4.73,23.64,4.15,4.72,113.86,6.29,529.46,June,6
2026-06-30 10:25:39.667933,Clearance Sale,YouTube,18-24,Male,Delhi,Returning,52973,835,267,26,37651,59689.87,1.58,31.98,3.11,45.09,1448.12,1.59,58.53,June,6
2026-06-30 12:10:30.846169,Summer Sale,YouTube,45-54,Other,Ahmedabad,Returning,136142,4915,423,73,26740,84804.44,3.61,8.61,1.49,5.44,366.3,3.17,217.14,June,6
2026-06-30 13:55:22.024404,Summer Sale,Google Ads,25-34,Other,Pune,New,109364,7429,1944,300,25335,236653.44,6.79,26.17,4.04,3.41,84.45,9.34,834.1,June,6
2026-06-30 15:40:13.202640,Product Launch,Facebook,45-54,Female,Delhi,Returning,66536,2430,556,85,9870,223054.05,3.65,22.88,3.5,4.06,116.12,22.6,2159.92,June,6
2026-06-30 17:25:04.380876,Product Launch,Google Ads,45-54,Female,Mumbai,New,89584,2877,968,218,5162,485699.14,3.21,33.65,7.58,1.79,23.68,94.09,9309.13,June,6
2026-06-30 19:09:55.559111,Monsoon Offer,YouTube,55+,Male,Hyderabad,Returning,105959,2542,380,94,48443,142777.61,2.4,14.95,3.7,19.06,515.35,2.95,194.73,June,6
2026-06-30 20:54:46.737347,Diwali Campaign,Google Ads,35-44,Male,Bangalore,New,107216,2376,741,117,9582,184689.39,2.22,31.19,4.92,4.03,81.9,19.27,1827.46,June,6
2026-06-30 22:39:37.915583,New Year Offer,Instagram,55+,Female,Mumbai,New,125283,7182,1173,161,32581,159839.88,5.73,16.33,2.24,4.54,202.37,4.91,390.59,June,6
2026-07-01 00:24:29.093818,Clearance Sale,Google Ads,25-34,Male,Nagpur,Returning,112410,8018,1572,296,27421,155067.74,7.13,19.61,3.69,3.42,92.64,5.66,465.51,July,7
2026-07-01 02:09:20.272054,Winter Sale,Facebook,18-24,Male,Jaipur,Returning,55820,2832,389,98,41811,134592.99,5.07,13.74,3.46,14.76,426.64,3.22,221.91,July,7
2026-07-01 03:54:11.450290,Festival Campaign,Instagram,25-34,Female,Chennai,New,108235,2286,715,158,49398,137623.67,2.11,31.28,6.91,21.61,312.65,2.79,178.6,July,7
2026-07-01 05:39:02.628525,Diwali Campaign,Email,55+,Female,Chennai,New,19990,1365,181,15,5982,23314.75,6.83,13.26,1.1,4.38,398.8,3.9,289.75,July,7
2026-07-01 07:23:53.806761,New Year Offer,YouTube,55+,Female,Pune,New,22778,1369,427,79,28451,204180.45,6.01,31.19,5.77,20.78,360.14,7.18,617.66,July,7
2026-07-01 09:08:44.984996,Product Launch,YouTube,55+,Female,Kolkata,New,110196,4883,991,295,27255,232131.34,4.43,20.29,6.04,5.58,92.39,8.52,751.7,July,7
2026-07-01 10:53:36.163232,Monsoon Offer,Google Ads,55+,Other,Jaipur,Returning,97448,3869,1181,186,6515,135665.42,3.97,30.52,4.81,1.68,35.03,20.82,1982.35,July,7
2026-07-01 12:38:27.341468,Festival Campaign,Instagram,45-54,Other,Chennai,Returning,102334,2710,410,72,43595,198378.4,2.65,15.13,2.66,16.09,605.49,4.55,355.05,July,7
2026-07-01 14:23:18.519703,Product Launch,Email,18-24,Female,Ahmedabad,Returning,85012,1969,228,32,19411,75611.16,2.32,11.58,1.63,9.86,606.59,3.9,289.53,July,7
2026-07-01 16:08:09.697939,Monsoon Offer,Instagram,45-54,Male,Hyderabad,New,69871,2829,650,123,3635,77818.98,4.05,22.98,4.35,1.28,29.55,21.41,2040.82,July,7
2026-07-01 17:53:00.876175,Festival Campaign,YouTube,55+,Female,Pune,Returning,126445,1738,378,43,49477,30053.83,1.37,21.75,2.47,28.47,1150.63,0.61,-39.26,July,7
2026-07-01 19:37:52.054410,Winter Sale,Instagram,35-44,Other,Bangalore,New,98873,4874,859,115,46084,254415.72,4.93,17.62,2.36,9.46,400.73,5.52,452.07,July,7
2026-07-01 21:22:43.232646,New Year Offer,Email,45-54,Male,Mumbai,New,39590,2539,657,155,36354,221008.38,6.41,25.88,6.1,14.32,234.54,6.08,507.93,July,7
2026-07-01 23:07:34.410882,Festival Campaign,Google Ads,55+,Other,Mumbai,Returning,77145,7309,772,85,6622,196386.83,9.47,10.56,1.16,0.91,77.91,29.66,2865.67,July,7
2026-07-02 00:52:25.589117,Clearance Sale,Facebook,55+,Female,Chennai,Returning,131909,8748,2168,615,48289,929348.13,6.63,24.78,7.03,5.52,78.52,19.25,1824.55,July,7
2026-07-02 02:37:16.767353,Diwali Campaign,Instagram,18-24,Other,Pune,New,43991,2910,399,58,26799,169329.07,6.61,13.71,1.99,9.21,462.05,6.32,531.85,July,7
2026-07-02 04:22:07.945589,Summer Sale,Facebook,25-34,Other,Chennai,New,11907,520,59,12,33649,26832.5,4.37,11.35,2.31,64.71,2804.08,0.8,-20.26,July,7
2026-07-02 06:06:59.123824,Clearance Sale,YouTube,45-54,Other,Mumbai,Returning,86479,1902,619,93,22854,57338.17,2.2,32.54,4.89,12.02,245.74,2.51,150.89,July,7
2026-07-02 07:51:50.302060,Clearance Sale,Google Ads,45-54,Male,Nagpur,New,146882,7377,1505,278,23098,368698.73,5.02,20.4,3.77,3.13,83.09,15.96,1496.24,July,7
2026-07-02 09:36:41.480296,Diwali Campaign,Google Ads,45-54,Other,Delhi,Returning,65600,4190,1198,334,15201,637611.17,6.39,28.59,7.97,3.63,45.51,41.95,4094.53,July,7
2026-07-02 11:21:32.658531,Summer Sale,Instagram,55+,Male,Jaipur,Returning,68612,5157,536,50,6470,42734.2,7.52,10.39,0.97,1.25,129.4,6.6,560.5,July,7
2026-07-02 13:06:23.836767,Clearance Sale,Google Ads,18-24,Female,Pune,New,47705,4023,384,103,28858,52148.98,8.43,9.55,2.56,7.17,280.17,1.81,80.71,July,7
2026-07-02 14:51:15.015003,Festival Campaign,Instagram,55+,Female,Ahmedabad,New,27615,912,194,39,9900,27232.54,3.3,21.27,4.28,10.86,253.85,2.75,175.08,July,7
2026-07-02 16:36:06.193238,Festival Campaign,Instagram,55+,Other,Chennai,New,85475,2710,447,101,33705,182876.53,3.17,16.49,3.73,12.44,333.71,5.43,442.58,July,7
2026-07-02 18:20:57.371474,Festival Campaign,Facebook,35-44,Male,Chennai,New,119054,7247,589,54,11582,112354.44,6.09,8.13,0.75,1.6,214.48,9.7,870.08,July,7
2026-07-02 20:05:48.549709,Summer Sale,Google Ads,18-24,Female,Kolkata,New,105490,6428,832,205,45903,150112.98,6.09,12.94,3.19,7.14,223.92,3.27,227.02,July,7
2026-07-02 21:50:39.727945,Clearance Sale,Instagram,45-54,Male,Hyderabad,Returning,76273,2258,314,33,9132,71375.41,2.96,13.91,1.46,4.04,276.73,7.82,681.6,July,7
2026-07-02 23:35:30.906181,Monsoon Offer,Facebook,25-34,Male,Bangalore,Returning,96356,6058,956,279,38405,569944.1,6.29,15.78,4.61,6.34,137.65,14.84,1384.04,July,7
2026-07-03 01:20:22.084416,Summer Sale,Email,45-54,Other,Chennai,Returning,58703,2414,765,195,41735,555699.78,4.11,31.69,8.08,17.29,214.03,13.31,1231.5,July,7
2026-07-03 03:05:13.262652,Festival Campaign,Facebook,55+,Other,Ahmedabad,Returning,118447,7999,1548,291,42026,757091.42,6.75,19.35,3.64,5.25,144.42,18.01,1701.48,July,7
2026-07-03 04:50:04.440888,Diwali Campaign,Facebook,18-24,Male,Bangalore,New,42567,1540,405,114,30266,325823.93,3.62,26.3,7.4,19.65,265.49,10.77,976.53,July,7
2026-07-03 06:34:55.619123,Clearance Sale,Instagram,18-24,Male,Hyderabad,Returning,14418,912,77,9,43674,26237.42,6.33,8.44,0.99,47.89,4852.67,0.6,-39.92,July,7
2026-07-03 08:19:46.797359,Clearance Sale,YouTube,18-24,Other,Kolkata,New,52164,4128,1237,368,49207,589543.85,7.91,29.97,8.91,11.92,133.71,11.98,1098.09,July,7
2026-07-03 10:04:37.975595,Product Launch,YouTube,35-44,Male,Chennai,New,11986,1177,170,40,23488,68791.07,9.82,14.44,3.4,19.96,587.2,2.93,192.88,July,7
2026-07-03 11:49:29.153830,Product Launch,YouTube,45-54,Other,Bangalore,New,48593,4470,730,74,17453,89100.06,9.2,16.33,1.66,3.9,235.85,5.11,410.51,July,7
2026-07-03 13:34:20.332066,Winter Sale,Facebook,35-44,Male,Bangalore,New,43983,2433,224,44,6538,77927.56,5.53,9.21,1.81,2.69,148.59,11.92,1091.92,July,7
2026-07-03 15:19:11.510302,Monsoon Offer,Instagram,25-34,Other,Nagpur,New,122194,6592,1256,296,18191,259528.88,5.39,19.05,4.49,2.76,61.46,14.27,1326.69,July,7
2026-07-03 17:04:02.688537,Monsoon Offer,Google Ads,55+,Male,Bangalore,Returning,108548,5361,1662,357,5747,777752.13,4.94,31.0,6.66,1.07,16.1,135.33,13433.18,July,7
2026-07-03 18:48:53.866773,New Year Offer,Facebook,35-44,Other,Mumbai,New,135605,1694,308,53,21058,29803.56,1.25,18.18,3.13,12.43,397.32,1.42,41.53,July,7
2026-07-03 20:33:45.045009,Monsoon Offer,Facebook,35-44,Male,Hyderabad,New,56887,1418,461,62,47494,67522.3,2.49,32.51,4.37,33.49,766.03,1.42,42.17,July,7
2026-07-03 22:18:36.223244,Product Launch,Instagram,55+,Female,Ahmedabad,Returning,21243,325,102,13,12123,13262.33,1.53,31.38,4.0,37.3,932.54,1.09,9.4,July,7
2026-07-04 00:03:27.401480,Summer Sale,Email,18-24,Female,Kolkata,Returning,10132,736,71,20,27700,56894.45,7.26,9.65,2.72,37.64,1385.0,2.05,105.4,July,7
2026-07-04 01:48:18.579715,Monsoon Offer,Facebook,55+,Male,Hyderabad,Returning,74397,3510,570,75,34047,64669.08,4.72,16.24,2.14,9.7,453.96,1.9,89.94,July,7
2026-07-04 03:33:09.757951,Product Launch,Email,45-54,Female,Delhi,New,93290,1468,478,139,43833,379044.47,1.57,32.56,9.47,29.86,315.35,8.65,764.75,July,7
2026-07-04 05:18:00.936187,Winter Sale,Email,55+,Male,Mumbai,New,19839,1431,125,15,16304,12163.43,7.21,8.74,1.05,11.39,1086.93,0.75,-25.4,July,7
2026-07-04 07:02:52.114422,Clearance Sale,YouTube,18-24,Male,Kolkata,New,89364,6076,1742,286,5865,608249.06,6.8,28.67,4.71,0.97,20.51,103.71,10270.83,July,7
2026-07-04 08:47:43.292658,Monsoon Offer,Instagram,55+,Female,Delhi,New,135688,10149,3295,272,27834,353522.46,7.48,32.47,2.68,2.74,102.33,12.7,1170.11,July,7
2026-07-04 10:32:34.470894,Winter Sale,Email,35-44,Male,Bangalore,Returning,76430,4890,1408,392,14860,505682.32,6.4,28.79,8.02,3.04,37.91,34.03,3302.98,July,7
2026-07-04 12:17:25.649129,Clearance Sale,Instagram,25-34,Other,Hyderabad,Returning,11265,276,77,7,42794,20969.74,2.45,27.9,2.54,155.05,6113.43,0.49,-51.0,July,7
2026-07-04 14:02:16.827365,Diwali Campaign,YouTube,35-44,Male,Ahmedabad,Returning,85501,1327,408,64,14325,68166.86,1.55,30.75,4.82,10.8,223.83,4.76,375.86,July,7
2026-07-04 15:47:08.005601,Diwali Campaign,Instagram,25-34,Male,Kolkata,Returning,74817,6250,1623,430,44931,432752.07,8.35,25.97,6.88,7.19,104.49,9.63,863.15,July,7
2026-07-04 17:31:59.183836,Clearance Sale,Facebook,55+,Female,Jaipur,Returning,105948,3117,605,153,31950,301920.54,2.94,19.41,4.91,10.25,208.82,9.45,844.98,July,7
2026-07-04 19:16:50.362072,Monsoon Offer,Email,45-54,Other,Delhi,Returning,64784,3811,369,97,36914,228132.46,5.88,9.68,2.55,9.69,380.56,6.18,518.01,July,7
2026-07-04 21:01:41.540308,New Year Offer,Instagram,55+,Male,Nagpur,New,137247,7365,2156,606,24068,1791494.35,5.37,29.27,8.23,3.27,39.72,74.43,7343.47,July,7
2026-07-04 22:46:32.718543,Product Launch,Google Ads,18-24,Male,Mumbai,New,56116,5212,1690,473,29895,1065921.79,9.29,32.43,9.08,5.74,63.2,35.66,3465.55,July,7
2026-07-05 00:31:23.896779,Summer Sale,Instagram,55+,Male,Mumbai,Returning,69133,4128,900,224,48008,426647.8,5.97,21.8,5.43,11.63,214.32,8.89,788.7,July,7
2026-07-05 02:16:15.075015,Summer Sale,Email,25-34,Male,Nagpur,Returning,87338,5432,1215,252,48557,383752.98,6.22,22.37,4.64,8.94,192.69,7.9,690.31,July,7
2026-07-05 04:01:06.253250,Festival Campaign,YouTube,35-44,Male,Mumbai,Returning,60141,2330,440,89,14532,176912.6,3.87,18.88,3.82,6.24,163.28,12.17,1117.4,July,7
2026-07-05 05:45:57.431486,Clearance Sale,YouTube,45-54,Male,Pune,Returning,95600,9204,2865,237,3892,474494.74,9.63,31.13,2.57,0.42,16.42,121.92,12091.54,July,7
2026-07-05 07:30:48.609721,Summer Sale,Email,55+,Other,Pune,New,51864,3377,283,67,39391,69966.68,6.51,8.38,1.98,11.66,587.93,1.78,77.62,July,7
2026-07-05 09:15:39.787957,Monsoon Offer,Facebook,55+,Other,Kolkata,New,147482,1540,382,49,11038,106723.05,1.04,24.81,3.18,7.17,225.27,9.67,866.87,July,7
2026-07-05 11:00:30.966193,New Year Offer,Facebook,35-44,Male,Jaipur,New,111701,6707,2179,571,36127,577314.96,6.0,32.49,8.51,5.39,63.27,15.98,1498.02,July,7
2026-07-05 12:45:22.144428,Clearance Sale,YouTube,45-54,Male,Ahmedabad,Returning,32970,1409,151,30,20872,51746.61,4.27,10.72,2.13,14.81,695.73,2.48,147.92,July,7
2026-07-05 14:30:13.322664,New Year Offer,YouTube,55+,Female,Bangalore,Returning,69951,901,305,90,25144,103470.64,1.29,33.85,9.99,27.91,279.38,4.12,311.51,July,7
2026-07-05 16:15:04.500900,Monsoon Offer,Email,55+,Other,Pune,Returning,57683,2817,961,121,17371,155122.31,4.88,34.11,4.3,6.17,143.56,8.93,793.0,July,7
2026-07-05 17:59:55.679135,Summer Sale,Facebook,25-34,Other,Delhi,New,131144,10441,3456,826,46986,1680656.05,7.96,33.1,7.91,4.5,56.88,35.77,3476.93,July,7
2026-07-05 19:44:46.857371,Summer Sale,YouTube,25-34,Male,Nagpur,New,88399,4892,1002,200,24339,132242.56,5.53,20.48,4.09,4.98,121.7,5.43,443.34,July,7
2026-07-05 21:29:38.035607,Festival Campaign,Facebook,18-24,Other,Hyderabad,New,120261,8123,1489,424,25058,224756.9,6.75,18.33,5.22,3.08,59.1,8.97,796.95,July,7
2026-07-05 23:14:29.213842,Summer Sale,YouTube,35-44,Other,Jaipur,Returning,102874,6951,1880,260,31434,214903.01,6.76,27.05,3.74,4.52,120.9,6.84,583.66,July,7
2026-07-06 00:59:20.392078,Clearance Sale,Instagram,45-54,Female,Ahmedabad,New,112330,7907,1312,122,25648,112455.63,7.04,16.59,1.54,3.24,210.23,4.38,338.46,July,7
2026-07-06 02:44:11.570314,Monsoon Offer,Google Ads,55+,Female,Delhi,New,39655,1779,175,34,9335,33819.2,4.49,9.84,1.91,5.25,274.56,3.62,262.28,July,7
2026-07-06 04:29:02.748549,Diwali Campaign,Instagram,55+,Other,Jaipur,Returning,75446,3266,1056,205,14739,499139.67,4.33,32.33,6.28,4.51,71.9,33.87,3286.52,July,7
2026-07-06 06:13:53.926785,Monsoon Offer,YouTube,18-24,Other,Nagpur,New,53639,558,140,20,20950,32342.9,1.04,25.09,3.58,37.54,1047.5,1.54,54.38,July,7
2026-07-06 07:58:45.105021,Clearance Sale,Google Ads,55+,Other,Delhi,Returning,28830,688,93,27,46364,45220.69,2.39,13.52,3.92,67.39,1717.19,0.98,-2.47,July,7
2026-07-06 09:43:36.283256,Clearance Sale,Google Ads,35-44,Male,Nagpur,Returning,18014,1721,146,13,36247,27440.86,9.55,8.48,0.76,21.06,2788.23,0.76,-24.29,July,7
2026-07-06 11:28:27.461492,Festival Campaign,YouTube,18-24,Female,Ahmedabad,Returning,78752,6758,1860,381,40660,884976.1,8.58,27.52,5.64,6.02,106.72,21.77,2076.53,July,7
2026-07-06 13:13:18.639727,Festival Campaign,YouTube,35-44,Male,Mumbai,New,86758,3015,935,128,8192,65122.67,3.48,31.01,4.25,2.72,64.0,7.95,694.95,July,7
2026-07-06 14:58:09.817963,Summer Sale,Facebook,18-24,Female,Bangalore,New,99418,4583,868,69,26942,182285.12,4.61,18.94,1.51,5.88,390.46,6.77,576.58,July,7
2026-07-06 16:43:00.996199,Winter Sale,YouTube,55+,Female,Bangalore,Returning,53702,5079,517,153,10097,454576.33,9.46,10.18,3.01,1.99,65.99,45.02,4402.09,July,7
2026-07-06 18:27:52.174434,Monsoon Offer,Email,18-24,Female,Chennai,New,32687,1063,271,50,36867,40225.93,3.25,25.49,4.7,34.68,737.34,1.09,9.11,July,7
2026-07-06 20:12:43.352670,Monsoon Offer,YouTube,25-34,Other,Pune,Returning,39581,2292,367,98,47722,208514.74,5.79,16.01,4.28,20.82,486.96,4.37,336.94,July,7
2026-07-06 21:57:34.530906,Winter Sale,Email,45-54,Female,Kolkata,New,103733,1243,147,38,17302,19229.31,1.2,11.83,3.06,13.92,455.32,1.11,11.14,July,7
2026-07-06 23:42:25.709141,Festival Campaign,YouTube,55+,Male,Hyderabad,Returning,18292,1203,262,67,49417,41712.44,6.58,21.78,5.57,41.08,737.57,0.84,-15.59,July,7
2026-07-07 01:27:16.887377,Summer Sale,Facebook,45-54,Female,Nagpur,Returning,117809,11039,2319,419,28051,508038.57,9.37,21.01,3.8,2.54,66.95,18.11,1711.12,July,7
2026-07-07 03:12:08.065613,Winter Sale,Email,55+,Male,Chennai,New,144520,12952,2843,787,47337,2058800.04,8.96,21.95,6.08,3.65,60.15,43.49,4249.24,July,7
2026-07-07 04:56:59.243848,Summer Sale,Instagram,45-54,Female,Chennai,Returning,29628,1634,494,79,20300,168368.93,5.52,30.23,4.83,12.42,256.96,8.29,729.4,July,7
2026-07-07 06:41:50.422084,Summer Sale,Email,25-34,Female,Chennai,Returning,36477,2497,526,89,40512,143695.16,6.85,21.07,3.56,16.22,455.19,3.55,254.7,July,7
2026-07-07 08:26:41.600320,Summer Sale,Facebook,45-54,Other,Nagpur,Returning,63826,3911,1263,172,13401,274597.34,6.13,32.29,4.4,3.43,77.91,20.49,1949.08,July,7
2026-07-07 10:11:32.778555,Product Launch,Email,18-24,Male,Ahmedabad,Returning,30010,480,147,26,12551,43293.48,1.6,30.63,5.42,26.15,482.73,3.45,244.94,July,7
2026-07-07 11:56:23.956791,Clearance Sale,YouTube,45-54,Female,Nagpur,Returning,75146,1824,466,138,21605,176306.42,2.43,25.55,7.57,11.84,156.56,8.16,716.04,July,7
2026-07-07 13:41:15.135027,Summer Sale,YouTube,55+,Female,Bangalore,New,68133,6591,628,129,40742,347562.93,9.67,9.53,1.96,6.18,315.83,8.53,753.08,July,7
2026-07-07 15:26:06.313262,Product Launch,Facebook,35-44,Male,Nagpur,New,50643,1673,524,137,41882,262995.18,3.3,31.32,8.19,25.03,305.71,6.28,527.94,July,7
2026-07-07 17:10:57.491498,Festival Campaign,Google Ads,45-54,Female,Ahmedabad,Returning,107100,4776,1549,213,14013,364203.36,4.46,32.43,4.46,2.93,65.79,25.99,2499.04,July,7
2026-07-07 18:55:48.669733,Winter Sale,YouTube,45-54,Other,Jaipur,New,130956,7307,1324,384,48285,638473.54,5.58,18.12,5.26,6.61,125.74,13.22,1222.3,July,7
2026-07-07 20:40:39.847969,Clearance Sale,Instagram,45-54,Male,Bangalore,Returning,75708,7428,1649,136,11894,386181.0,9.81,22.2,1.83,1.6,87.46,32.47,3146.86,July,7
2026-07-07 22:25:31.026205,Diwali Campaign,Facebook,55+,Other,Mumbai,Returning,27270,1966,306,87,19501,200896.47,7.21,15.56,4.43,9.92,224.15,10.3,930.19,July,7
2026-07-08 00:10:22.204440,Winter Sale,Email,45-54,Male,Delhi,Returning,103644,6909,580,160,46060,137925.82,6.67,8.39,2.32,6.67,287.88,2.99,199.45,July,7
2026-07-08 01:55:13.382676,Clearance Sale,Email,55+,Male,Mumbai,Returning,91580,5238,1097,104,22647,165612.24,5.72,20.94,1.99,4.32,217.76,7.31,631.28,July,7
2026-07-08 03:40:04.560912,Diwali Campaign,Instagram,55+,Male,Kolkata,Returning,147335,10764,1237,263,7667,321104.73,7.31,11.49,2.44,0.71,29.15,41.88,4088.14,July,7
2026-07-08 05:24:55.739147,Winter Sale,YouTube,35-44,Female,Mumbai,New,30752,2145,277,70,45920,207702.02,6.98,12.91,3.26,21.41,656.0,4.52,352.31,July,7
2026-07-08 07:09:46.917383,Clearance Sale,Facebook,18-24,Male,Bangalore,New,21621,1973,413,69,40386,106155.76,9.13,20.93,3.5,20.47,585.3,2.63,162.85,July,7
2026-07-08 08:54:38.095619,Winter Sale,Instagram,55+,Male,Mumbai,New,52369,3077,966,96,18500,64288.82,5.88,31.39,3.12,6.01,192.71,3.48,247.51,July,7
2026-07-08 10:39:29.273854,Winter Sale,YouTube,25-34,Male,Pune,New,82592,3959,1219,319,26182,487441.57,4.79,30.79,8.06,6.61,82.08,18.62,1761.74,July,7
2026-07-08 12:24:20.452090,Diwali Campaign,Facebook,45-54,Other,Mumbai,New,70267,5807,1977,361,31784,470518.63,8.26,34.05,6.22,5.47,88.04,14.8,1380.36,July,7
2026-07-08 14:09:11.630326,Winter Sale,Email,25-34,Male,Hyderabad,New,96873,7941,1670,230,43426,459760.02,8.2,21.03,2.9,5.47,188.81,10.59,958.72,July,7
2026-07-08 15:54:02.808561,Winter Sale,Facebook,45-54,Female,Kolkata,Returning,134790,3408,780,74,12559,78824.46,2.53,22.89,2.17,3.69,169.72,6.28,527.63,July,7
2026-07-08 17:38:53.986797,Diwali Campaign,Google Ads,35-44,Male,Delhi,New,24245,759,229,50,44058,29496.71,3.13,30.17,6.59,58.05,881.16,0.67,-33.05,July,7
2026-07-08 19:23:45.165033,Festival Campaign,Facebook,55+,Male,Ahmedabad,Returning,42676,4108,1104,98,36814,72490.69,9.63,26.87,2.39,8.96,375.65,1.97,96.91,July,7
2026-07-08 21:08:36.343268,Summer Sale,Google Ads,18-24,Other,Hyderabad,Returning,123982,6195,801,203,31910,245197.4,5.0,12.93,3.28,5.15,157.19,7.68,668.4,July,7
2026-07-08 22:53:27.521504,Monsoon Offer,Facebook,55+,Female,Hyderabad,New,142424,8085,1515,378,41150,518164.89,5.68,18.74,4.68,5.09,108.86,12.59,1159.21,July,7
2026-07-09 00:38:18.699739,New Year Offer,Google Ads,45-54,Female,Hyderabad,New,15243,577,190,28,23187,72411.54,3.79,32.93,4.85,40.19,828.11,3.12,212.29,July,7
2026-07-09 02:23:09.877975,Product Launch,Email,18-24,Female,Ahmedabad,Returning,69484,3703,442,81,28181,95189.11,5.33,11.94,2.19,7.61,347.91,3.38,237.78,July,7
2026-07-09 04:08:01.056211,New Year Offer,YouTube,55+,Male,Pune,Returning,94926,7300,996,226,5169,130793.58,7.69,13.64,3.1,0.71,22.87,25.3,2430.35,July,7
2026-07-09 05:52:52.234446,New Year Offer,Google Ads,18-24,Male,Pune,Returning,103730,5540,1042,303,8419,742905.61,5.34,18.81,5.47,1.52,27.79,88.24,8724.16,July,7
2026-07-09 07:37:43.412682,Clearance Sale,Google Ads,45-54,Female,Ahmedabad,Returning,59974,2298,766,148,36330,395499.5,3.83,33.33,6.44,15.81,245.47,10.89,988.63,July,7
2026-07-09 09:22:34.590918,Summer Sale,Email,35-44,Female,Jaipur,Returning,106383,1982,219,65,9460,112499.76,1.86,11.05,3.28,4.77,145.54,11.89,1089.22,July,7
2026-07-09 11:07:25.769153,Clearance Sale,Google Ads,35-44,Other,Nagpur,New,75702,7081,1853,280,41706,339449.06,9.35,26.17,3.95,5.89,148.95,8.14,713.91,July,7
2026-07-09 12:52:16.947389,Summer Sale,Instagram,55+,Female,Nagpur,New,120827,10687,1236,242,23384,588144.63,8.84,11.57,2.26,2.19,96.63,25.15,2415.16,July,7
2026-07-09 14:37:08.125625,Diwali Campaign,Email,25-34,Male,Pune,Returning,142326,11560,2561,270,11211,141006.42,8.12,22.15,2.34,0.97,41.52,12.58,1157.75,July,7
2026-07-09 16:21:59.303860,Diwali Campaign,Instagram,45-54,Male,Bangalore,Returning,14286,1035,232,46,23344,129263.25,7.24,22.42,4.44,22.55,507.48,5.54,453.73,July,7
2026-07-09 18:06:50.482096,Monsoon Offer,Email,55+,Male,Ahmedabad,Returning,79543,4485,410,81,12515,215770.16,5.64,9.14,1.81,2.79,154.51,17.24,1624.09,July,7
2026-07-09 19:51:41.660332,Summer Sale,Google Ads,55+,Other,Pune,Returning,24992,2268,765,204,6541,379864.94,9.07,33.73,8.99,2.88,32.06,58.07,5707.44,July,7
2026-07-09 21:36:32.838567,Winter Sale,Instagram,35-44,Female,Bangalore,Returning,72052,5854,1743,521,38925,622049.5,8.12,29.77,8.9,6.65,74.71,15.98,1498.07,July,7
2026-07-09 23:21:24.016803,Festival Campaign,Google Ads,18-24,Male,Nagpur,Returning,103640,8647,1398,415,14932,241576.57,8.34,16.17,4.8,1.73,35.98,16.18,1517.84,July,7
2026-07-10 01:06:15.195039,Monsoon Offer,Email,45-54,Other,Mumbai,Returning,75183,2846,328,43,9548,128981.05,3.79,11.52,1.51,3.35,222.05,13.51,1250.87,July,7
2026-07-10 02:51:06.373274,Monsoon Offer,Google Ads,18-24,Other,Pune,Returning,91174,4386,760,117,42604,281406.56,4.81,17.33,2.67,9.71,364.14,6.61,560.52,July,7
2026-07-10 04:35:57.551510,Winter Sale,Instagram,45-54,Male,Kolkata,New,55002,4048,1301,182,42945,245112.99,7.36,32.14,4.5,10.61,235.96,5.71,470.76,July,7
2026-07-10 06:20:48.729745,Festival Campaign,Instagram,25-34,Other,Mumbai,Returning,145816,6327,732,90,4314,49336.19,4.34,11.57,1.42,0.68,47.93,11.44,1043.63,July,7
2026-07-10 08:05:39.907981,Clearance Sale,Google Ads,35-44,Other,Mumbai,Returning,120269,6549,1141,128,33617,268573.35,5.45,17.42,1.95,5.13,262.63,7.99,698.92,July,7
2026-07-10 09:50:31.086217,Festival Campaign,Facebook,25-34,Male,Pune,New,109306,7453,1590,306,21810,907981.56,6.82,21.33,4.11,2.93,71.27,41.63,4063.14,July,7
2026-07-10 11:35:22.264452,Clearance Sale,Email,55+,Other,Bangalore,Returning,40239,1987,176,47,31529,106581.04,4.94,8.86,2.37,15.87,670.83,3.38,238.04,July,7
2026-07-10 13:20:13.442688,Diwali Campaign,Email,35-44,Male,Kolkata,Returning,106001,8625,1314,275,20323,195053.66,8.14,15.23,3.19,2.36,73.9,9.6,859.77,July,7
2026-07-10 15:05:04.620924,New Year Offer,Google Ads,55+,Male,Bangalore,Returning,141156,2888,695,189,11429,284576.53,2.05,24.07,6.54,3.96,60.47,24.9,2389.95,July,7
2026-07-10 16:49:55.799159,Diwali Campaign,Facebook,25-34,Other,Hyderabad,Returning,62147,4637,776,225,11376,173915.7,7.46,16.73,4.85,2.45,50.56,15.29,1428.79,July,7
2026-07-10 18:34:46.977395,Diwali Campaign,Instagram,45-54,Male,Bangalore,New,121319,2798,881,144,10887,400377.8,2.31,31.49,5.15,3.89,75.6,36.78,3577.58,July,7
2026-07-10 20:19:38.155631,New Year Offer,YouTube,55+,Male,Bangalore,Returning,70631,6667,2219,585,37553,775731.16,9.44,33.28,8.77,5.63,64.19,20.66,1965.7,July,7
2026-07-10 22:04:29.333866,Festival Campaign,YouTube,18-24,Female,Jaipur,Returning,25373,970,193,17,45408,39668.5,3.82,19.9,1.75,46.81,2671.06,0.87,-12.64,July,7
2026-07-10 23:49:20.512102,Monsoon Offer,Google Ads,45-54,Male,Chennai,Returning,15156,1236,276,51,43797,36298.02,8.16,22.33,4.13,35.43,858.76,0.83,-17.12,July,7
2026-07-11 01:34:11.690338,Festival Campaign,Facebook,45-54,Female,Delhi,New,48463,2758,690,111,10490,91135.08,5.69,25.02,4.02,3.8,94.5,8.69,768.78,July,7
2026-07-11 03:19:02.868573,Clearance Sale,Facebook,25-34,Female,Chennai,Returning,120661,2195,569,71,40345,156109.06,1.82,25.92,3.23,18.38,568.24,3.87,286.94,July,7
2026-07-11 05:03:54.046809,Winter Sale,Email,25-34,Female,Kolkata,Returning,59305,3702,359,63,3361,164348.09,6.24,9.7,1.7,0.91,53.35,48.9,4789.86,July,7
2026-07-11 06:48:45.225045,Clearance Sale,Instagram,35-44,Female,Kolkata,New,33068,3045,287,50,28091,50181.24,9.21,9.43,1.64,9.23,561.82,1.79,78.64,July,7
2026-07-11 08:33:36.403280,Winter Sale,Facebook,35-44,Other,Ahmedabad,New,10570,255,79,20,41633,30916.86,2.41,30.98,7.84,163.27,2081.65,0.74,-25.74,July,7
2026-07-11 10:18:27.581516,Diwali Campaign,YouTube,18-24,Other,Bangalore,New,116226,4523,630,170,27905,348252.24,3.89,13.93,3.76,6.17,164.15,12.48,1147.99,July,7
2026-07-11 12:03:18.759751,New Year Offer,Instagram,45-54,Male,Mumbai,New,91736,4543,1079,242,25796,602747.19,4.95,23.75,5.33,5.68,106.6,23.37,2236.59,July,7
2026-07-11 13:48:09.937987,Diwali Campaign,Instagram,18-24,Male,Chennai,Returning,48921,1700,422,92,6141,190485.22,3.47,24.82,5.41,3.61,66.75,31.02,3001.86,July,7
2026-07-11 15:33:01.116223,Summer Sale,Google Ads,18-24,Male,Ahmedabad,New,99589,9454,1176,122,23123,90104.91,9.49,12.44,1.29,2.45,189.53,3.9,289.68,July,7
2026-07-11 17:17:52.294458,Festival Campaign,Facebook,25-34,Other,Hyderabad,New,20301,892,254,52,49010,96566.51,4.39,28.48,5.83,54.94,942.5,1.97,97.03,July,7
2026-07-11 19:02:43.472694,Winter Sale,Google Ads,18-24,Female,Delhi,New,134798,9331,2928,411,19676,1114433.37,6.92,31.38,4.4,2.11,47.87,56.64,5563.92,July,7
2026-07-11 20:47:34.650930,Clearance Sale,Facebook,18-24,Other,Bangalore,Returning,65119,1963,308,44,41798,117482.61,3.01,15.69,2.24,21.29,949.95,2.81,181.07,July,7
2026-07-11 22:32:25.829165,New Year Offer,Email,55+,Other,Ahmedabad,New,79191,2357,747,75,41173,147190.43,2.98,31.69,3.18,17.47,548.97,3.57,257.49,July,7
2026-07-12 00:17:17.007401,Winter Sale,Google Ads,35-44,Male,Chennai,Returning,26347,680,69,15,19743,44838.61,2.58,10.15,2.21,29.03,1316.2,2.27,127.11,July,7
2026-07-12 02:02:08.185637,Clearance Sale,Google Ads,35-44,Male,Hyderabad,Returning,131359,6454,1911,398,4609,303598.1,4.91,29.61,6.17,0.71,11.58,65.87,6487.07,July,7
2026-07-12 03:46:59.363872,Festival Campaign,YouTube,45-54,Male,Jaipur,New,32053,1857,469,60,46531,101789.3,5.79,25.26,3.23,25.06,775.52,2.19,118.76,July,7
2026-07-12 05:31:50.542108,Diwali Campaign,Google Ads,35-44,Female,Nagpur,Returning,69056,757,179,24,37128,58507.42,1.1,23.65,3.17,49.05,1547.0,1.58,57.58,July,7
2026-07-12 07:16:41.720344,Festival Campaign,Facebook,45-54,Female,Delhi,New,68688,5835,829,207,3623,176487.23,8.49,14.21,3.55,0.62,17.5,48.71,4771.3,July,7
2026-07-12 09:01:32.898579,Product Launch,YouTube,55+,Other,Kolkata,New,136845,7683,1365,347,37333,1017360.42,5.61,17.77,4.52,4.86,107.59,27.25,2625.1,July,7
2026-07-12 10:46:24.076815,Summer Sale,Google Ads,35-44,Female,Jaipur,Returning,68450,1652,538,101,37688,139896.75,2.41,32.57,6.11,22.81,373.15,3.71,271.2,July,7
2026-07-12 12:31:15.255051,Product Launch,Google Ads,55+,Male,Bangalore,Returning,136385,2189,450,50,25871,68767.47,1.61,20.56,2.28,11.82,517.42,2.66,165.81,July,7
2026-07-12 14:16:06.433286,New Year Offer,Email,35-44,Female,Nagpur,Returning,114816,1801,433,39,24097,40286.44,1.57,24.04,2.17,13.38,617.87,1.67,67.18,July,7
2026-07-12 16:00:57.611522,Winter Sale,Google Ads,35-44,Female,Nagpur,Returning,41403,1374,457,63,25303,76862.75,3.32,33.26,4.59,18.42,401.63,3.04,203.77,July,7
2026-07-12 17:45:48.789757,New Year Offer,Instagram,55+,Female,Delhi,New,123547,6787,1397,336,27313,653174.68,5.49,20.58,4.95,4.02,81.29,23.91,2291.44,July,7
2026-07-12 19:30:39.967993,Diwali Campaign,YouTube,18-24,Female,Mumbai,Returning,117078,10235,1891,401,11766,630927.67,8.74,18.48,3.92,1.15,29.34,53.62,5262.3,July,7
2026-07-12 21:15:31.146229,Clearance Sale,Instagram,18-24,Male,Jaipur,Returning,112654,10281,3301,785,37769,772004.67,9.13,32.11,7.64,3.67,48.11,20.44,1944.02,July,7
2026-07-12 23:00:22.324464,Festival Campaign,YouTube,18-24,Male,Mumbai,Returning,86418,7337,2391,439,3396,1107531.08,8.49,32.59,5.98,0.46,7.74,326.13,32512.81,July,7
2026-07-13 00:45:13.502700,Product Launch,Email,18-24,Other,Pune,Returning,69924,2766,486,119,34140,78016.19,3.96,17.57,4.3,12.34,286.89,2.29,128.52,July,7
2026-07-13 02:30:04.680936,Monsoon Offer,Google Ads,35-44,Other,Jaipur,New,138391,5202,1247,231,46668,597511.96,3.76,23.97,4.44,8.97,202.03,12.8,1180.35,July,7
2026-07-13 04:14:55.859171,Product Launch,Google Ads,25-34,Other,Hyderabad,New,10714,1059,360,35,7497,41557.14,9.88,33.99,3.31,7.08,214.2,5.54,454.32,July,7
2026-07-13 05:59:47.037407,Diwali Campaign,Google Ads,55+,Female,Bangalore,Returning,92328,6584,625,60,37279,104385.5,7.13,9.49,0.91,5.66,621.32,2.8,180.01,July,7
2026-07-13 07:44:38.215643,Product Launch,YouTube,25-34,Female,Jaipur,Returning,139196,5212,472,124,13285,180130.01,3.74,9.06,2.38,2.55,107.14,13.56,1255.89,July,7
2026-07-13 09:29:29.393878,Diwali Campaign,Google Ads,25-34,Male,Jaipur,New,124312,4924,1080,235,48209,452728.74,3.96,21.93,4.77,9.79,205.14,9.39,839.1,July,7
2026-07-13 11:14:20.572114,Monsoon Offer,Instagram,45-54,Other,Pune,New,82882,4070,645,91,5692,226587.72,4.91,15.85,2.24,1.4,62.55,39.81,3880.81,July,7
2026-07-13 12:59:11.750350,New Year Offer,Google Ads,18-24,Male,Delhi,New,116342,7674,1819,448,5032,1332038.17,6.6,23.7,5.84,0.66,11.23,264.71,26371.35,July,7
2026-07-13 14:44:02.928585,Festival Campaign,Email,35-44,Other,Delhi,New,96951,8804,2426,266,42756,336529.33,9.08,27.56,3.02,4.86,160.74,7.87,687.09,July,7
2026-07-13 16:28:54.106821,Winter Sale,Instagram,18-24,Other,Hyderabad,Returning,27511,766,75,16,45314,30152.18,2.78,9.79,2.09,59.16,2832.12,0.67,-33.46,July,7
2026-07-13 18:13:45.285057,Clearance Sale,Google Ads,18-24,Other,Delhi,Returning,64588,1136,361,107,24118,178157.02,1.76,31.78,9.42,21.23,225.4,7.39,638.69,July,7
2026-07-13 19:58:36.463292,Winter Sale,Google Ads,25-34,Female,Nagpur,New,87567,4073,630,71,30328,212809.75,4.65,15.47,1.74,7.45,427.15,7.02,601.69,July,7
2026-07-13 21:43:27.641528,New Year Offer,Facebook,45-54,Other,Chennai,New,126867,4071,744,82,10639,206827.29,3.21,18.28,2.01,2.61,129.74,19.44,1844.05,July,7
2026-07-13 23:28:18.819763,Clearance Sale,YouTube,18-24,Other,Pune,Returning,65958,4079,697,127,47695,189574.13,6.18,17.09,3.11,11.69,375.55,3.97,297.47,July,7
2026-07-14 01:13:09.997999,Product Launch,Instagram,55+,Female,Chennai,Returning,142250,10374,3182,704,7252,1191307.14,7.29,30.67,6.79,0.7,10.3,164.27,16327.29,July,7
2026-07-14 02:58:01.176235,Monsoon Offer,Facebook,55+,Other,Chennai,New,94727,3596,453,38,47699,42365.88,3.8,12.6,1.06,13.26,1255.24,0.89,-11.18,July,7
2026-07-14 04:42:52.354470,Monsoon Offer,Email,18-24,Female,Pune,Returning,120756,8657,759,144,40477,343889.04,7.17,8.77,1.66,4.68,281.09,8.5,749.59,July,7
2026-07-14 06:27:43.532706,Summer Sale,YouTube,25-34,Female,Chennai,New,41146,1682,575,56,13668,146329.65,4.09,34.19,3.33,8.13,244.07,10.71,970.6,July,7
2026-07-14 08:12:34.710942,New Year Offer,Instagram,25-34,Male,Chennai,Returning,78260,5254,1811,241,8077,701904.56,6.71,34.47,4.59,1.54,33.51,86.9,8590.16,July,7
2026-07-14 09:57:25.889177,New Year Offer,Google Ads,35-44,Female,Chennai,Returning,95066,6367,952,225,30475,430778.75,6.7,14.95,3.53,4.79,135.44,14.14,1313.55,July,7
2026-07-14 11:42:17.067413,Festival Campaign,Instagram,45-54,Female,Hyderabad,New,142273,4984,411,99,4275,215494.04,3.5,8.25,1.99,0.86,43.18,50.41,4940.8,July,7
2026-07-14 13:27:08.245649,Winter Sale,Google Ads,25-34,Female,Kolkata,Returning,85547,5750,1462,351,31938,566916.62,6.72,25.43,6.1,5.55,90.99,17.75,1675.05,July,7
2026-07-14 15:11:59.423884,New Year Offer,YouTube,35-44,Other,Hyderabad,New,65103,2883,735,69,35562,139574.67,4.43,25.49,2.39,12.34,515.39,3.92,292.48,July,7
2026-07-14 16:56:50.602120,New Year Offer,Google Ads,55+,Male,Mumbai,Returning,124008,4995,1667,421,35826,577558.35,4.03,33.37,8.43,7.17,85.1,16.12,1512.12,July,7
2026-07-14 18:41:41.780356,Product Launch,Email,55+,Other,Jaipur,New,78624,2833,454,79,23307,185193.6,3.6,16.03,2.79,8.23,295.03,7.95,694.58,July,7
2026-07-14 20:26:32.958591,Product Launch,Google Ads,55+,Female,Delhi,New,51456,2115,277,51,20000,28394.3,4.11,13.1,2.41,9.46,392.16,1.42,41.97,July,7
2026-07-14 22:11:24.136827,Clearance Sale,Email,18-24,Female,Pune,New,18664,1508,371,63,17092,35981.95,8.08,24.6,4.18,11.33,271.3,2.11,110.52,July,7
2026-07-14 23:56:15.315063,Diwali Campaign,YouTube,45-54,Male,Nagpur,Returning,118384,3796,881,236,33254,540511.33,3.21,23.21,6.22,8.76,140.91,16.25,1525.4,July,7
2026-07-15 01:41:06.493298,Diwali Campaign,YouTube,35-44,Male,Chennai,New,116229,8296,2271,521,6671,1472714.35,7.14,27.37,6.28,0.8,12.8,220.76,21976.37,July,7
2026-07-15 03:25:57.671534,Summer Sale,Instagram,45-54,Female,Ahmedabad,New,76696,6983,2227,423,21095,880103.25,9.1,31.89,6.06,3.02,49.87,41.72,4072.09,July,7
2026-07-15 05:10:48.849769,Diwali Campaign,Email,18-24,Female,Pune,Returning,14312,594,137,36,4342,83387.55,4.15,23.06,6.06,7.31,120.61,19.2,1820.49,July,7
2026-07-15 06:55:40.028005,Festival Campaign,Email,35-44,Other,Bangalore,Returning,116691,1476,177,45,40520,115192.61,1.26,11.99,3.05,27.45,900.44,2.84,184.29,July,7
2026-07-15 08:40:31.206241,Summer Sale,Facebook,35-44,Female,Pune,New,126936,1550,374,30,40700,42125.57,1.22,24.13,1.94,26.26,1356.67,1.04,3.5,July,7
2026-07-15 10:25:22.384476,Clearance Sale,Facebook,25-34,Other,Jaipur,New,45215,1019,184,34,36791,26189.66,2.25,18.06,3.34,36.11,1082.09,0.71,-28.82,July,7
2026-07-15 12:10:13.562712,Product Launch,Facebook,45-54,Male,Nagpur,Returning,97564,1941,392,35,42733,99145.58,1.99,20.2,1.8,22.02,1220.94,2.32,132.01,July,7
2026-07-15 13:55:04.740948,Diwali Campaign,Google Ads,45-54,Other,Pune,Returning,112613,8708,2952,435,20117,1238195.49,7.73,33.9,5.0,2.31,46.25,61.55,6054.97,July,7
2026-07-15 15:39:55.919183,Winter Sale,Facebook,25-34,Female,Nagpur,Returning,132184,4829,1109,284,44357,455706.79,3.65,22.97,5.88,9.19,156.19,10.27,927.36,July,7
2026-07-15 17:24:47.097419,Product Launch,Email,55+,Other,Pune,New,46264,3179,382,109,30662,113678.73,6.87,12.02,3.43,9.65,281.3,3.71,270.75,July,7
2026-07-15 19:09:38.275655,Monsoon Offer,Google Ads,18-24,Other,Hyderabad,Returning,102995,1423,284,37,12160,101042.78,1.38,19.96,2.6,8.55,328.65,8.31,730.94,July,7
2026-07-15 20:54:29.453890,Festival Campaign,YouTube,45-54,Male,Hyderabad,New,96857,3546,502,42,3461,95384.8,3.66,14.16,1.18,0.98,82.4,27.56,2655.99,July,7
2026-07-15 22:39:20.632126,Product Launch,Instagram,25-34,Other,Kolkata,New,127602,3964,462,77,27713,40083.96,3.11,11.65,1.94,6.99,359.91,1.45,44.64,July,7
2026-07-16 00:24:11.810362,Festival Campaign,Facebook,35-44,Female,Mumbai,New,109976,3840,1045,160,20145,123087.88,3.49,27.21,4.17,5.25,125.91,6.11,511.01,July,7
2026-07-16 02:09:02.988597,Festival Campaign,YouTube,25-34,Other,Pune,Returning,98465,2674,667,152,46157,449615.86,2.72,24.94,5.68,17.26,303.66,9.74,874.1,July,7
2026-07-16 03:53:54.166833,Festival Campaign,Email,55+,Other,Chennai,Returning,124644,8178,1753,331,28438,197051.07,6.56,21.44,4.05,3.48,85.92,6.93,592.91,July,7
2026-07-16 05:38:45.345069,Clearance Sale,Instagram,18-24,Other,Pune,Returning,49794,3467,673,112,32452,135115.4,6.96,19.41,3.23,9.36,289.75,4.16,316.35,July,7
2026-07-16 07:23:36.523304,Festival Campaign,YouTube,55+,Female,Bangalore,New,39237,916,152,19,3592,35553.58,2.33,16.59,2.07,3.92,189.05,9.9,889.8,July,7
2026-07-16 09:08:27.701540,Festival Campaign,Instagram,35-44,Other,Nagpur,New,123742,9491,984,258,8696,247909.37,7.67,10.37,2.72,0.92,33.71,28.51,2750.84,July,7
2026-07-16 10:53:18.879775,Monsoon Offer,Facebook,35-44,Female,Chennai,Returning,75294,2447,393,52,21731,56167.03,3.25,16.06,2.13,8.88,417.9,2.58,158.47,July,7
2026-07-16 12:38:10.058011,Winter Sale,Email,35-44,Other,Kolkata,Returning,141439,5015,1536,141,20830,194921.04,3.55,30.63,2.81,4.15,147.73,9.36,835.77,July,7
2026-07-16 14:23:01.236247,Summer Sale,Instagram,35-44,Male,Nagpur,New,23417,1980,577,117,37210,137344.62,8.46,29.14,5.91,18.79,318.03,3.69,269.11,July,7
2026-07-16 16:07:52.414482,New Year Offer,YouTube,25-34,Male,Hyderabad,New,62328,5678,1944,291,5806,729941.66,9.11,34.24,5.13,1.02,19.95,125.72,12472.2,July,7
2026-07-16 17:52:43.592718,Monsoon Offer,Facebook,35-44,Male,Ahmedabad,New,147845,12452,3201,757,34936,1325269.44,8.42,25.71,6.08,2.81,46.15,37.93,3693.42,July,7
2026-07-16 19:37:34.770954,Summer Sale,Facebook,35-44,Female,Chennai,New,112116,2612,599,58,6325,69399.92,2.33,22.93,2.22,2.42,109.05,10.97,997.23,July,7
2026-07-16 21:22:25.949189,Festival Campaign,YouTube,25-34,Female,Hyderabad,Returning,65443,6539,1045,305,42415,391235.73,9.99,15.98,4.66,6.49,139.07,9.22,822.4,July,7
2026-07-16 23:07:17.127425,Winter Sale,YouTube,35-44,Female,Bangalore,New,57119,4026,405,49,23140,29383.46,7.05,10.06,1.22,5.75,472.24,1.27,26.98,July,7
2026-07-17 00:52:08.305661,Product Launch,Instagram,55+,Other,Chennai,New,43668,2443,603,95,24781,59230.62,5.59,24.68,3.89,10.14,260.85,2.39,139.02,July,7
2026-07-17 02:36:59.483896,Winter Sale,Google Ads,55+,Female,Chennai,Returning,12770,1225,259,48,11993,110148.91,9.59,21.14,3.92,9.79,249.85,9.18,818.44,July,7
2026-07-17 04:21:50.662132,Monsoon Offer,Facebook,45-54,Female,Chennai,Returning,47948,4006,1141,314,43840,245635.01,8.35,28.48,7.84,10.94,139.62,5.6,460.3,July,7
2026-07-17 06:06:41.840368,Festival Campaign,Instagram,55+,Female,Mumbai,Returning,123612,8931,1707,407,18153,687623.22,7.23,19.11,4.56,2.03,44.6,37.88,3687.93,July,7
2026-07-17 07:51:33.018603,Winter Sale,YouTube,18-24,Female,Chennai,Returning,144678,12363,4278,478,13549,1245626.94,8.55,34.6,3.87,1.1,28.35,91.93,9093.5,July,7
2026-07-17 09:36:24.196839,Diwali Campaign,Instagram,18-24,Male,Mumbai,New,90214,4031,755,133,47217,189010.79,4.47,18.73,3.3,11.71,355.02,4.0,300.3,July,7
2026-07-17 11:21:15.375075,Winter Sale,YouTube,18-24,Other,Hyderabad,New,129726,9288,1578,314,31655,428415.5,7.16,16.99,3.38,3.41,100.81,13.53,1253.39,July,7
2026-07-17 13:06:06.553310,Festival Campaign,Email,25-34,Male,Kolkata,New,43025,1168,368,86,14487,230705.38,2.71,31.51,7.36,12.4,168.45,15.92,1492.5,July,7
2026-07-17 14:50:57.731546,Clearance Sale,YouTube,55+,Other,Mumbai,New,60373,5972,1115,229,43357,609626.85,9.89,18.67,3.83,7.26,189.33,14.06,1306.06,July,7
2026-07-17 16:35:48.909781,Diwali Campaign,YouTube,18-24,Other,Mumbai,New,24388,1536,484,87,11787,234929.75,6.3,31.51,5.66,7.67,135.48,19.93,1893.13,July,7
2026-07-17 18:20:40.088017,Winter Sale,YouTube,45-54,Male,Chennai,Returning,92570,7709,673,167,37815,322274.08,8.33,8.73,2.17,4.91,226.44,8.52,752.24,July,7
2026-07-17 20:05:31.266253,New Year Offer,Google Ads,25-34,Female,Kolkata,Returning,118814,5543,1479,241,43986,694263.32,4.67,26.68,4.35,7.94,182.51,15.78,1478.37,July,7
2026-07-17 21:50:22.444488,New Year Offer,YouTube,45-54,Male,Chennai,New,40920,3202,318,94,38196,239456.53,7.83,9.93,2.94,11.93,406.34,6.27,526.92,July,7
2026-07-17 23:35:13.622724,Winter Sale,Facebook,55+,Other,Hyderabad,Returning,107883,4840,580,167,41207,257027.37,4.49,11.98,3.45,8.51,246.75,6.24,523.75,July,7
2026-07-18 01:20:04.800960,Clearance Sale,Facebook,35-44,Other,Chennai,New,68266,4307,1158,272,3130,564097.5,6.31,26.89,6.32,0.73,11.51,180.22,17922.28,July,7
2026-07-18 03:04:55.979195,Product Launch,Instagram,45-54,Female,Delhi,New,127847,10231,1618,443,22451,356381.41,8.0,15.81,4.33,2.19,50.68,15.87,1487.37,July,7
2026-07-18 04:49:47.157431,Festival Campaign,Google Ads,35-44,Male,Jaipur,New,21106,432,59,9,22735,16904.97,2.05,13.66,2.08,52.63,2526.11,0.74,-25.64,July,7
2026-07-18 06:34:38.335667,New Year Offer,Instagram,25-34,Other,Hyderabad,New,31786,1338,396,82,5332,94945.56,4.21,29.6,6.13,3.99,65.02,17.81,1680.67,July,7
2026-07-18 08:19:29.513902,Product Launch,Facebook,45-54,Male,Pune,New,26944,1590,533,74,3736,89456.24,5.9,33.52,4.65,2.35,50.49,23.94,2294.44,July,7
2026-07-18 10:04:20.692138,Winter Sale,Facebook,45-54,Female,Nagpur,Returning,83917,3361,479,131,39615,106672.72,4.01,14.25,3.9,11.79,302.4,2.69,169.27,July,7
2026-07-18 11:49:11.870374,Monsoon Offer,Email,25-34,Female,Nagpur,Returning,106895,4043,669,122,20475,170250.76,3.78,16.55,3.02,5.06,167.83,8.32,731.51,July,7
2026-07-18 13:34:03.048609,Product Launch,YouTube,25-34,Other,Kolkata,New,16844,595,162,32,3232,54511.23,3.53,27.23,5.38,5.43,101.0,16.87,1586.61,July,7
2026-07-18 15:18:54.226845,Diwali Campaign,Facebook,18-24,Female,Delhi,New,59864,1825,547,147,34330,294130.26,3.05,29.97,8.05,18.81,233.54,8.57,756.77,July,7
2026-07-18 17:03:45.405081,Summer Sale,Instagram,55+,Other,Mumbai,Returning,55933,4832,1690,431,41523,543996.71,8.64,34.98,8.92,8.59,96.34,13.1,1210.11,July,7
2026-07-18 18:48:36.583316,New Year Offer,Instagram,45-54,Other,Delhi,New,23144,2155,331,49,3935,121550.41,9.31,15.36,2.27,1.83,80.31,30.89,2988.96,July,7
2026-07-18 20:33:27.761552,Winter Sale,YouTube,45-54,Female,Jaipur,New,17649,1288,296,29,8733,52269.6,7.3,22.98,2.25,6.78,301.14,5.99,498.53,July,7
2026-07-18 22:18:18.939787,Monsoon Offer,YouTube,25-34,Female,Hyderabad,New,113955,1447,168,19,27514,39807.48,1.27,11.61,1.31,19.01,1448.11,1.45,44.68,July,7
2026-07-19 00:03:10.118023,Festival Campaign,Email,25-34,Male,Kolkata,Returning,22818,1842,311,48,10567,57377.23,8.07,16.88,2.61,5.74,220.15,5.43,442.99,July,7
2026-07-19 01:48:01.296259,Monsoon Offer,Google Ads,55+,Male,Delhi,New,46880,2713,249,36,37111,91272.23,5.79,9.18,1.33,13.68,1030.86,2.46,145.94,July,7
2026-07-19 03:32:52.474494,Clearance Sale,Instagram,25-34,Other,Bangalore,New,70109,5484,750,66,46271,136005.28,7.82,13.68,1.2,8.44,701.08,2.94,193.93,July,7
2026-07-19 05:17:43.652730,Diwali Campaign,YouTube,35-44,Male,Mumbai,Returning,64058,3161,685,119,3364,316048.75,4.93,21.67,3.76,1.06,28.27,93.95,9295.03,July,7
2026-07-19 07:02:34.830966,Winter Sale,Instagram,35-44,Other,Delhi,New,41297,566,70,7,49468,6299.15,1.37,12.37,1.24,87.4,7066.86,0.13,-87.27,July,7
2026-07-19 08:47:26.009201,Festival Campaign,YouTube,35-44,Female,Kolkata,New,29062,2073,663,85,46749,123390.94,7.13,31.98,4.1,22.55,549.99,2.64,163.94,July,7
2026-07-19 10:32:17.187437,Clearance Sale,Facebook,35-44,Female,Bangalore,Returning,39492,1973,536,135,35378,105642.96,5.0,27.17,6.84,17.93,262.06,2.99,198.61,July,7
2026-07-19 12:17:08.365673,Clearance Sale,Instagram,55+,Male,Pune,Returning,96861,8588,751,141,45210,146473.38,8.87,8.74,1.64,5.26,320.64,3.24,223.98,July,7
2026-07-19 14:01:59.543908,Winter Sale,Facebook,45-54,Other,Hyderabad,New,46806,3577,1132,183,11647,272005.48,7.64,31.65,5.12,3.26,63.64,23.35,2235.41,July,7
2026-07-19 15:46:50.722144,Diwali Campaign,Instagram,35-44,Other,Hyderabad,Returning,110108,4664,1603,193,29339,528135.77,4.24,34.37,4.14,6.29,152.02,18.0,1700.12,July,7
2026-07-19 17:31:41.900380,Product Launch,Google Ads,25-34,Male,Pune,New,84457,6348,1368,370,16616,700262.62,7.52,21.55,5.83,2.62,44.91,42.14,4114.39,July,7
2026-07-19 19:16:33.078615,Product Launch,Email,35-44,Other,Chennai,New,79885,4359,718,200,17840,265189.17,5.46,16.47,4.59,4.09,89.2,14.86,1386.49,July,7
2026-07-19 21:01:24.256851,Clearance Sale,Facebook,55+,Other,Nagpur,Returning,85191,2381,359,69,48383,163340.11,2.79,15.08,2.9,20.32,701.2,3.38,237.6,July,7
2026-07-19 22:46:15.435087,Product Launch,YouTube,25-34,Female,Bangalore,New,57674,2756,285,80,14924,43936.54,4.78,10.34,2.9,5.42,186.55,2.94,194.4,July,7
2026-07-20 00:31:06.613322,Summer Sale,Google Ads,35-44,Other,Mumbai,Returning,90415,2715,577,105,44778,149649.21,3.0,21.25,3.87,16.49,426.46,3.34,234.2,July,7
2026-07-20 02:15:57.791558,Clearance Sale,Instagram,45-54,Other,Delhi,Returning,53127,555,51,5,31668,10010.4,1.04,9.19,0.9,57.06,6333.6,0.32,-68.39,July,7
2026-07-20 04:00:48.969793,Clearance Sale,Facebook,25-34,Other,Jaipur,Returning,105029,3383,730,61,29541,119443.69,3.22,21.58,1.8,8.73,484.28,4.04,304.33,July,7
2026-07-20 05:45:40.148029,Festival Campaign,Instagram,25-34,Male,Nagpur,New,147312,4250,629,68,22775,137284.84,2.89,14.8,1.6,5.36,334.93,6.03,502.79,July,7
2026-07-20 07:30:31.326265,Product Launch,Instagram,45-54,Male,Kolkata,Returning,117889,1224,255,55,34211,56581.36,1.04,20.83,4.49,27.95,622.02,1.65,65.39,July,7
2026-07-20 09:15:22.504500,Diwali Campaign,Instagram,25-34,Male,Chennai,New,58544,4715,909,136,22990,182606.91,8.05,19.28,2.88,4.88,169.04,7.94,694.29,July,7
2026-07-20 11:00:13.682736,Clearance Sale,Email,35-44,Other,Mumbai,Returning,42895,726,117,26,39282,73551.75,1.69,16.12,3.58,54.11,1510.85,1.87,87.24,July,7
2026-07-20 12:45:04.860972,Monsoon Offer,Email,25-34,Other,Jaipur,Returning,117878,5942,1195,229,35647,672100.99,5.04,20.11,3.85,6.0,155.66,18.85,1785.43,July,7
2026-07-20 14:29:56.039207,Diwali Campaign,YouTube,35-44,Male,Jaipur,New,105387,5017,1043,159,24045,203535.24,4.76,20.79,3.17,4.79,151.23,8.46,746.48,July,7
2026-07-20 16:14:47.217443,Summer Sale,Facebook,45-54,Male,Mumbai,New,21920,577,176,22,18886,46447.7,2.63,30.5,3.81,32.73,858.45,2.46,145.94,July,7
2026-07-20 17:59:38.395679,Festival Campaign,Google Ads,18-24,Other,Chennai,Returning,90453,8775,2279,222,28395,244919.71,9.7,25.97,2.53,3.24,127.91,8.63,762.55,July,7
2026-07-20 19:44:29.573914,Winter Sale,Google Ads,45-54,Other,Kolkata,New,39227,2523,496,125,43924,177665.21,6.43,19.66,4.95,17.41,351.39,4.04,304.48,July,7
2026-07-20 21:29:20.752150,Diwali Campaign,Google Ads,35-44,Female,Pune,New,33251,2767,897,233,37482,578034.96,8.32,32.42,8.42,13.55,160.87,15.42,1442.17,July,7
2026-07-20 23:14:11.930386,Clearance Sale,Instagram,55+,Male,Nagpur,Returning,34238,1871,531,105,3515,184059.42,5.46,28.38,5.61,1.88,33.48,52.36,5136.4,July,7
2026-07-21 00:59:03.108621,Summer Sale,Email,45-54,Other,Ahmedabad,Returning,70044,5257,528,60,8220,157438.49,7.51,10.04,1.14,1.56,137.0,19.15,1815.31,July,7
2026-07-21 02:43:54.286857,New Year Offer,Facebook,55+,Male,Ahmedabad,New,44973,4374,531,73,34127,151245.09,9.73,12.14,1.67,7.8,467.49,4.43,343.18,July,7
2026-07-21 04:28:45.465093,Summer Sale,Instagram,55+,Male,Chennai,Returning,104292,4313,440,127,45388,263182.48,4.14,10.2,2.94,10.52,357.39,5.8,479.85,July,7
2026-07-21 06:13:36.643328,Summer Sale,Email,35-44,Male,Jaipur,Returning,149585,8284,1375,178,41017,104076.61,5.54,16.6,2.15,4.95,230.43,2.54,153.74,July,7
2026-07-21 07:58:27.821564,Festival Campaign,Email,35-44,Female,Delhi,Returning,145451,8190,1618,149,47550,353752.21,5.63,19.76,1.82,5.81,319.13,7.44,643.96,July,7
2026-07-21 09:43:18.999799,Winter Sale,Facebook,18-24,Other,Pune,New,116371,11553,2497,501,43778,1475277.83,9.93,21.61,4.34,3.79,87.38,33.7,3269.91,July,7
2026-07-21 11:28:10.178035,New Year Offer,Facebook,25-34,Other,Pune,New,41722,1292,400,55,27515,92541.43,3.1,30.96,4.26,21.3,500.27,3.36,236.33,July,7
2026-07-21 13:13:01.356271,Product Launch,Facebook,45-54,Male,Chennai,New,87684,6206,526,152,15322,136260.41,7.08,8.48,2.45,2.47,100.8,8.89,789.31,July,7
2026-07-21 14:57:52.534506,Product Launch,Instagram,35-44,Other,Kolkata,Returning,65429,1468,287,59,9142,173604.21,2.24,19.55,4.02,6.23,154.95,18.99,1798.97,July,7
2026-07-21 16:42:43.712742,Diwali Campaign,YouTube,45-54,Female,Chennai,New,88437,8263,1577,461,33873,564870.07,9.34,19.09,5.58,4.1,73.48,16.68,1567.61,July,7
2026-07-21 18:27:34.890978,Summer Sale,Facebook,55+,Male,Delhi,Returning,122421,7728,2595,656,14665,999084.65,6.31,33.58,8.49,1.9,22.36,68.13,6712.71,July,7
2026-07-21 20:12:26.069213,Monsoon Offer,YouTube,25-34,Female,Hyderabad,Returning,37621,3286,476,113,22519,78356.01,8.73,14.49,3.44,6.85,199.28,3.48,247.96,July,7
2026-07-21 21:57:17.247449,Festival Campaign,Instagram,18-24,Female,Ahmedabad,Returning,24220,2193,247,64,41646,49733.9,9.05,11.26,2.92,18.99,650.72,1.19,19.42,July,7
2026-07-21 23:42:08.425685,Monsoon Offer,YouTube,45-54,Other,Chennai,Returning,100230,6027,713,151,46575,157253.54,6.01,11.83,2.51,7.73,308.44,3.38,237.64,July,7
2026-07-22 01:26:59.603920,Festival Campaign,Google Ads,25-34,Other,Pune,New,75122,5362,1181,97,8071,181503.02,7.14,22.03,1.81,1.51,83.21,22.49,2148.83,July,7
2026-07-22 03:11:50.782156,Product Launch,YouTube,18-24,Female,Kolkata,Returning,91757,6687,1240,206,41710,390261.44,7.29,18.54,3.08,6.24,202.48,9.36,835.65,July,7
2026-07-22 04:56:41.960392,Diwali Campaign,Facebook,45-54,Other,Ahmedabad,Returning,115385,5935,1683,215,34720,433356.05,5.14,28.36,3.62,5.85,161.49,12.48,1148.15,July,7
2026-07-22 06:41:33.138627,Diwali Campaign,Instagram,25-34,Female,Bangalore,New,77907,3827,640,112,12468,219468.75,4.91,16.72,2.93,3.26,111.32,17.6,1660.26,July,7
2026-07-22 08:26:24.316863,Diwali Campaign,Facebook,35-44,Female,Mumbai,Returning,49150,1315,150,27,24284,46928.5,2.68,11.41,2.05,18.47,899.41,1.93,93.25,July,7
2026-07-22 10:11:15.495099,New Year Offer,Google Ads,45-54,Male,Pune,New,71262,3174,585,63,7659,157830.54,4.45,18.43,1.98,2.41,121.57,20.61,1960.72,July,7
2026-07-22 11:56:06.673334,Winter Sale,Facebook,25-34,Female,Bangalore,New,119756,11875,3781,321,5962,909954.51,9.92,31.84,2.7,0.5,18.57,152.63,15162.57,July,7
2026-07-22 13:40:57.851570,New Year Offer,Facebook,18-24,Female,Kolkata,New,37161,1274,241,26,33734,30534.49,3.43,18.92,2.04,26.48,1297.46,0.91,-9.48,July,7
2026-07-22 15:25:49.029805,Clearance Sale,Facebook,25-34,Other,Pune,Returning,28825,2266,691,185,44854,152714.58,7.86,30.49,8.16,19.79,242.45,3.4,240.47,July,7
2026-07-22 17:10:40.208041,Clearance Sale,Email,35-44,Male,Chennai,New,102811,1577,284,69,15627,107827.56,1.53,18.01,4.38,9.91,226.48,6.9,590.01,July,7
2026-07-22 18:55:31.386277,Monsoon Offer,Google Ads,45-54,Other,Pune,Returning,142089,7398,1153,294,5410,166420.45,5.21,15.59,3.97,0.73,18.4,30.76,2976.16,July,7
2026-07-22 20:40:22.564512,Winter Sale,Facebook,45-54,Male,Kolkata,New,111351,1698,491,69,3588,186872.51,1.52,28.92,4.06,2.11,52.0,52.08,5108.26,July,7
2026-07-22 22:25:13.742748,Product Launch,Facebook,45-54,Other,Pune,New,56260,2971,405,53,21429,58261.08,5.28,13.63,1.78,7.21,404.32,2.72,171.88,July,7
2026-07-23 00:10:04.920984,Winter Sale,Facebook,35-44,Female,Delhi,New,47018,586,83,7,25238,13112.69,1.25,14.16,1.19,43.07,3605.43,0.52,-48.04,July,7
2026-07-23 01:54:56.099219,Festival Campaign,Instagram,18-24,Male,Jaipur,New,34769,2266,211,38,38993,29934.02,6.52,9.31,1.68,17.21,1026.13,0.77,-23.23,July,7
2026-07-23 03:39:47.277455,Clearance Sale,Email,45-54,Male,Bangalore,Returning,115695,7264,949,155,33740,291887.22,6.28,13.06,2.13,4.64,217.68,8.65,765.11,July,7
2026-07-23 05:24:38.455691,Summer Sale,Instagram,18-24,Male,Hyderabad,Returning,42492,3476,633,167,14228,99779.77,8.18,18.21,4.8,4.09,85.2,7.01,601.29,July,7
2026-07-23 07:09:29.633926,Summer Sale,Email,25-34,Male,Jaipur,New,73767,4610,866,199,40532,481981.33,6.25,18.79,4.32,8.79,203.68,11.89,1089.14,July,7
2026-07-23 08:54:20.812162,Product Launch,Facebook,18-24,Other,Kolkata,New,72473,6764,1309,146,42855,421728.83,9.33,19.35,2.16,6.34,293.53,9.84,884.08,July,7
2026-07-23 10:39:11.990398,Festival Campaign,Google Ads,18-24,Other,Ahmedabad,New,126087,10147,2125,631,23437,799754.74,8.05,20.94,6.22,2.31,37.14,34.12,3312.36,July,7
2026-07-23 12:24:03.168633,Monsoon Offer,YouTube,45-54,Male,Delhi,Returning,119015,2611,612,152,7464,174121.55,2.19,23.44,5.82,2.86,49.11,23.33,2232.82,July,7
2026-07-23 14:08:54.346869,New Year Offer,YouTube,55+,Male,Bangalore,New,98215,3328,436,103,38474,166858.71,3.39,13.1,3.09,11.56,373.53,4.34,333.69,July,7
2026-07-23 15:53:45.525105,Festival Campaign,Facebook,55+,Male,Kolkata,New,13687,169,41,5,49157,10249.67,1.23,24.26,2.96,290.87,9831.4,0.21,-79.15,July,7
2026-07-23 17:38:36.703340,Summer Sale,Instagram,35-44,Other,Bangalore,Returning,83400,3732,637,177,15158,172115.89,4.47,17.07,4.74,4.06,85.64,11.35,1035.48,July,7
2026-07-23 19:23:27.881576,Summer Sale,Google Ads,35-44,Male,Pune,New,81663,4561,1268,233,10166,584426.91,5.59,27.8,5.11,2.23,43.63,57.49,5648.84,July,7
2026-07-23 21:08:19.059811,Monsoon Offer,Email,55+,Male,Nagpur,New,105009,9990,2302,334,24622,332776.57,9.51,23.04,3.34,2.46,73.72,13.52,1251.54,July,7
2026-07-23 22:53:10.238047,Clearance Sale,Facebook,25-34,Male,Chennai,New,59704,3403,781,174,15646,89381.29,5.7,22.95,5.11,4.6,89.92,5.71,471.27,July,7
2026-07-24 00:38:01.416283,Festival Campaign,Google Ads,45-54,Other,Jaipur,New,130231,10456,2771,350,23310,633719.26,8.03,26.5,3.35,2.23,66.6,27.19,2618.66,July,7
2026-07-24 02:22:52.594518,Festival Campaign,Google Ads,45-54,Female,Pune,Returning,149993,5118,869,243,37408,191453.45,3.41,16.98,4.75,7.31,153.94,5.12,411.8,July,7
2026-07-24 04:07:43.772754,Summer Sale,Email,25-34,Female,Mumbai,Returning,127248,3026,592,158,21034,354804.3,2.38,19.56,5.22,6.95,133.13,16.87,1586.81,July,7
2026-07-24 05:52:34.950990,New Year Offer,Google Ads,25-34,Other,Ahmedabad,Returning,47876,3972,942,171,17367,157093.42,8.3,23.72,4.31,4.37,101.56,9.05,804.55,July,7
2026-07-24 07:37:26.129225,Product Launch,Instagram,55+,Female,Mumbai,New,14266,460,89,10,29981,25434.51,3.22,19.35,2.17,65.18,2998.1,0.85,-15.16,July,7
2026-07-24 09:22:17.307461,Diwali Campaign,Instagram,35-44,Male,Mumbai,New,47713,4218,843,159,11253,266471.33,8.84,19.99,3.77,2.67,70.77,23.68,2268.0,July,7
2026-07-24 11:07:08.485697,Product Launch,Instagram,25-34,Male,Delhi,Returning,32068,810,124,13,49176,24904.03,2.53,15.31,1.6,60.71,3782.77,0.51,-49.36,July,7
2026-07-24 12:51:59.663932,Festival Campaign,Google Ads,35-44,Other,Hyderabad,New,100236,8684,1368,190,14641,183627.95,8.66,15.75,2.19,1.69,77.06,12.54,1154.2,July,7
2026-07-24 14:36:50.842168,Product Launch,Instagram,18-24,Other,Jaipur,New,149438,11888,3194,594,24999,514831.8,7.96,26.87,5.0,2.1,42.09,20.59,1959.41,July,7
2026-07-24 16:21:42.020404,Summer Sale,Email,45-54,Female,Nagpur,Returning,79384,5160,418,35,25113,72738.09,6.5,8.1,0.68,4.87,717.51,2.9,189.64,July,7
2026-07-24 18:06:33.198639,Summer Sale,Google Ads,55+,Female,Pune,Returning,40472,3501,370,91,15739,103617.29,8.65,10.57,2.6,4.5,172.96,6.58,558.35,July,7
2026-07-24 19:51:24.376875,Monsoon Offer,YouTube,45-54,Male,Mumbai,New,144528,5746,1931,238,39054,348625.71,3.98,33.61,4.14,6.8,164.09,8.93,792.68,July,7
2026-07-24 21:36:15.555111,Festival Campaign,Google Ads,55+,Other,Mumbai,Returning,95675,2386,311,84,18443,142684.32,2.49,13.03,3.52,7.73,219.56,7.74,673.65,July,7
2026-07-24 23:21:06.733346,Monsoon Offer,Email,18-24,Female,Ahmedabad,New,50887,1228,236,20,17741,21481.68,2.41,19.22,1.63,14.45,887.05,1.21,21.08,July,7
2026-07-25 01:05:57.911582,Festival Campaign,YouTube,45-54,Female,Nagpur,Returning,142732,4900,1516,298,18341,741590.74,3.43,30.94,6.08,3.74,61.55,40.43,3943.35,July,7
2026-07-25 02:50:49.089817,Diwali Campaign,Google Ads,18-24,Male,Nagpur,Returning,37151,1863,149,37,37460,105396.76,5.01,8.0,1.99,20.11,1012.43,2.81,181.36,July,7
2026-07-25 04:35:40.268053,Diwali Campaign,Instagram,55+,Male,Nagpur,New,34613,3075,1014,134,26658,211684.21,8.88,32.98,4.36,8.67,198.94,7.94,694.07,July,7
2026-07-25 06:20:31.446289,Clearance Sale,Facebook,25-34,Male,Pune,New,75266,1359,128,30,18848,83816.13,1.81,9.42,2.21,13.87,628.27,4.45,344.7,July,7
2026-07-25 08:05:22.624524,Festival Campaign,Facebook,45-54,Male,Jaipur,Returning,119020,10994,1386,330,19740,893213.32,9.24,12.61,3.0,1.8,59.82,45.25,4424.89,July,7
2026-07-25 09:50:13.802760,New Year Offer,Instagram,18-24,Female,Jaipur,New,64738,6039,530,116,17466,106153.7,9.33,8.78,1.92,2.89,150.57,6.08,507.77,July,7
2026-07-25 11:35:04.980996,Product Launch,Facebook,45-54,Other,Pune,New,40702,3071,676,108,19979,100813.13,7.55,22.01,3.52,6.51,184.99,5.05,404.6,July,7
2026-07-25 13:19:56.159231,Festival Campaign,Facebook,45-54,Other,Delhi,New,134188,12214,4087,1032,21008,1747705.06,9.1,33.46,8.45,1.72,20.36,83.19,8219.24,July,7
2026-07-25 15:04:47.337467,Winter Sale,Instagram,45-54,Male,Pune,Returning,87263,6919,2120,462,17260,838365.04,7.93,30.64,6.68,2.49,37.36,48.57,4757.27,July,7
2026-07-25 16:49:38.515703,Clearance Sale,Instagram,35-44,Male,Chennai,New,130813,7527,1902,399,18288,539776.9,5.75,25.27,5.3,2.43,45.83,29.52,2851.54,July,7
2026-07-25 18:34:29.693938,Winter Sale,Google Ads,18-24,Female,Kolkata,New,140311,8989,1169,304,40734,389819.94,6.41,13.0,3.38,4.53,133.99,9.57,856.99,July,7
2026-07-25 20:19:20.872174,Summer Sale,Google Ads,18-24,Male,Chennai,Returning,122225,8132,2559,342,29606,539819.03,6.65,31.47,4.21,3.64,86.57,18.23,1723.34,July,7
2026-07-25 22:04:12.050410,Diwali Campaign,Instagram,45-54,Other,Delhi,Returning,107925,2311,655,85,14364,189226.85,2.14,28.34,3.68,6.22,168.99,13.17,1217.37,July,7
2026-07-25 23:49:03.228645,Product Launch,Email,25-34,Male,Delhi,Returning,138428,3789,576,95,45791,67543.49,2.74,15.2,2.51,12.09,482.01,1.48,47.5,July,7
2026-07-26 01:33:54.406881,Festival Campaign,Facebook,45-54,Other,Pune,Returning,71804,4100,1219,117,6953,266345.24,5.71,29.73,2.85,1.7,59.43,38.31,3730.65,July,7
2026-07-26 03:18:45.585117,Winter Sale,Google Ads,35-44,Male,Pune,New,102340,2084,660,101,27444,284375.67,2.04,31.67,4.85,13.17,271.72,10.36,936.2,July,7
2026-07-26 05:03:36.763352,Product Launch,Facebook,55+,Male,Hyderabad,New,23021,2229,598,101,30877,243285.44,9.68,26.83,4.53,13.85,305.71,7.88,687.92,July,7
2026-07-26 06:48:27.941588,Summer Sale,YouTube,35-44,Other,Ahmedabad,Returning,127611,7100,760,143,41998,140024.48,5.56,10.7,2.01,5.92,293.69,3.33,233.41,July,7
2026-07-26 08:33:19.119823,Diwali Campaign,Instagram,25-34,Female,Chennai,Returning,54001,2387,825,112,5570,80494.73,4.42,34.56,4.69,2.33,49.73,14.45,1345.15,July,7
2026-07-26 10:18:10.298059,New Year Offer,Email,45-54,Female,Jaipur,New,136832,3308,332,92,35391,158787.49,2.42,10.04,2.78,10.7,384.68,4.49,348.67,July,7
2026-07-26 12:03:01.476295,Clearance Sale,YouTube,18-24,Male,Hyderabad,New,116726,5543,1422,202,19476,583985.08,4.75,25.65,3.64,3.51,96.42,29.98,2898.49,July,7
2026-07-26 13:47:52.654530,Product Launch,YouTube,45-54,Male,Nagpur,Returning,25739,957,105,28,13392,71334.15,3.72,10.97,2.93,13.99,478.29,5.33,432.66,July,7
2026-07-26 15:32:43.832766,Product Launch,YouTube,25-34,Other,Bangalore,New,83012,1487,482,85,35166,162080.9,1.79,32.41,5.72,23.65,413.72,4.61,360.9,July,7
2026-07-26 17:17:35.011002,New Year Offer,Instagram,18-24,Other,Jaipur,New,23699,2299,401,95,15641,81458.09,9.7,17.44,4.13,6.8,164.64,5.21,420.8,July,7
2026-07-26 19:02:26.189237,Product Launch,Google Ads,35-44,Male,Nagpur,Returning,143876,4869,1061,110,28454,251305.12,3.38,21.79,2.26,5.84,258.67,8.83,783.2,July,7
2026-07-26 20:47:17.367473,Summer Sale,Instagram,55+,Other,Hyderabad,Returning,48343,3487,447,89,24087,225392.11,7.21,12.82,2.55,6.91,270.64,9.36,835.74,July,7
2026-07-26 22:32:08.545709,Summer Sale,Google Ads,55+,Female,Mumbai,Returning,118985,2167,493,143,43509,405787.22,1.82,22.75,6.6,20.08,304.26,9.33,832.65,July,7
2026-07-27 00:16:59.723944,New Year Offer,YouTube,45-54,Female,Hyderabad,Returning,73012,6730,2244,508,37664,1031387.62,9.22,33.34,7.55,5.6,74.14,27.38,2638.39,July,7
2026-07-27 02:01:50.902180,Clearance Sale,YouTube,35-44,Other,Hyderabad,New,57686,3643,1178,306,28558,546566.35,6.32,32.34,8.4,7.84,93.33,19.14,1813.88,July,7
2026-07-27 03:46:42.080416,Festival Campaign,Email,25-34,Other,Hyderabad,Returning,74236,5131,498,68,38732,139260.95,6.91,9.71,1.33,7.55,569.59,3.6,259.55,July,7
2026-07-27 05:31:33.258651,Winter Sale,Google Ads,55+,Other,Pune,New,140025,11252,2049,524,34128,1497660.78,8.04,18.21,4.66,3.03,65.13,43.88,4288.36,July,7
2026-07-27 07:16:24.436887,Festival Campaign,YouTube,35-44,Female,Chennai,New,128222,8274,1259,198,12302,409922.91,6.45,15.22,2.39,1.49,62.13,33.32,3232.16,July,7
2026-07-27 09:01:15.615123,Product Launch,Facebook,45-54,Male,Hyderabad,New,41586,681,142,26,9354,29743.47,1.64,20.85,3.82,13.74,359.77,3.18,217.98,July,7
2026-07-27 10:46:06.793358,Winter Sale,Email,18-24,Other,Pune,Returning,67009,3260,994,120,27452,250845.42,4.87,30.49,3.68,8.42,228.77,9.14,813.76,July,7
2026-07-27 12:30:57.971594,Monsoon Offer,Instagram,45-54,Other,Nagpur,New,10607,356,99,18,27958,48588.51,3.36,27.81,5.06,78.53,1553.22,1.74,73.79,July,7
2026-07-27 14:15:49.149829,New Year Offer,Email,45-54,Other,Ahmedabad,Returning,47386,2549,440,85,33290,162987.93,5.38,17.26,3.33,13.06,391.65,4.9,389.6,July,7
2026-07-27 16:00:40.328065,New Year Offer,Facebook,35-44,Male,Chennai,Returning,89625,4157,762,165,15002,289863.27,4.64,18.33,3.97,3.61,90.92,19.32,1832.16,July,7
2026-07-27 17:45:31.506301,Clearance Sale,Google Ads,55+,Other,Nagpur,Returning,123872,10453,2682,727,29123,1696398.61,8.44,25.66,6.95,2.79,40.06,58.25,5724.94,July,7
2026-07-27 19:30:22.684536,Winter Sale,Instagram,35-44,Other,Delhi,New,124235,4004,530,77,38686,165740.32,3.22,13.24,1.92,9.66,502.42,4.28,328.42,July,7
2026-07-27 21:15:13.862772,Summer Sale,Instagram,18-24,Female,Jaipur,Returning,130300,3663,394,116,24508,74439.4,2.81,10.76,3.17,6.69,211.28,3.04,203.74,July,7
2026-07-27 23:00:05.041008,Winter Sale,Google Ads,35-44,Other,Bangalore,Returning,73492,7071,1028,273,16387,631524.85,9.62,14.54,3.86,2.32,60.03,38.54,3753.82,July,7
2026-07-28 00:44:56.219243,Product Launch,Email,25-34,Female,Delhi,New,32943,3144,356,60,17339,91132.41,9.54,11.32,1.91,5.51,288.98,5.26,425.59,July,7
2026-07-28 02:29:47.397479,Summer Sale,YouTube,45-54,Male,Kolkata,Returning,97051,9648,1688,219,24420,624641.81,9.94,17.5,2.27,2.53,111.51,25.58,2457.91,July,7
2026-07-28 04:14:38.575715,Diwali Campaign,Email,55+,Other,Ahmedabad,New,105155,6430,2142,205,44390,600036.53,6.11,33.31,3.19,6.9,216.54,13.52,1251.74,July,7
2026-07-28 05:59:29.753950,Diwali Campaign,Facebook,18-24,Other,Kolkata,New,76287,1539,173,22,22927,35680.63,2.02,11.24,1.43,14.9,1042.14,1.56,55.63,July,7
2026-07-28 07:44:20.932186,Monsoon Offer,YouTube,45-54,Female,Mumbai,Returning,121541,10843,3263,896,46419,2618100.46,8.92,30.09,8.26,4.28,51.81,56.4,5540.15,July,7
2026-07-28 09:29:12.110422,Diwali Campaign,Email,35-44,Male,Mumbai,Returning,115849,2671,599,86,41880,109826.41,2.31,22.43,3.22,15.68,486.98,2.62,162.24,July,7
2026-07-28 11:14:03.288657,New Year Offer,Google Ads,25-34,Male,Hyderabad,Returning,80880,1941,486,53,5082,116950.39,2.4,25.04,2.73,2.62,95.89,23.01,2201.27,July,7
2026-07-28 12:58:54.466893,Winter Sale,Facebook,35-44,Female,Ahmedabad,Returning,84158,2306,290,24,16553,16503.28,2.74,12.58,1.04,7.18,689.71,1.0,-0.3,July,7
2026-07-28 14:43:45.645129,Diwali Campaign,Facebook,45-54,Male,Nagpur,New,132207,9096,1099,159,39495,137133.27,6.88,12.08,1.75,4.34,248.4,3.47,247.22,July,7
2026-07-28 16:28:36.823364,Festival Campaign,Facebook,18-24,Male,Delhi,Returning,112987,2219,275,35,8003,93146.02,1.96,12.39,1.58,3.61,228.66,11.64,1063.89,July,7
2026-07-28 18:13:28.001600,Clearance Sale,YouTube,55+,Male,Ahmedabad,Returning,70461,5640,1467,150,38626,410169.01,8.0,26.01,2.66,6.85,257.51,10.62,961.9,July,7
2026-07-28 19:58:19.179835,Festival Campaign,Instagram,45-54,Male,Delhi,New,28658,436,122,35,44243,64103.48,1.52,27.98,8.03,101.47,1264.09,1.45,44.89,July,7
2026-07-28 21:43:10.358071,Diwali Campaign,YouTube,18-24,Male,Bangalore,Returning,132211,2636,865,120,3726,161932.03,1.99,32.81,4.55,1.41,31.05,43.46,4246.0,July,7
2026-07-28 23:28:01.536307,Monsoon Offer,Email,45-54,Male,Nagpur,Returning,46133,2265,424,34,19720,55337.03,4.91,18.72,1.5,8.71,580.0,2.81,180.61,July,7
2026-07-29 01:12:52.714542,Clearance Sale,Instagram,25-34,Male,Kolkata,Returning,135275,5969,1222,351,22986,938595.49,4.41,20.47,5.88,3.85,65.49,40.83,3983.34,July,7
2026-07-29 02:57:43.892778,Product Launch,Email,35-44,Male,Delhi,Returning,30620,3033,627,129,33666,132545.38,9.91,20.67,4.25,11.1,260.98,3.94,293.71,July,7
2026-07-29 04:42:35.071014,Festival Campaign,Instagram,55+,Other,Bangalore,Returning,10860,1053,160,15,41851,18557.63,9.7,15.19,1.42,39.74,2790.07,0.44,-55.66,July,7
2026-07-29 06:27:26.249249,Monsoon Offer,YouTube,18-24,Female,Ahmedabad,New,125532,3398,572,49,28161,120716.76,2.71,16.83,1.44,8.29,574.71,4.29,328.67,July,7
2026-07-29 08:12:17.427485,Winter Sale,Facebook,55+,Male,Bangalore,Returning,37618,3581,1105,114,21298,323551.79,9.52,30.86,3.18,5.95,186.82,15.19,1419.17,July,7
2026-07-29 09:57:08.605721,Winter Sale,Google Ads,55+,Female,Jaipur,New,37916,2741,473,99,44526,72499.52,7.23,17.26,3.61,16.24,449.76,1.63,62.83,July,7
2026-07-29 11:41:59.783956,Festival Campaign,Facebook,55+,Male,Bangalore,New,92056,4307,1355,126,9226,316188.27,4.68,31.46,2.93,2.14,73.22,34.27,3327.14,July,7
2026-07-29 13:26:50.962192,Diwali Campaign,YouTube,18-24,Male,Bangalore,New,97667,7478,1214,248,49755,523942.35,7.66,16.23,3.32,6.65,200.62,10.53,953.04,July,7
2026-07-29 15:11:42.140428,Monsoon Offer,Instagram,18-24,Other,Hyderabad,New,32878,2992,513,114,13557,122769.89,9.1,17.15,3.81,4.53,118.92,9.06,805.58,July,7
2026-07-29 16:56:33.318663,Winter Sale,Facebook,55+,Female,Mumbai,Returning,86960,2279,527,59,7970,140983.04,2.62,23.12,2.59,3.5,135.08,17.69,1668.92,July,7
2026-07-29 18:41:24.496899,Product Launch,YouTube,35-44,Female,Kolkata,Returning,48554,1341,144,26,9822,60314.54,2.76,10.74,1.94,7.32,377.77,6.14,514.08,July,7
2026-07-29 20:26:15.675135,Summer Sale,Email,45-54,Other,Jaipur,New,133858,6262,2059,601,37558,513899.79,4.68,32.88,9.6,6.0,62.49,13.68,1268.28,July,7
2026-07-29 22:11:06.853370,Diwali Campaign,Google Ads,55+,Other,Jaipur,Returning,133448,3366,1014,267,5881,468752.58,2.52,30.12,7.93,1.75,22.03,79.71,7870.63,July,7
2026-07-29 23:55:58.031606,Monsoon Offer,Facebook,25-34,Female,Mumbai,Returning,32584,1382,360,86,8543,206032.58,4.24,26.05,6.22,6.18,99.34,24.12,2311.71,July,7
2026-07-30 01:40:49.209841,Product Launch,Instagram,55+,Male,Chennai,New,21598,1471,510,98,10130,95928.31,6.81,34.67,6.66,6.89,103.37,9.47,846.97,July,7
2026-07-30 03:25:40.388077,Monsoon Offer,Email,18-24,Male,Delhi,Returning,53813,4474,377,62,17134,102728.73,8.31,8.43,1.39,3.83,276.35,6.0,499.56,July,7
2026-07-30 05:10:31.566313,Clearance Sale,YouTube,45-54,Female,Bangalore,New,144802,5382,1027,184,38629,147540.92,3.72,19.08,3.42,7.18,209.94,3.82,281.94,July,7
2026-07-30 06:55:22.744548,Product Launch,Google Ads,25-34,Male,Ahmedabad,New,21684,766,238,59,17339,74758.15,3.53,31.07,7.7,22.64,293.88,4.31,331.16,July,7
2026-07-30 08:40:13.922784,Diwali Campaign,Instagram,45-54,Other,Bangalore,Returning,114426,9174,1806,364,34186,380329.86,8.02,19.69,3.97,3.73,93.92,11.13,1012.53,July,7
2026-07-30 10:25:05.101020,Clearance Sale,YouTube,45-54,Other,Ahmedabad,Returning,83723,3708,301,74,29813,130438.16,4.43,8.12,2.0,8.04,402.88,4.38,337.52,July,7
2026-07-30 12:09:56.279255,Diwali Campaign,YouTube,25-34,Other,Bangalore,Returning,71320,5966,731,214,44022,182550.2,8.37,12.25,3.59,7.38,205.71,4.15,314.68,July,7
2026-07-30 13:54:47.457491,Winter Sale,Facebook,55+,Female,Jaipur,New,113144,11246,2217,489,12205,712901.8,9.94,19.71,4.35,1.09,24.96,58.41,5741.06,July,7
2026-07-30 15:39:38.635727,Summer Sale,Facebook,55+,Female,Chennai,New,42624,4184,1089,231,9133,274406.58,9.82,26.03,5.52,2.18,39.54,30.05,2904.56,July,7
2026-07-30 17:24:29.813962,Diwali Campaign,Instagram,55+,Female,Mumbai,Returning,13726,955,118,19,21188,44937.32,6.96,12.36,1.99,22.19,1115.16,2.12,112.09,July,7
2026-07-30 19:09:20.992198,Diwali Campaign,YouTube,35-44,Male,Nagpur,New,142915,6255,1257,154,6325,346372.86,4.38,20.1,2.46,1.01,41.07,54.76,5376.25,July,7
2026-07-30 20:54:12.170434,Winter Sale,Facebook,55+,Female,Pune,Returning,64929,1031,86,13,39466,9585.24,1.59,8.34,1.26,38.28,3035.85,0.24,-75.71,July,7
2026-07-30 22:39:03.348669,New Year Offer,Google Ads,25-34,Female,Kolkata,Returning,23754,1815,379,73,8973,210510.81,7.64,20.88,4.02,4.94,122.92,23.46,2246.05,July,7
2026-07-31 00:23:54.526905,Winter Sale,Google Ads,35-44,Other,Nagpur,Returning,105324,10323,3322,291,9210,687256.82,9.8,32.18,2.82,0.89,31.65,74.62,7362.07,July,7
2026-07-31 02:08:45.705141,Clearance Sale,YouTube,55+,Male,Kolkata,Returning,14567,234,56,10,20261,20398.97,1.61,23.93,4.27,86.59,2026.1,1.01,0.68,July,7
2026-07-31 03:53:36.883376,Winter Sale,Facebook,35-44,Male,Delhi,New,72118,761,151,40,39125,67770.15,1.06,19.84,5.26,51.41,978.12,1.73,73.21,July,7
2026-07-31 05:38:28.061612,Winter Sale,Instagram,25-34,Other,Mumbai,Returning,42150,3576,442,130,19515,122824.79,8.48,12.36,3.64,5.46,150.12,6.29,529.39,July,7
2026-07-31 07:23:19.239847,Summer Sale,Instagram,55+,Male,Ahmedabad,New,107364,2061,277,74,40935,214972.96,1.92,13.44,3.59,19.86,553.18,5.25,425.16,July,7
2026-07-31 09:08:10.418083,Winter Sale,Instagram,18-24,Female,Nagpur,New,147534,2559,257,30,18914,15589.38,1.73,10.04,1.17,7.39,630.47,0.82,-17.58,July,7
2026-07-31 10:53:01.596319,Monsoon Offer,Google Ads,25-34,Male,Nagpur,New,37560,3452,968,110,30228,245432.31,9.19,28.04,3.19,8.76,274.8,8.12,711.94,July,7
2026-07-31 12:37:52.774554,Diwali Campaign,Facebook,45-54,Other,Kolkata,New,94568,1622,163,27,42852,47752.49,1.72,10.05,1.66,26.42,1587.11,1.11,11.44,July,7
2026-07-31 14:22:43.952790,Monsoon Offer,Facebook,45-54,Male,Nagpur,New,123246,2497,458,59,3992,162630.83,2.03,18.34,2.36,1.6,67.66,40.74,3973.92,July,7
2026-07-31 16:07:35.131026,Summer Sale,Google Ads,25-34,Other,Ahmedabad,New,144443,8848,2499,571,41540,828945.37,6.13,28.24,6.45,4.69,72.75,19.96,1895.54,July,7
2026-07-31 17:52:26.309261,Festival Campaign,Instagram,45-54,Female,Mumbai,Returning,95349,7448,2029,200,26782,359322.21,7.81,27.24,2.69,3.6,133.91,13.42,1241.66,July,7
2026-07-31 19:37:17.487497,New Year Offer,Instagram,25-34,Female,Delhi,New,134460,6179,1457,258,29335,607808.91,4.6,23.58,4.18,4.75,113.7,20.72,1971.96,July,7
2026-07-31 21:22:08.665733,Monsoon Offer,YouTube,18-24,Other,Pune,Returning,12932,618,144,20,5596,12378.33,4.78,23.3,3.24,9.06,279.8,2.21,121.2,July,7
2026-07-31 23:06:59.843968,Summer Sale,Email,25-34,Female,Mumbai,New,19778,1323,138,29,30675,18449.45,6.69,10.43,2.19,23.19,1057.76,0.6,-39.86,July,7
2026-08-01 00:51:51.022204,Clearance Sale,Facebook,55+,Female,Hyderabad,Returning,33033,1832,233,59,5949,60721.73,5.55,12.72,3.22,3.25,100.83,10.21,920.7,August,8
2026-08-01 02:36:42.200440,Festival Campaign,Facebook,55+,Male,Delhi,Returning,137441,1604,359,101,24725,87472.21,1.17,22.38,6.3,15.41,244.8,3.54,253.78,August,8
2026-08-01 04:21:33.378675,Summer Sale,Facebook,35-44,Female,Nagpur,New,12521,253,44,12,33071,6193.3,2.02,17.39,4.74,130.72,2755.92,0.19,-81.27,August,8
2026-08-01 06:06:24.556911,Summer Sale,Email,45-54,Other,Ahmedabad,Returning,136631,8518,724,113,28477,232494.62,6.23,8.5,1.33,3.34,252.01,8.16,716.43,August,8
2026-08-01 07:51:15.735147,New Year Offer,YouTube,45-54,Female,Chennai,Returning,94622,7705,2276,610,8590,1518805.4,8.14,29.54,7.92,1.11,14.08,176.81,17581.09,August,8
2026-08-01 09:36:06.913382,Diwali Campaign,Email,25-34,Male,Nagpur,New,127257,10012,2568,539,43005,1559212.43,7.87,25.65,5.38,4.3,79.79,36.26,3525.65,August,8
2026-08-01 11:20:58.091618,Monsoon Offer,Instagram,45-54,Other,Jaipur,New,124647,9548,1603,372,15629,596037.3,7.66,16.79,3.9,1.64,42.01,38.14,3713.66,August,8
2026-08-01 13:05:49.269853,Clearance Sale,Instagram,55+,Female,Jaipur,New,141855,11265,1199,320,3065,383776.53,7.94,10.64,2.84,0.27,9.58,125.21,12421.26,August,8
2026-08-01 14:50:40.448089,Product Launch,Facebook,18-24,Female,Chennai,New,52666,737,176,19,15894,50535.37,1.4,23.88,2.58,21.57,836.53,3.18,217.95,August,8
2026-08-01 16:35:31.626325,Monsoon Offer,Google Ads,25-34,Female,Pune,New,86303,7815,1360,392,6764,1023507.7,9.06,17.4,5.02,0.87,17.26,151.32,15031.69,August,8
2026-08-01 18:20:22.804560,Product Launch,Facebook,45-54,Other,Jaipur,New,11103,999,148,29,47101,59801.13,9.0,14.81,2.9,47.15,1624.17,1.27,26.96,August,8
2026-08-01 20:05:13.982796,Summer Sale,Google Ads,55+,Male,Pune,New,80845,4678,1285,197,22177,233025.9,5.79,27.47,4.21,4.74,112.57,10.51,950.75,August,8
2026-08-01 21:50:05.161032,Winter Sale,Email,35-44,Other,Delhi,New,84170,2724,459,70,47292,193990.58,3.24,16.85,2.57,17.36,675.6,4.1,310.2,August,8
2026-08-01 23:34:56.339267,Clearance Sale,Instagram,45-54,Other,Chennai,Returning,22135,1401,163,39,46539,36894.13,6.33,11.63,2.78,33.22,1193.31,0.79,-20.72,August,8
2026-08-02 01:19:47.517503,Festival Campaign,Google Ads,18-24,Male,Pune,New,129433,7793,1636,375,37187,228418.6,6.02,20.99,4.81,4.77,99.17,6.14,514.24,August,8
2026-08-02 03:04:38.695739,Winter Sale,Email,18-24,Other,Hyderabad,Returning,107580,3234,982,236,8477,588004.79,3.01,30.36,7.3,2.62,35.92,69.36,6836.47,August,8
2026-08-02 04:49:29.873974,Winter Sale,Instagram,45-54,Other,Pune,New,96481,6201,1918,260,15645,496378.39,6.43,30.93,4.19,2.52,60.17,31.73,3072.76,August,8
2026-08-02 06:34:21.052210,Monsoon Offer,Google Ads,45-54,Female,Bangalore,New,49404,4039,1249,146,4415,162960.75,8.18,30.92,3.61,1.09,30.24,36.91,3591.07,August,8
2026-08-02 08:19:12.230446,Clearance Sale,Facebook,55+,Other,Delhi,New,12589,1039,201,48,44335,104507.48,8.25,19.35,4.62,42.67,923.65,2.36,135.72,August,8
2026-08-02 10:04:03.408681,Diwali Campaign,Facebook,45-54,Female,Hyderabad,New,19695,302,88,12,41192,29001.5,1.53,29.14,3.97,136.4,3432.67,0.7,-29.59,August,8
2026-08-02 11:48:54.586917,Summer Sale,Facebook,35-44,Other,Chennai,Returning,15722,436,134,17,9207,44393.2,2.77,30.73,3.9,21.12,541.59,4.82,382.17,August,8
2026-08-02 13:33:45.765153,Summer Sale,Email,55+,Female,Kolkata,Returning,59874,4199,856,108,11369,130174.02,7.01,20.39,2.57,2.71,105.27,11.45,1044.99,August,8
2026-08-02 15:18:36.943388,Summer Sale,Facebook,25-34,Female,Nagpur,New,141913,12401,2059,231,19618,130276.75,8.74,16.6,1.86,1.58,84.93,6.64,564.07,August,8
2026-08-02 17:03:28.121624,Summer Sale,YouTube,35-44,Female,Ahmedabad,Returning,135101,7688,2072,360,3761,639034.94,5.69,26.95,4.68,0.49,10.45,169.91,16891.09,August,8
2026-08-02 18:48:19.299859,Monsoon Offer,Instagram,55+,Male,Jaipur,New,10645,784,254,34,39646,89766.68,7.36,32.4,4.34,50.57,1166.06,2.26,126.42,August,8
2026-08-02 20:33:10.478095,Product Launch,Email,55+,Other,Bangalore,Returning,42116,501,171,47,24790,47919.01,1.19,34.13,9.38,49.48,527.45,1.93,93.3,August,8
2026-08-02 22:18:01.656331,Summer Sale,Facebook,18-24,Other,Bangalore,New,50983,3301,522,120,4282,186337.64,6.47,15.81,3.64,1.3,35.68,43.52,4251.65,August,8
2026-08-03 00:02:52.834566,Product Launch,Instagram,55+,Other,Kolkata,Returning,39402,3805,1286,313,18826,357149.23,9.66,33.8,8.23,4.95,60.15,18.97,1797.11,August,8
2026-08-03 01:47:44.012802,Product Launch,Google Ads,35-44,Male,Nagpur,Returning,59158,4110,882,148,20647,78944.18,6.95,21.46,3.6,5.02,139.51,3.82,282.35,August,8
2026-08-03 03:32:35.191038,Diwali Campaign,Facebook,45-54,Female,Nagpur,Returning,46469,4321,702,148,31150,406453.92,9.3,16.25,3.43,7.21,210.47,13.05,1204.83,August,8
2026-08-03 05:17:26.369273,Summer Sale,Instagram,35-44,Other,Jaipur,New,70576,4300,1491,283,25087,237050.16,6.09,34.67,6.58,5.83,88.65,9.45,844.91,August,8
2026-08-03 07:02:17.547509,New Year Offer,YouTube,25-34,Male,Pune,Returning,23908,2053,650,75,39381,181268.83,8.59,31.66,3.65,19.18,525.08,4.6,360.3,August,8
2026-08-03 08:47:08.725745,Festival Campaign,Google Ads,55+,Male,Chennai,New,70269,1487,396,35,40214,47827.78,2.12,26.63,2.35,27.04,1148.97,1.19,18.93,August,8
2026-08-03 10:31:59.903980,Winter Sale,YouTube,55+,Other,Nagpur,Returning,52231,1102,354,81,40404,96730.59,2.11,32.12,7.35,36.66,498.81,2.39,139.41,August,8
2026-08-03 12:16:51.082216,Product Launch,Instagram,55+,Female,Nagpur,New,55221,1149,303,32,26493,91282.31,2.08,26.37,2.79,23.06,827.91,3.45,244.55,August,8
2026-08-03 14:01:42.260452,Clearance Sale,YouTube,55+,Male,Ahmedabad,New,48398,2613,519,48,6383,102863.94,5.4,19.86,1.84,2.44,132.98,16.12,1511.53,August,8
2026-08-03 15:46:33.438687,Clearance Sale,Instagram,18-24,Other,Hyderabad,New,72372,2874,965,171,22393,379159.44,3.97,33.58,5.95,7.79,130.95,16.93,1593.21,August,8
2026-08-03 17:31:24.616923,Festival Campaign,Instagram,18-24,Female,Hyderabad,Returning,45324,3386,1151,278,43043,666958.78,7.47,33.99,8.21,12.71,154.83,15.5,1449.52,August,8
2026-08-03 19:16:15.795159,Clearance Sale,YouTube,45-54,Male,Ahmedabad,Returning,148459,13544,2232,556,30454,751897.34,9.12,16.48,4.11,2.25,54.77,24.69,2368.96,August,8
2026-08-03 21:01:06.973394,New Year Offer,Instagram,55+,Male,Mumbai,New,40795,2682,471,128,3029,244372.63,6.57,17.56,4.77,1.13,23.66,80.68,7967.77,August,8
2026-08-03 22:45:58.151630,Clearance Sale,Facebook,25-34,Other,Chennai,New,137799,4022,737,91,12701,106975.81,2.92,18.32,2.26,3.16,139.57,8.42,742.26,August,8
2026-08-04 00:30:49.329865,Winter Sale,Instagram,45-54,Other,Nagpur,New,140920,13215,3990,1184,21477,3062242.89,9.38,30.19,8.96,1.63,18.14,142.58,14158.24,August,8
2026-08-04 02:15:40.508101,Winter Sale,Email,55+,Female,Jaipur,Returning,73105,4204,1234,305,20158,609471.88,5.75,29.35,7.25,4.79,66.09,30.23,2923.47,August,8
2026-08-04 04:00:31.686337,Product Launch,Instagram,18-24,Other,Chennai,Returning,13801,1032,356,40,20982,44340.68,7.48,34.5,3.88,20.33,524.55,2.11,111.33,August,8
2026-08-04 05:45:22.864572,Summer Sale,Email,25-34,Other,Kolkata,Returning,148485,13385,2752,729,12646,2004309.7,9.01,20.56,5.45,0.94,17.35,158.49,15749.36,August,8
2026-08-04 07:30:14.042808,Diwali Campaign,Instagram,45-54,Female,Bangalore,Returning,120375,11927,3326,631,38371,1231775.1,9.91,27.89,5.29,3.22,60.81,32.1,3110.17,August,8
2026-08-04 09:15:05.221044,New Year Offer,Instagram,25-34,Other,Nagpur,Returning,27665,1536,478,45,5480,78190.93,5.55,31.12,2.93,3.57,121.78,14.27,1326.84,August,8
2026-08-04 10:59:56.399279,Product Launch,YouTube,55+,Female,Mumbai,New,106636,8821,1232,134,12038,78553.34,8.27,13.97,1.52,1.36,89.84,6.53,552.54,August,8
2026-08-04 12:44:47.577515,New Year Offer,Facebook,35-44,Female,Jaipur,New,119391,7285,1803,316,27782,876743.58,6.1,24.75,4.34,3.81,87.92,31.56,3055.8,August,8
2026-08-04 14:29:38.755751,Summer Sale,Facebook,25-34,Female,Chennai,New,18187,978,222,43,22514,123869.45,5.38,22.7,4.4,23.02,523.58,5.5,450.19,August,8
2026-08-04 16:14:29.933986,Monsoon Offer,Google Ads,25-34,Other,Delhi,New,74989,4378,1228,354,12421,674899.79,5.84,28.05,8.09,2.84,35.09,54.34,5333.54,August,8
2026-08-04 17:59:21.112222,Clearance Sale,YouTube,18-24,Female,Bangalore,Returning,35784,1917,513,65,25858,104408.42,5.36,26.76,3.39,13.49,397.82,4.04,303.78,August,8
2026-08-04 19:44:12.290458,Clearance Sale,YouTube,55+,Other,Nagpur,Returning,59454,2847,852,157,24075,219629.29,4.79,29.93,5.51,8.46,153.34,9.12,812.27,August,8
2026-08-04 21:29:03.468693,Diwali Campaign,Facebook,25-34,Female,Chennai,New,51715,3885,637,82,26052,95949.84,7.51,16.4,2.11,6.71,317.71,3.68,268.3,August,8
2026-08-04 23:13:54.646929,Summer Sale,YouTube,55+,Other,Chennai,Returning,63411,2059,284,57,5796,110370.43,3.25,13.79,2.77,2.81,101.68,19.04,1804.25,August,8
2026-08-05 00:58:45.825165,Product Launch,Facebook,18-24,Female,Jaipur,New,130451,8541,2540,711,36895,583188.96,6.55,29.74,8.32,4.32,51.89,15.81,1480.67,August,8
2026-08-05 02:43:37.003400,Diwali Campaign,YouTube,55+,Male,Bangalore,Returning,52186,3870,686,140,9502,391710.76,7.42,17.73,3.62,2.46,67.87,41.22,4022.4,August,8
2026-08-05 04:28:28.181636,Summer Sale,Instagram,18-24,Male,Hyderabad,Returning,83111,7503,1182,227,48907,213356.58,9.03,15.75,3.03,6.52,215.45,4.36,336.25,August,8
2026-08-05 06:13:19.359871,Festival Campaign,Facebook,18-24,Male,Hyderabad,New,117729,4693,802,196,48610,463301.5,3.99,17.09,4.18,10.36,248.01,9.53,853.1,August,8
2026-08-05 07:58:10.538107,Winter Sale,Facebook,45-54,Female,Delhi,New,38093,3331,326,36,46365,45619.9,8.74,9.79,1.08,13.92,1287.92,0.98,-1.61,August,8
2026-08-05 09:43:01.716343,Diwali Campaign,Email,55+,Other,Pune,New,84625,8045,2322,648,4287,690235.15,9.51,28.86,8.05,0.53,6.62,161.01,16000.66,August,8
2026-08-05 11:27:52.894578,Diwali Campaign,YouTube,35-44,Female,Ahmedabad,Returning,32474,2220,606,125,24234,236834.12,6.84,27.3,5.63,10.92,193.87,9.77,877.28,August,8
2026-08-05 13:12:44.072814,Product Launch,YouTube,45-54,Female,Nagpur,Returning,18154,1441,330,76,28124,183373.75,7.94,22.9,5.27,19.52,370.05,6.52,552.02,August,8
2026-08-05 14:57:35.251050,New Year Offer,Facebook,18-24,Female,Jaipur,Returning,111666,5193,1419,369,23329,854914.58,4.65,27.33,7.11,4.49,63.22,36.65,3564.6,August,8
2026-08-05 16:42:26.429285,Festival Campaign,Instagram,35-44,Female,Nagpur,New,19646,1879,339,74,49432,80244.92,9.56,18.04,3.94,26.31,668.0,1.62,62.33,August,8
2026-08-05 18:27:17.607521,Product Launch,Instagram,25-34,Other,Jaipur,New,69671,4903,783,173,39697,229442.27,7.04,15.97,3.53,8.1,229.46,5.78,477.98,August,8
2026-08-05 20:12:08.785757,Summer Sale,Instagram,25-34,Female,Hyderabad,New,126700,4803,1502,361,39031,964621.05,3.79,31.27,7.52,8.13,108.12,24.71,2371.42,August,8
2026-08-05 21:56:59.963992,Summer Sale,YouTube,45-54,Male,Jaipur,Returning,35391,1641,318,29,28382,66935.17,4.64,19.38,1.77,17.3,978.69,2.36,135.84,August,8
2026-08-05 23:41:51.142228,Summer Sale,Email,35-44,Male,Bangalore,Returning,124059,8138,1081,177,4927,403867.05,6.56,13.28,2.17,0.61,27.84,81.97,8097.02,August,8
2026-08-06 01:26:42.320464,Monsoon Offer,Facebook,55+,Male,Pune,New,47872,1487,419,122,30709,143016.05,3.11,28.18,8.2,20.65,251.71,4.66,365.71,August,8
2026-08-06 03:11:33.498699,Summer Sale,Google Ads,35-44,Female,Delhi,New,85048,6621,1130,154,32905,381921.66,7.79,17.07,2.33,4.97,213.67,11.61,1060.68,August,8
2026-08-06 04:56:24.676935,New Year Offer,Email,45-54,Other,Mumbai,New,91605,2768,379,75,27358,104703.34,3.02,13.69,2.71,9.88,364.77,3.83,282.72,August,8
2026-08-06 06:41:15.855171,Festival Campaign,Google Ads,55+,Other,Hyderabad,Returning,124610,7882,688,81,23365,121781.58,6.33,8.73,1.03,2.96,288.46,5.21,421.21,August,8
2026-08-06 08:26:07.033406,Clearance Sale,Email,55+,Other,Mumbai,Returning,124559,9059,3098,468,46059,570446.47,7.27,34.2,5.17,5.08,98.42,12.39,1138.51,August,8
2026-08-06 10:10:58.211642,Winter Sale,Instagram,25-34,Female,Mumbai,New,145574,12719,2622,623,21129,500565.31,8.74,20.61,4.9,1.66,33.91,23.69,2269.09,August,8
2026-08-06 11:55:49.389877,New Year Offer,YouTube,35-44,Other,Kolkata,New,107772,8196,1013,224,31984,347420.4,7.6,12.36,2.73,3.9,142.79,10.86,986.23,August,8
2026-08-06 13:40:40.568113,New Year Offer,Google Ads,55+,Male,Pune,New,58020,4751,1352,231,49358,125282.56,8.19,28.46,4.86,10.39,213.67,2.54,153.82,August,8
2026-08-06 15:25:31.746349,Monsoon Offer,Email,45-54,Other,Ahmedabad,Returning,99543,9174,2932,839,15675,1375771.73,9.22,31.96,9.15,1.71,18.68,87.77,8676.85,August,8
2026-08-06 17:10:22.924584,Clearance Sale,YouTube,25-34,Female,Chennai,Returning,30971,1975,439,109,27490,252064.25,6.38,22.23,5.52,13.92,252.2,9.17,816.93,August,8
2026-08-06 18:55:14.102820,Clearance Sale,Google Ads,55+,Female,Bangalore,Returning,16037,1381,121,16,8971,46429.8,8.61,8.76,1.16,6.5,560.69,5.18,417.55,August,8
2026-08-06 20:40:05.281056,Winter Sale,Facebook,35-44,Other,Jaipur,New,117596,3630,648,118,21450,82190.88,3.09,17.85,3.25,5.91,181.78,3.83,283.17,August,8
2026-08-06 22:24:56.459291,Winter Sale,Email,25-34,Female,Nagpur,New,24466,2038,296,80,17656,96258.14,8.33,14.52,3.93,8.66,220.7,5.45,445.19,August,8
2026-08-07 00:09:47.637527,Clearance Sale,Facebook,35-44,Other,Ahmedabad,New,19627,587,147,12,44054,20823.93,2.99,25.04,2.04,75.05,3671.17,0.47,-52.73,August,8
2026-08-07 01:54:38.815763,Summer Sale,Instagram,35-44,Other,Nagpur,New,61697,5806,1277,265,35897,245382.02,9.41,21.99,4.56,6.18,135.46,6.84,583.57,August,8
2026-08-07 03:39:29.993998,New Year Offer,Facebook,35-44,Male,Delhi,New,33149,1315,231,30,10272,23762.14,3.97,17.57,2.28,7.81,342.4,2.31,131.33,August,8
2026-08-07 05:24:21.172234,Product Launch,Facebook,25-34,Female,Delhi,New,26737,680,173,16,42856,26092.72,2.54,25.44,2.35,63.02,2678.5,0.61,-39.12,August,8
2026-08-07 07:09:12.350470,Winter Sale,Email,55+,Male,Bangalore,New,77854,1816,431,121,6268,236170.98,2.33,23.73,6.66,3.45,51.8,37.68,3667.88,August,8
2026-08-07 08:54:03.528705,Monsoon Offer,Instagram,18-24,Female,Jaipur,New,35314,948,307,79,29529,201491.03,2.68,32.38,8.33,31.15,373.78,6.82,582.35,August,8
2026-08-07 10:38:54.706941,Monsoon Offer,Facebook,55+,Other,Jaipur,New,45287,2276,548,66,46267,197637.56,5.03,24.08,2.9,20.33,701.02,4.27,327.17,August,8
2026-08-07 12:23:45.885177,Winter Sale,YouTube,25-34,Female,Hyderabad,New,80963,4614,1001,264,36754,643018.71,5.7,21.69,5.72,7.97,139.22,17.5,1649.52,August,8
2026-08-07 14:08:37.063412,Clearance Sale,Google Ads,18-24,Other,Jaipur,New,43667,4027,1217,136,38878,143255.75,9.22,30.22,3.38,9.65,285.87,3.68,268.48,August,8
2026-08-07 15:53:28.241648,Festival Campaign,Facebook,18-24,Female,Chennai,Returning,102214,4527,609,112,22956,265433.86,4.43,13.45,2.47,5.07,204.96,11.56,1056.27,August,8
2026-08-07 17:38:19.419883,Product Launch,Instagram,18-24,Male,Ahmedabad,New,35099,1037,151,36,26682,66343.83,2.95,14.56,3.47,25.73,741.17,2.49,148.65,August,8
2026-08-07 19:23:10.598119,Product Launch,Facebook,45-54,Male,Ahmedabad,New,107170,8246,2404,474,33873,771209.35,7.69,29.15,5.75,4.11,71.46,22.77,2176.77,August,8
2026-08-07 21:08:01.776355,Winter Sale,Google Ads,25-34,Other,Nagpur,Returning,87604,1937,386,103,38368,292450.09,2.21,19.93,5.32,19.81,372.5,7.62,662.22,August,8
2026-08-07 22:52:52.954590,Summer Sale,Instagram,45-54,Male,Kolkata,New,92635,8365,1593,343,37937,773544.39,9.03,19.04,4.1,4.54,110.6,20.39,1939.02,August,8
2026-08-08 00:37:44.132826,Festival Campaign,Email,18-24,Other,Bangalore,Returning,40518,1898,606,106,21163,233648.66,4.68,31.93,5.58,11.15,199.65,11.04,1004.04,August,8
2026-08-08 02:22:35.311062,Product Launch,Instagram,45-54,Other,Bangalore,Returning,62763,4095,1002,284,20140,150346.73,6.52,24.47,6.94,4.92,70.92,7.47,646.51,August,8
2026-08-08 04:07:26.489297,Winter Sale,Email,45-54,Other,Chennai,New,69172,1850,549,48,36935,127808.58,2.67,29.68,2.59,19.96,769.48,3.46,246.04,August,8
2026-08-08 05:52:17.667533,Monsoon Offer,Instagram,25-34,Female,Jaipur,New,144822,3345,999,187,26737,464367.97,2.31,29.87,5.59,7.99,142.98,17.37,1636.8,August,8
2026-08-08 07:37:08.845769,Product Launch,Google Ads,35-44,Other,Kolkata,Returning,26819,2196,246,55,38362,68604.51,8.19,11.2,2.5,17.47,697.49,1.79,78.83,August,8
2026-08-08 09:22:00.024004,Diwali Campaign,Google Ads,45-54,Male,Hyderabad,New,102013,4965,1273,335,24714,412144.98,4.87,25.64,6.75,4.98,73.77,16.68,1567.66,August,8
2026-08-08 11:06:51.202240,Festival Campaign,Instagram,45-54,Female,Hyderabad,New,35811,3538,1192,237,6104,150185.99,9.88,33.69,6.7,1.73,25.76,24.6,2360.45,August,8
2026-08-08 12:51:42.380476,Festival Campaign,Facebook,18-24,Male,Ahmedabad,New,47697,2727,571,156,43094,97834.01,5.72,20.94,5.72,15.8,276.24,2.27,127.02,August,8
2026-08-08 14:36:33.558711,Diwali Campaign,Google Ads,18-24,Other,Chennai,Returning,71196,6130,1702,295,36173,640588.45,8.61,27.77,4.81,5.9,122.62,17.71,1670.9,August,8
2026-08-08 16:21:24.736947,New Year Offer,Email,18-24,Other,Mumbai,Returning,123100,12088,2816,421,5411,406515.09,9.82,23.3,3.48,0.45,12.85,75.13,7412.75,August,8
2026-08-08 18:06:15.915183,Monsoon Offer,Email,55+,Male,Mumbai,New,30656,1082,146,42,30603,117972.52,3.53,13.49,3.88,28.28,728.64,3.85,285.49,August,8
2026-08-08 19:51:07.093418,Diwali Campaign,YouTube,45-54,Female,Jaipur,New,70574,5792,768,174,35447,453445.93,8.21,13.26,3.0,6.12,203.72,12.79,1179.22,August,8
2026-08-08 21:35:58.271654,Clearance Sale,Email,18-24,Male,Ahmedabad,Returning,67529,809,159,27,27738,37049.75,1.2,19.65,3.34,34.29,1027.33,1.34,33.57,August,8
2026-08-08 23:20:49.449889,Clearance Sale,YouTube,25-34,Other,Chennai,Returning,142566,10147,2135,583,14003,845449.91,7.12,21.04,5.75,1.38,24.02,60.38,5937.63,August,8
2026-08-09 01:05:40.628125,Winter Sale,Instagram,55+,Female,Mumbai,New,116741,8997,1941,446,15838,587913.37,7.71,21.57,4.96,1.76,35.51,37.12,3612.04,August,8
2026-08-09 02:50:31.806361,Festival Campaign,Instagram,35-44,Other,Pune,New,106060,5617,1897,417,11322,304821.7,5.3,33.77,7.42,2.02,27.15,26.92,2592.3,August,8
2026-08-09 04:35:22.984596,New Year Offer,Instagram,45-54,Other,Nagpur,New,17160,421,45,10,22551,5785.75,2.45,10.69,2.38,53.57,2255.1,0.26,-74.34,August,8
2026-08-09 06:20:14.162832,New Year Offer,Facebook,45-54,Male,Delhi,Returning,33593,2200,402,97,47015,158142.29,6.55,18.27,4.41,21.37,484.69,3.36,236.37,August,8
2026-08-09 08:05:05.341068,Product Launch,Facebook,25-34,Other,Nagpur,Returning,141356,12831,2809,529,13509,1511670.55,9.08,21.89,4.12,1.05,25.54,111.9,11090.1,August,8
2026-08-09 09:49:56.519303,Product Launch,YouTube,35-44,Male,Delhi,New,30378,2850,969,166,41568,463658.47,9.38,34.0,5.82,14.59,250.41,11.15,1015.42,August,8
2026-08-09 11:34:47.697539,Diwali Campaign,Email,35-44,Female,Pune,Returning,149563,11538,2494,698,46911,1762168.6,7.71,21.62,6.05,4.07,67.21,37.56,3656.41,August,8
2026-08-09 13:19:38.875775,New Year Offer,Email,55+,Other,Pune,New,75500,2546,736,139,40650,287936.74,3.37,28.91,5.46,15.97,292.45,7.08,608.33,August,8
2026-08-09 15:04:30.054010,Diwali Campaign,Instagram,45-54,Other,Chennai,New,76436,6751,1905,242,29988,639014.56,8.83,28.22,3.58,4.44,123.92,21.31,2030.9,August,8
2026-08-09 16:49:21.232246,Monsoon Offer,Google Ads,18-24,Female,Kolkata,New,11459,1031,240,46,37701,82232.88,9.0,23.28,4.46,36.57,819.59,2.18,118.12,August,8
2026-08-09 18:34:12.410482,Diwali Campaign,Facebook,25-34,Male,Bangalore,New,29305,1261,145,12,22889,11404.8,4.3,11.5,0.95,18.15,1907.42,0.5,-50.17,August,8
2026-08-09 20:19:03.588717,Product Launch,Facebook,25-34,Other,Mumbai,New,148667,3934,547,130,5979,287355.36,2.65,13.9,3.3,1.52,45.99,48.06,4706.08,August,8
2026-08-09 22:03:54.766953,Festival Campaign,Instagram,25-34,Female,Chennai,Returning,74370,6598,955,103,4346,288566.35,8.87,14.47,1.56,0.66,42.19,66.4,6539.81,August,8
2026-08-09 23:48:45.945189,Diwali Campaign,Facebook,25-34,Other,Kolkata,Returning,11921,1068,96,10,14992,5490.13,8.96,8.99,0.94,14.04,1499.2,0.37,-63.38,August,8
2026-08-10 01:33:37.123424,Summer Sale,Instagram,18-24,Male,Bangalore,New,113276,2161,394,113,5636,127532.94,1.91,18.23,5.23,2.61,49.88,22.63,2162.83,August,8
2026-08-10 03:18:28.301660,Festival Campaign,YouTube,18-24,Male,Chennai,Returning,12387,1201,294,73,33927,84942.47,9.7,24.48,6.08,28.25,464.75,2.5,150.37,August,8
2026-08-10 05:03:19.479895,New Year Offer,Email,55+,Male,Jaipur,New,86266,5001,594,101,27620,75507.48,5.8,11.88,2.02,5.52,273.47,2.73,173.38,August,8
2026-08-10 06:48:10.658131,New Year Offer,Google Ads,45-54,Male,Bangalore,Returning,90366,8985,1143,151,3346,160624.07,9.94,12.72,1.68,0.37,22.16,48.0,4700.48,August,8
2026-08-10 08:33:01.836367,Diwali Campaign,Email,18-24,Female,Nagpur,Returning,14825,742,200,53,48769,77377.63,5.01,26.95,7.14,65.73,920.17,1.59,58.66,August,8
2026-08-10 10:17:53.014602,Festival Campaign,Email,55+,Other,Bangalore,Returning,15282,886,111,32,23177,91186.83,5.8,12.53,3.61,26.16,724.28,3.93,293.44,August,8
2026-08-10 12:02:44.192838,Product Launch,YouTube,35-44,Female,Nagpur,Returning,25451,863,100,19,19199,50362.62,3.39,11.59,2.2,22.25,1010.47,2.62,162.32,August,8
2026-08-10 13:47:35.371074,Product Launch,Facebook,45-54,Male,Hyderabad,New,143770,13069,4495,933,15934,2673059.52,9.09,34.39,7.14,1.22,17.08,167.76,16675.82,August,8
2026-08-10 15:32:26.549309,Clearance Sale,Google Ads,18-24,Male,Delhi,Returning,58068,2899,243,32,46376,25645.74,4.99,8.38,1.1,16.0,1449.25,0.55,-44.7,August,8
2026-08-10 17:17:17.727545,New Year Offer,Facebook,35-44,Male,Nagpur,Returning,81726,6809,1142,239,32029,136258.96,8.33,16.77,3.51,4.7,134.01,4.25,325.42,August,8
2026-08-10 19:02:08.905781,Winter Sale,Email,55+,Male,Pune,Returning,88702,1523,136,22,8000,17043.57,1.72,8.93,1.44,5.25,363.64,2.13,113.04,August,8
2026-08-10 20:47:00.084016,Clearance Sale,Instagram,18-24,Other,Jaipur,Returning,125962,10195,3122,830,44019,2312163.44,8.09,30.62,8.14,4.32,53.03,52.53,5152.65,August,8
2026-08-10 22:31:51.262252,Product Launch,Email,18-24,Male,Mumbai,Returning,41604,2251,534,87,21729,77753.78,5.41,23.72,3.86,9.65,249.76,3.58,257.83,August,8
2026-08-11 00:16:42.440488,Festival Campaign,Facebook,35-44,Other,Hyderabad,Returning,124751,1308,121,26,18783,50221.39,1.05,9.25,1.99,14.36,722.42,2.67,167.38,August,8
2026-08-11 02:01:33.618723,Monsoon Offer,Email,18-24,Male,Hyderabad,Returning,79457,2412,593,73,40094,78033.78,3.04,24.59,3.03,16.62,549.23,1.95,94.63,August,8
2026-08-11 03:46:24.796959,Product Launch,Instagram,25-34,Other,Ahmedabad,Returning,104527,2867,324,32,6766,17650.83,2.74,11.3,1.12,2.36,211.44,2.61,160.88,August,8
2026-08-11 05:31:15.975195,Festival Campaign,YouTube,18-24,Other,Chennai,New,53787,4177,893,79,36215,56212.72,7.77,21.38,1.89,8.67,458.42,1.55,55.22,August,8
2026-08-11 07:16:07.153430,Clearance Sale,Facebook,45-54,Male,Chennai,New,42035,2225,580,99,34332,225174.76,5.29,26.07,4.45,15.43,346.79,6.56,555.87,August,8
2026-08-11 09:00:58.331666,New Year Offer,Email,35-44,Female,Chennai,New,44844,1093,131,15,43561,14338.74,2.44,11.99,1.37,39.85,2904.07,0.33,-67.08,August,8
2026-08-11 10:45:49.509901,Product Launch,Facebook,45-54,Female,Bangalore,Returning,26820,888,190,56,38183,60079.49,3.31,21.4,6.31,43.0,681.84,1.57,57.35,August,8
2026-08-11 12:30:40.688137,Diwali Campaign,YouTube,55+,Female,Mumbai,New,56676,3137,638,163,39846,235232.02,5.53,20.34,5.2,12.7,244.45,5.9,490.35,August,8
2026-08-11 14:15:31.866373,Festival Campaign,Email,45-54,Female,Delhi,New,59914,705,230,53,48609,113584.51,1.18,32.62,7.52,68.95,917.15,2.34,133.67,August,8
2026-08-11 16:00:23.044608,New Year Offer,Email,25-34,Female,Nagpur,New,141807,6831,2382,611,40916,1022466.33,4.82,34.87,8.94,5.99,66.97,24.99,2398.94,August,8
2026-08-11 17:45:14.222844,Monsoon Offer,Facebook,25-34,Male,Chennai,Returning,82750,5877,1508,207,6035,592335.79,7.1,25.66,3.52,1.03,29.15,98.15,9715.01,August,8
2026-08-11 19:30:05.401080,Monsoon Offer,Facebook,45-54,Male,Hyderabad,New,33968,1922,597,163,5324,258429.24,5.66,31.06,8.48,2.77,32.66,48.54,4754.04,August,8
2026-08-11 21:14:56.579315,Winter Sale,Instagram,55+,Male,Nagpur,New,54624,3486,887,265,26136,264424.23,6.38,25.44,7.6,7.5,98.63,10.12,911.72,August,8
2026-08-11 22:59:47.757551,Festival Campaign,YouTube,18-24,Male,Mumbai,New,112398,4427,1401,201,34422,369911.78,3.94,31.65,4.54,7.78,171.25,10.75,974.64,August,8
2026-08-12 00:44:38.935787,Clearance Sale,Instagram,25-34,Male,Hyderabad,New,65746,1740,342,101,33074,164349.63,2.65,19.66,5.8,19.01,327.47,4.97,396.91,August,8
2026-08-12 02:29:30.114022,Winter Sale,Email,45-54,Male,Pune,New,80264,6652,1624,244,24310,602154.39,8.29,24.41,3.67,3.65,99.63,24.77,2376.98,August,8
2026-08-12 04:14:21.292258,Winter Sale,Facebook,45-54,Other,Mumbai,New,134458,12303,3791,313,27613,888232.36,9.15,30.81,2.54,2.24,88.22,32.17,3116.72,August,8
2026-08-12 05:59:12.470494,Summer Sale,Email,45-54,Other,Bangalore,New,46497,2602,853,137,8825,354931.12,5.6,32.78,5.27,3.39,64.42,40.22,3921.88,August,8
2026-08-12 07:44:03.648729,Product Launch,Email,18-24,Male,Chennai,Returning,148313,5554,481,144,43587,212054.3,3.74,8.66,2.59,7.85,302.69,4.87,386.51,August,8
2026-08-12 09:28:54.826965,Festival Campaign,Google Ads,35-44,Male,Kolkata,New,27057,1515,163,35,44248,36410.16,5.6,10.76,2.31,29.21,1264.23,0.82,-17.71,August,8
2026-08-12 11:13:46.005201,Winter Sale,Google Ads,55+,Other,Jaipur,New,59700,5319,1762,410,26502,1142351.16,8.91,33.13,7.71,4.98,64.64,43.1,4210.43,August,8
2026-08-12 12:58:37.183436,Summer Sale,Email,35-44,Other,Hyderabad,Returning,24432,1764,411,54,24996,79101.85,7.22,23.3,3.06,14.17,462.89,3.16,216.46,August,8
2026-08-12 14:43:28.361672,Clearance Sale,Facebook,55+,Male,Ahmedabad,Returning,71488,6239,2167,242,43704,586975.01,8.73,34.73,3.88,7.0,180.6,13.43,1243.07,August,8
2026-08-12 16:28:19.539907,New Year Offer,Email,55+,Other,Ahmedabad,Returning,109199,4319,1269,348,42363,1034888.79,3.96,29.38,8.06,9.81,121.73,24.43,2342.91,August,8
2026-08-12 18:13:10.718143,Diwali Campaign,Google Ads,45-54,Female,Jaipur,Returning,28953,2144,645,110,17363,213796.74,7.41,30.08,5.13,8.1,157.85,12.31,1131.34,August,8
2026-08-12 19:58:01.896379,Diwali Campaign,Facebook,25-34,Female,Delhi,Returning,125864,8656,1594,128,15989,217561.75,6.88,18.41,1.48,1.85,124.91,13.61,1260.7,August,8
2026-08-12 21:42:53.074614,Festival Campaign,Email,45-54,Female,Delhi,New,39347,2417,361,52,41260,116983.2,6.14,14.94,2.15,17.07,793.46,2.84,183.53,August,8
2026-08-12 23:27:44.252850,Winter Sale,YouTube,18-24,Other,Jaipur,New,31249,1798,434,53,17138,52195.85,5.75,24.14,2.95,9.53,323.36,3.05,204.56,August,8
2026-08-13 01:12:35.431086,Diwali Campaign,YouTube,55+,Male,Kolkata,New,123346,7349,2332,496,42472,853417.28,5.96,31.73,6.75,5.78,85.63,20.09,1909.36,August,8
2026-08-13 02:57:26.609321,Product Launch,Email,25-34,Male,Bangalore,Returning,93442,8079,2229,549,26852,703173.96,8.65,27.59,6.8,3.32,48.91,26.19,2518.7,August,8
2026-08-13 04:42:17.787557,Diwali Campaign,Facebook,55+,Male,Mumbai,New,115781,10702,2220,420,35971,382439.26,9.24,20.74,3.92,3.36,85.65,10.63,963.19,August,8
2026-08-13 06:27:08.965793,Diwali Campaign,Email,55+,Other,Kolkata,New,143874,2900,821,99,42290,200508.8,2.02,28.31,3.41,14.58,427.17,4.74,374.13,August,8
2026-08-13 08:12:00.144028,Diwali Campaign,Email,45-54,Other,Nagpur,Returning,111426,6818,1816,168,34621,325796.56,6.12,26.64,2.46,5.08,206.08,9.41,841.04,August,8
2026-08-13 09:56:51.322264,Monsoon Offer,Google Ads,25-34,Female,Chennai,Returning,121086,11219,3663,545,24618,1309639.9,9.27,32.65,4.86,2.19,45.17,53.2,5219.85,August,8
2026-08-13 11:41:42.500500,Summer Sale,YouTube,25-34,Other,Delhi,New,28033,620,93,23,28619,61695.78,2.21,15.0,3.71,46.16,1244.3,2.16,115.58,August,8
2026-08-13 13:26:33.678735,Winter Sale,Google Ads,55+,Female,Hyderabad,Returning,45088,2126,238,41,49063,43088.54,4.72,11.19,1.93,23.08,1196.66,0.88,-12.18,August,8
2026-08-13 15:11:24.856971,Product Launch,Google Ads,25-34,Female,Delhi,New,119001,2144,443,60,21004,146955.4,1.8,20.66,2.8,9.8,350.07,7.0,599.65,August,8
2026-08-13 16:56:16.035207,Winter Sale,Email,25-34,Male,Ahmedabad,Returning,27527,556,98,8,23220,11347.7,2.02,17.63,1.44,41.76,2902.5,0.49,-51.13,August,8
2026-08-13 18:41:07.213442,Monsoon Offer,Google Ads,45-54,Other,Hyderabad,New,51005,4660,1599,302,39025,625748.23,9.14,34.31,6.48,8.37,129.22,16.03,1503.45,August,8
2026-08-13 20:25:58.391678,Festival Campaign,YouTube,35-44,Male,Nagpur,New,14406,722,59,13,32024,34132.8,5.01,8.17,1.8,44.35,2463.38,1.07,6.59,August,8
2026-08-13 22:10:49.569913,Festival Campaign,Google Ads,18-24,Male,Nagpur,New,104538,7525,2498,304,20521,346700.69,7.2,33.2,4.04,2.73,67.5,16.89,1589.49,August,8
2026-08-13 23:55:40.748149,Festival Campaign,YouTube,35-44,Other,Chennai,Returning,144191,3244,1096,217,13753,434521.5,2.25,33.79,6.69,4.24,63.38,31.59,3059.47,August,8
2026-08-14 01:40:31.926385,Clearance Sale,Google Ads,25-34,Other,Pune,Returning,68935,825,77,13,11737,22110.36,1.2,9.33,1.58,14.23,902.85,1.88,88.38,August,8
2026-08-14 03:25:23.104620,Diwali Campaign,YouTube,55+,Female,Ahmedabad,Returning,68327,6159,1972,463,48337,1146593.22,9.01,32.02,7.52,7.85,104.4,23.72,2272.08,August,8
2026-08-14 05:10:14.282856,Clearance Sale,Google Ads,18-24,Female,Jaipur,Returning,69094,4263,882,237,28248,531615.47,6.17,20.69,5.56,6.63,119.19,18.82,1781.96,August,8
2026-08-14 06:55:05.461092,Summer Sale,Google Ads,18-24,Female,Delhi,New,111815,1319,378,55,34325,133324.38,1.18,28.66,4.17,26.02,624.09,3.88,288.42,August,8
2026-08-14 08:39:56.639327,Festival Campaign,Facebook,55+,Female,Chennai,New,112132,11135,1129,315,28335,384255.21,9.93,10.14,2.83,2.54,89.95,13.56,1256.12,August,8
2026-08-14 10:24:47.817563,Monsoon Offer,YouTube,18-24,Male,Chennai,New,92485,5021,1696,399,12536,902095.4,5.43,33.78,7.95,2.5,31.42,71.96,7096.04,August,8
2026-08-14 12:09:38.995799,Product Launch,YouTube,55+,Male,Pune,New,148723,7856,1917,169,34085,340452.98,5.28,24.4,2.15,4.34,201.69,9.99,898.84,August,8
2026-08-14 13:54:30.174034,Winter Sale,YouTube,18-24,Other,Nagpur,Returning,107196,7062,2278,578,36287,948903.26,6.59,32.26,8.18,5.14,62.78,26.15,2515.0,August,8
2026-08-14 15:39:21.352270,Diwali Campaign,Instagram,35-44,Female,Ahmedabad,Returning,117396,1257,328,61,11000,88197.41,1.07,26.09,4.85,8.75,180.33,8.02,701.79,August,8
2026-08-14 17:24:12.530506,New Year Offer,Google Ads,18-24,Female,Hyderabad,Returning,20370,1247,280,80,23589,106320.01,6.12,22.45,6.42,18.92,294.86,4.51,350.72,August,8
2026-08-14 19:09:03.708741,Product Launch,YouTube,45-54,Female,Ahmedabad,Returning,54552,3636,460,69,18241,36168.83,6.67,12.65,1.9,5.02,264.36,1.98,98.28,August,8
2026-08-14 20:53:54.886977,Diwali Campaign,Instagram,55+,Male,Ahmedabad,New,111075,4079,522,109,31191,100704.71,3.67,12.8,2.67,7.65,286.16,3.23,222.86,August,8
2026-08-14 22:38:46.065213,Clearance Sale,Facebook,18-24,Other,Delhi,Returning,147849,11150,2314,671,35306,434435.95,7.54,20.75,6.02,3.17,52.62,12.3,1130.49,August,8
2026-08-15 00:23:37.243448,Clearance Sale,YouTube,55+,Male,Hyderabad,Returning,141185,6207,1955,273,32624,715504.02,4.4,31.5,4.4,5.26,119.5,21.93,2093.18,August,8
2026-08-15 02:08:28.421684,Product Launch,YouTube,45-54,Other,Kolkata,Returning,141603,10563,1173,215,15967,569797.77,7.46,11.1,2.04,1.51,74.27,35.69,3468.6,August,8
2026-08-15 03:53:19.599919,Clearance Sale,Instagram,18-24,Other,Hyderabad,New,144482,3315,1158,284,47574,742797.27,2.29,34.93,8.57,14.35,167.51,15.61,1461.35,August,8
2026-08-15 05:38:10.778155,Festival Campaign,Google Ads,18-24,Male,Chennai,New,84772,7818,2474,574,16246,1460714.86,9.22,31.64,7.34,2.08,28.3,89.91,8891.23,August,8
2026-08-15 07:23:01.956391,Summer Sale,Facebook,45-54,Male,Pune,New,130527,11636,2164,572,9467,602502.55,8.91,18.6,4.92,0.81,16.55,63.64,6264.24,August,8
2026-08-15 09:07:53.134626,Winter Sale,YouTube,45-54,Other,Ahmedabad,Returning,34608,815,120,23,41839,39777.71,2.35,14.72,2.82,51.34,1819.09,0.95,-4.93,August,8
2026-08-15 10:52:44.312862,Summer Sale,Google Ads,45-54,Male,Hyderabad,New,18324,1730,569,85,17347,235416.8,9.44,32.89,4.91,10.03,204.08,13.57,1257.1,August,8
2026-08-15 12:37:35.491098,Diwali Campaign,Facebook,55+,Male,Chennai,New,86695,5219,591,116,4822,278336.72,6.02,11.32,2.22,0.92,41.57,57.72,5672.23,August,8
2026-08-15 14:22:26.669333,Winter Sale,Email,45-54,Other,Mumbai,New,64222,4697,816,128,21408,64582.49,7.31,17.37,2.73,4.56,167.25,3.02,201.67,August,8
2026-08-15 16:07:17.847569,Monsoon Offer,Email,55+,Other,Nagpur,New,107643,9217,946,112,18382,184639.44,8.56,10.26,1.22,1.99,164.12,10.04,904.46,August,8
2026-08-15 17:52:09.025805,Winter Sale,Facebook,35-44,Female,Pune,New,55600,974,328,66,4184,34760.58,1.75,33.68,6.78,4.3,63.39,8.31,730.8,August,8
2026-08-15 19:37:00.204040,Summer Sale,Instagram,18-24,Male,Bangalore,New,19453,490,120,10,17599,12016.53,2.52,24.49,2.04,35.92,1759.9,0.68,-31.72,August,8
2026-08-15 21:21:51.382276,Product Launch,Facebook,18-24,Other,Jaipur,Returning,110369,3988,681,59,19763,93774.96,3.61,17.08,1.48,4.96,334.97,4.74,374.5,August,8
2026-08-15 23:06:42.560512,Winter Sale,Facebook,25-34,Male,Chennai,Returning,76469,4048,624,58,35496,158470.4,5.29,15.42,1.43,8.77,612.0,4.46,346.45,August,8
2026-08-16 00:51:33.738747,Monsoon Offer,Instagram,35-44,Male,Ahmedabad,New,106544,4383,876,199,17760,425056.18,4.11,19.99,4.54,4.05,89.25,23.93,2293.33,August,8
2026-08-16 02:36:24.916983,Monsoon Offer,Instagram,45-54,Other,Pune,Returning,35392,1965,205,34,11807,47811.19,5.55,10.43,1.73,6.01,347.26,4.05,304.94,August,8
2026-08-16 04:21:16.095219,Monsoon Offer,Google Ads,45-54,Female,Nagpur,New,68081,1819,582,109,36203,188203.46,2.67,32.0,5.99,19.9,332.14,5.2,419.86,August,8
2026-08-16 06:06:07.273454,Summer Sale,Google Ads,35-44,Other,Hyderabad,Returning,98387,7024,1530,237,40785,602803.27,7.14,21.78,3.37,5.81,172.09,14.78,1378.0,August,8
2026-08-16 07:50:58.451690,Winter Sale,Instagram,45-54,Other,Mumbai,New,62754,942,259,35,4547,43719.86,1.5,27.49,3.72,4.83,129.91,9.62,861.51,August,8
2026-08-16 09:35:49.629925,New Year Offer,Email,25-34,Male,Bangalore,Returning,16878,717,102,16,28710,32601.39,4.25,14.23,2.23,40.04,1794.38,1.14,13.55,August,8
2026-08-16 11:20:40.808161,Product Launch,Email,55+,Female,Nagpur,New,10792,281,60,7,44411,8089.32,2.6,21.35,2.49,158.05,6344.43,0.18,-81.79,August,8
2026-08-16 13:05:31.986397,Festival Campaign,Facebook,18-24,Other,Mumbai,New,21367,1617,221,50,18773,84995.43,7.57,13.67,3.09,11.61,375.46,4.53,352.75,August,8
2026-08-16 14:50:23.164632,Winter Sale,YouTube,35-44,Male,Jaipur,Returning,48731,4362,1310,134,7355,75260.6,8.95,30.03,3.07,1.69,54.89,10.23,923.26,August,8
2026-08-16 16:35:14.342868,Monsoon Offer,Facebook,18-24,Other,Pune,New,19547,334,96,18,18157,47352.39,1.71,28.74,5.39,54.36,1008.72,2.61,160.79,August,8
2026-08-16 18:20:05.521104,New Year Offer,Facebook,55+,Male,Kolkata,Returning,109689,8846,1061,196,18710,121690.93,8.06,11.99,2.22,2.12,95.46,6.5,550.41,August,8
2026-08-16 20:04:56.699339,Festival Campaign,YouTube,35-44,Other,Delhi,New,38568,3494,349,51,34571,54105.96,9.06,9.99,1.46,9.89,677.86,1.57,56.51,August,8
2026-08-16 21:49:47.877575,Festival Campaign,Instagram,55+,Female,Pune,New,72907,7119,2153,220,32879,293431.53,9.76,30.24,3.09,4.62,149.45,8.92,792.46,August,8
2026-08-16 23:34:39.055811,Diwali Campaign,Email,45-54,Other,Bangalore,New,60212,3741,410,96,25702,198038.67,6.21,10.96,2.57,6.87,267.73,7.71,670.52,August,8
2026-08-17 01:19:30.234046,Winter Sale,Facebook,45-54,Male,Kolkata,New,74379,2935,669,137,3711,315111.46,3.95,22.79,4.67,1.26,27.09,84.91,8391.28,August,8
2026-08-17 03:04:21.412282,Summer Sale,YouTube,45-54,Other,Kolkata,Returning,145210,5659,1269,327,47649,229268.73,3.9,22.42,5.78,8.42,145.72,4.81,381.16,August,8
2026-08-17 04:49:12.590518,Winter Sale,Google Ads,55+,Female,Jaipur,Returning,125837,5550,748,98,24889,59649.04,4.41,13.48,1.77,4.48,253.97,2.4,139.66,August,8
2026-08-17 06:34:03.768753,New Year Offer,Facebook,55+,Female,Delhi,Returning,99412,6475,1551,394,34304,984005.04,6.51,23.95,6.08,5.3,87.07,28.68,2768.48,August,8
2026-08-17 08:18:54.946989,Festival Campaign,Email,55+,Female,Kolkata,Returning,144425,7816,1686,243,10439,554141.17,5.41,21.57,3.11,1.34,42.96,53.08,5208.37,August,8
2026-08-17 10:03:46.125225,Winter Sale,Instagram,18-24,Female,Chennai,Returning,75064,5166,1123,117,31373,301728.48,6.88,21.74,2.26,6.07,268.15,9.62,861.75,August,8
2026-08-17 11:48:37.303460,Summer Sale,Facebook,55+,Male,Nagpur,New,65121,881,156,17,30275,37252.88,1.35,17.71,1.93,34.36,1780.88,1.23,23.05,August,8
2026-08-17 13:33:28.481696,Diwali Campaign,Facebook,45-54,Other,Kolkata,New,25205,492,150,19,41788,45173.08,1.95,30.49,3.86,84.93,2199.37,1.08,8.1,August,8
2026-08-17 15:18:19.659931,Winter Sale,YouTube,25-34,Female,Kolkata,Returning,145700,14262,1465,337,44126,487839.84,9.79,10.27,2.36,3.09,130.94,11.06,1005.56,August,8
2026-08-17 17:03:10.838167,Product Launch,Google Ads,55+,Other,Nagpur,New,62600,6234,1237,165,42054,325951.03,9.96,19.84,2.65,6.75,254.87,7.75,675.08,August,8
2026-08-17 18:48:02.016403,Diwali Campaign,Google Ads,25-34,Male,Hyderabad,Returning,105526,8146,1223,260,7588,653505.02,7.72,15.01,3.19,0.93,29.18,86.12,8512.35,August,8
2026-08-17 20:32:53.194638,Summer Sale,Instagram,45-54,Other,Jaipur,New,48095,1590,491,66,21503,61399.39,3.31,30.88,4.15,13.52,325.8,2.86,185.54,August,8
2026-08-17 22:17:44.372874,New Year Offer,Email,55+,Other,Kolkata,Returning,103159,9883,1391,223,10511,347223.8,9.58,14.07,2.26,1.06,47.13,33.03,3203.43,August,8
2026-08-18 00:02:35.551110,Festival Campaign,Instagram,18-24,Female,Kolkata,New,135590,3963,1137,313,25674,735933.24,2.92,28.69,7.9,6.48,82.03,28.66,2766.45,August,8
2026-08-18 01:47:26.729345,Winter Sale,Facebook,18-24,Female,Delhi,New,68844,5220,1279,243,41225,445076.72,7.58,24.5,4.66,7.9,169.65,10.8,979.63,August,8
2026-08-18 03:32:17.907581,Summer Sale,Facebook,25-34,Male,Mumbai,Returning,31433,640,202,42,36876,92574.03,2.04,31.56,6.56,57.62,878.0,2.51,151.04,August,8
2026-08-18 05:17:09.085817,Diwali Campaign,Google Ads,18-24,Other,Hyderabad,New,102060,6981,1677,203,14130,250131.12,6.84,24.02,2.91,2.02,69.61,17.7,1670.21,August,8
2026-08-18 07:02:00.264052,Product Launch,Email,18-24,Male,Ahmedabad,Returning,26684,2090,481,52,22238,30204.52,7.83,23.01,2.49,10.64,427.65,1.36,35.82,August,8
2026-08-18 08:46:51.442288,Summer Sale,YouTube,18-24,Male,Hyderabad,New,131485,11487,3403,581,22598,332834.25,8.74,29.62,5.06,1.97,38.9,14.73,1372.85,August,8
2026-08-18 10:31:42.620524,Clearance Sale,Email,45-54,Male,Nagpur,Returning,61305,4664,1081,289,45294,825659.4,7.61,23.18,6.2,9.71,156.73,18.23,1722.89,August,8
2026-08-18 12:16:33.798759,Monsoon Offer,Facebook,18-24,Female,Delhi,New,64057,5964,1837,244,22824,698169.43,9.31,30.8,4.09,3.83,93.54,30.59,2958.93,August,8
2026-08-18 14:01:24.976995,Product Launch,YouTube,35-44,Female,Jaipur,Returning,95938,5457,509,110,8826,113102.64,5.69,9.33,2.02,1.62,80.24,12.81,1181.47,August,8
2026-08-18 15:46:16.155231,Diwali Campaign,Email,55+,Other,Pune,New,78618,5579,1192,324,37487,281447.18,7.1,21.37,5.81,6.72,115.7,7.51,650.79,August,8
2026-08-18 17:31:07.333466,New Year Offer,Email,18-24,Other,Delhi,New,82610,3573,1069,305,5860,166331.62,4.33,29.92,8.54,1.64,19.21,28.38,2738.42,August,8
2026-08-18 19:15:58.511702,Festival Campaign,YouTube,18-24,Other,Bangalore,Returning,39330,430,132,39,44930,42047.54,1.09,30.7,9.07,104.49,1152.05,0.94,-6.42,August,8
2026-08-18 21:00:49.689937,Diwali Campaign,Facebook,18-24,Female,Nagpur,Returning,141531,11053,3373,835,47472,1115458.63,7.81,30.52,7.55,4.29,56.85,23.5,2249.72,August,8
2026-08-18 22:45:40.868173,Monsoon Offer,Email,35-44,Female,Mumbai,Returning,136908,12087,2939,283,3066,312179.16,8.83,24.32,2.34,0.25,10.83,101.82,10081.97,August,8
2026-08-19 00:30:32.046409,New Year Offer,YouTube,18-24,Male,Bangalore,Returning,132670,3403,1185,321,27285,800400.77,2.57,34.82,9.43,8.02,85.0,29.33,2833.48,August,8
2026-08-19 02:15:23.224644,Winter Sale,Facebook,18-24,Female,Bangalore,New,75037,943,121,33,23229,78328.02,1.26,12.83,3.5,24.63,703.91,3.37,237.2,August,8
2026-08-19 04:00:14.402880,Summer Sale,YouTube,55+,Male,Jaipur,New,127314,3158,401,81,28413,56905.36,2.48,12.7,2.56,9.0,350.78,2.0,100.28,August,8
2026-08-19 05:45:05.581116,Clearance Sale,YouTube,35-44,Male,Ahmedabad,New,78337,7095,630,59,20310,132354.94,9.06,8.88,0.83,2.86,344.24,6.52,551.67,August,8
2026-08-19 07:29:56.759351,Product Launch,Email,35-44,Female,Pune,New,38831,1421,493,91,6605,163933.11,3.66,34.69,6.4,4.65,72.58,24.82,2381.95,August,8
2026-08-19 09:14:47.937587,Product Launch,Facebook,18-24,Male,Kolkata,New,10997,341,59,7,14577,5812.91,3.1,17.3,2.05,42.75,2082.43,0.4,-60.12,August,8
2026-08-19 10:59:39.115823,Summer Sale,Email,35-44,Male,Chennai,Returning,107915,1220,348,61,27517,143279.15,1.13,28.52,5.0,22.55,451.1,5.21,420.69,August,8
2026-08-19 12:44:30.294058,Clearance Sale,Instagram,25-34,Other,Kolkata,Returning,74784,2747,264,63,16239,45052.18,3.67,9.61,2.29,5.91,257.76,2.77,177.43,August,8
2026-08-19 14:29:21.472294,Summer Sale,Instagram,35-44,Male,Bangalore,Returning,147456,10971,1762,399,36901,376207.79,7.44,16.06,3.64,3.36,92.48,10.2,919.51,August,8
2026-08-19 16:14:12.650530,Winter Sale,Facebook,35-44,Female,Hyderabad,Returning,88759,8549,2123,534,24386,466217.35,9.63,24.83,6.25,2.85,45.67,19.12,1811.82,August,8
2026-08-19 17:59:03.828765,Monsoon Offer,YouTube,35-44,Female,Chennai,Returning,58067,2215,491,90,49511,256282.52,3.81,22.17,4.06,22.35,550.12,5.18,417.63,August,8
2026-08-19 19:43:55.007001,New Year Offer,Email,45-54,Male,Jaipur,New,21198,671,91,17,29965,38171.63,3.17,13.56,2.53,44.66,1762.65,1.27,27.39,August,8
2026-08-19 21:28:46.185237,Diwali Campaign,Email,45-54,Other,Pune,New,19382,1742,356,101,20211,154349.7,8.99,20.44,5.8,11.6,200.11,7.64,663.69,August,8
2026-08-19 23:13:37.363472,Product Launch,Facebook,45-54,Female,Jaipur,Returning,34120,2959,323,70,13918,178885.73,8.67,10.92,2.37,4.7,198.83,12.85,1185.28,August,8
2026-08-20 00:58:28.541708,Winter Sale,Facebook,35-44,Female,Nagpur,Returning,36950,1460,330,80,40917,83191.88,3.95,22.6,5.48,28.03,511.46,2.03,103.32,August,8
2026-08-20 02:43:19.719943,New Year Offer,Instagram,25-34,Other,Mumbai,Returning,135456,2193,232,52,8091,147042.13,1.62,10.58,2.37,3.69,155.6,18.17,1717.35,August,8
2026-08-20 04:28:10.898179,Winter Sale,Google Ads,35-44,Male,Bangalore,New,105504,10474,2636,582,35776,1305131.1,9.93,25.17,5.56,3.42,61.47,36.48,3548.06,August,8
2026-08-20 06:13:02.076415,Clearance Sale,Facebook,18-24,Female,Hyderabad,Returning,78462,5591,681,191,16263,362699.76,7.13,12.18,3.42,2.91,85.15,22.3,2130.21,August,8
2026-08-20 07:57:53.254650,Product Launch,Google Ads,25-34,Male,Jaipur,Returning,25735,2403,547,86,3978,213849.42,9.34,22.76,3.58,1.66,46.26,53.76,5275.8,August,8
2026-08-20 09:42:44.432886,Diwali Campaign,Facebook,45-54,Male,Chennai,Returning,115846,4722,542,94,23107,198523.53,4.08,11.48,1.99,4.89,245.82,8.59,759.15,August,8
2026-08-20 11:27:35.611122,Summer Sale,YouTube,55+,Male,Bangalore,New,112733,7698,1448,236,21474,641394.47,6.83,18.81,3.07,2.79,90.99,29.87,2886.84,August,8
2026-08-20 13:12:26.789357,Summer Sale,YouTube,25-34,Male,Pune,Returning,122235,8642,1512,375,14368,964830.62,7.07,17.5,4.34,1.66,38.31,67.15,6615.14,August,8
2026-08-20 14:57:17.967593,New Year Offer,Instagram,45-54,Female,Hyderabad,New,49986,4426,1258,340,29423,338155.93,8.85,28.42,7.68,6.65,86.54,11.49,1049.29,August,8
2026-08-20 16:42:09.145829,Diwali Campaign,Instagram,25-34,Other,Ahmedabad,Returning,33409,3320,840,133,22486,146188.21,9.94,25.3,4.01,6.77,169.07,6.5,550.13,August,8
2026-08-20 18:27:00.324064,Monsoon Offer,Google Ads,25-34,Female,Ahmedabad,Returning,126909,2510,835,92,23137,60972.41,1.98,33.27,3.67,9.22,251.49,2.64,163.53,August,8
2026-08-20 20:11:51.502300,Festival Campaign,Facebook,35-44,Other,Chennai,New,89987,6011,1977,373,39512,391835.49,6.68,32.89,6.21,6.57,105.93,9.92,891.69,August,8
2026-08-20 21:56:42.680536,Clearance Sale,Email,18-24,Male,Mumbai,New,15814,636,175,51,9930,69294.83,4.02,27.52,8.02,15.61,194.71,6.98,597.83,August,8
2026-08-20 23:41:33.858771,New Year Offer,Instagram,55+,Other,Ahmedabad,Returning,32169,2671,769,95,37556,54346.5,8.3,28.79,3.56,14.06,395.33,1.45,44.71,August,8
2026-08-21 01:26:25.037007,Festival Campaign,Email,45-54,Male,Bangalore,Returning,95918,7469,1857,333,20626,428706.32,7.79,24.86,4.46,2.76,61.94,20.78,1978.48,August,8
2026-08-21 03:11:16.215243,Winter Sale,Email,25-34,Female,Pune,New,30931,2793,745,104,13199,252601.92,9.03,26.67,3.72,4.73,126.91,19.14,1813.8,August,8
2026-08-21 04:56:07.393478,Clearance Sale,Facebook,55+,Female,Mumbai,New,85506,3500,863,244,44072,634599.83,4.09,24.66,6.97,12.59,180.62,14.4,1339.92,August,8
2026-08-21 06:40:58.571714,Winter Sale,Google Ads,25-34,Other,Kolkata,Returning,119865,3189,523,105,39534,54829.24,2.66,16.4,3.29,12.4,376.51,1.39,38.69,August,8
2026-08-21 08:25:49.749949,Monsoon Offer,Facebook,18-24,Male,Pune,New,103207,1234,215,44,9155,22786.17,1.2,17.42,3.57,7.42,208.07,2.49,148.89,August,8
2026-08-21 10:10:40.928185,Diwali Campaign,Instagram,55+,Male,Bangalore,New,147130,4854,1141,93,14734,80516.4,3.3,23.51,1.92,3.04,158.43,5.46,446.47,August,8
2026-08-21 11:55:32.106421,Product Launch,Email,45-54,Other,Bangalore,Returning,79051,3402,933,208,4363,557740.07,4.3,27.43,6.11,1.28,20.98,127.83,12683.41,August,8
2026-08-21 13:40:23.284656,Clearance Sale,Facebook,25-34,Male,Nagpur,Returning,78866,7503,1422,209,14111,349697.78,9.51,18.95,2.79,1.88,67.52,24.78,2378.19,August,8
2026-08-21 15:25:14.462892,Festival Campaign,Facebook,18-24,Male,Mumbai,Returning,132179,7167,849,163,31571,482032.6,5.42,11.85,2.27,4.41,193.69,15.27,1426.82,August,8
2026-08-21 17:10:05.641128,Monsoon Offer,Facebook,55+,Male,Pune,New,109978,6607,1348,265,46253,720357.1,6.01,20.4,4.01,7.0,174.54,15.57,1457.43,August,8
2026-08-21 18:54:56.819363,Product Launch,Instagram,25-34,Female,Mumbai,Returning,84514,7539,2563,538,42420,1466222.31,8.92,34.0,7.14,5.63,78.85,34.56,3356.44,August,8
2026-08-21 20:39:47.997599,Summer Sale,Google Ads,25-34,Female,Chennai,Returning,92475,8290,1142,298,39143,244714.94,8.96,13.78,3.59,4.72,131.35,6.25,525.18,August,8
2026-08-21 22:24:39.175835,Festival Campaign,Facebook,45-54,Female,Delhi,New,36615,2105,537,78,15151,131669.72,5.75,25.51,3.71,7.2,194.24,8.69,769.05,August,8
2026-08-22 00:09:30.354070,New Year Offer,Instagram,18-24,Male,Mumbai,Returning,122898,2486,858,116,19251,346141.27,2.02,34.51,4.67,7.74,165.96,17.98,1698.04,August,8
2026-08-22 01:54:21.532306,Summer Sale,Email,35-44,Female,Ahmedabad,New,132480,4550,826,210,8632,183248.22,3.43,18.15,4.62,1.9,41.1,21.23,2022.89,August,8
2026-08-22 03:39:12.710542,Monsoon Offer,YouTube,25-34,Male,Bangalore,New,91059,4654,1488,354,6432,685196.61,5.11,31.97,7.61,1.38,18.17,106.53,10552.93,August,8
2026-08-22 05:24:03.888777,Summer Sale,Instagram,55+,Male,Nagpur,Returning,11701,908,284,36,19074,48985.2,7.76,31.28,3.96,21.01,529.83,2.57,156.82,August,8
2026-08-22 07:08:55.067013,New Year Offer,YouTube,45-54,Other,Kolkata,Returning,69430,5141,881,70,33763,102875.17,7.4,17.14,1.36,6.57,482.33,3.05,204.7,August,8
2026-08-22 08:53:46.245249,Clearance Sale,Facebook,45-54,Male,Nagpur,New,111016,7531,802,181,41206,493583.61,6.78,10.65,2.4,5.47,227.66,11.98,1097.84,August,8
2026-08-22 10:38:37.423484,Summer Sale,Facebook,25-34,Female,Pune,Returning,65615,5854,750,85,17942,167429.3,8.92,12.81,1.45,3.06,211.08,9.33,833.17,August,8
2026-08-22 12:23:28.601720,Diwali Campaign,Instagram,25-34,Female,Chennai,New,102519,8430,1506,437,18653,1047463.21,8.22,17.86,5.18,2.21,42.68,56.16,5515.52,August,8
2026-08-22 14:08:19.779955,Festival Campaign,YouTube,25-34,Male,Chennai,New,49237,4844,1641,349,26036,761897.01,9.84,33.88,7.2,5.37,74.6,29.26,2826.32,August,8
2026-08-22 15:53:10.958191,Product Launch,Facebook,35-44,Female,Kolkata,Returning,44378,3995,615,164,43456,298896.43,9.0,15.39,4.11,10.88,264.98,6.88,587.81,August,8
2026-08-22 17:38:02.136427,Summer Sale,Email,25-34,Male,Mumbai,Returning,147415,4069,1343,345,8893,855350.91,2.76,33.01,8.48,2.19,25.78,96.18,9518.25,August,8
2026-08-22 19:22:53.314662,Festival Campaign,Google Ads,18-24,Other,Mumbai,New,25797,391,50,10,20733,29268.32,1.52,12.79,2.56,53.03,2073.3,1.41,41.17,August,8
2026-08-22 21:07:44.492898,Winter Sale,Google Ads,55+,Male,Pune,New,63857,3020,1032,182,32948,530902.9,4.73,34.17,6.03,10.91,181.03,16.11,1511.34,August,8
2026-08-22 22:52:35.671134,Festival Campaign,Facebook,25-34,Male,Pune,Returning,117623,7713,1228,232,3307,573882.16,6.56,15.92,3.01,0.43,14.25,173.54,17253.56,August,8
2026-08-23 00:37:26.849369,Product Launch,YouTube,35-44,Other,Hyderabad,New,97411,6612,1659,425,12538,730287.87,6.79,25.09,6.43,1.9,29.5,58.25,5724.6,August,8
2026-08-23 02:22:18.027605,Festival Campaign,Facebook,55+,Female,Mumbai,New,77561,2642,261,57,16919,51750.15,3.41,9.88,2.16,6.4,296.82,3.06,205.87,August,8
2026-08-23 04:07:09.205841,New Year Offer,YouTube,45-54,Other,Pune,New,140596,12286,1976,247,28442,150960.54,8.74,16.08,2.01,2.31,115.15,5.31,430.77,August,8
2026-08-23 05:52:00.384076,Monsoon Offer,Email,25-34,Other,Chennai,Returning,141177,5595,765,163,10809,175813.82,3.96,13.67,2.91,1.93,66.31,16.27,1526.55,August,8
2026-08-23 07:36:51.562312,Product Launch,YouTube,55+,Male,Delhi,New,104906,9726,787,133,41504,179635.78,9.27,8.09,1.37,4.27,312.06,4.33,332.82,August,8
2026-08-23 09:21:42.740548,Monsoon Offer,Facebook,45-54,Male,Bangalore,New,96379,5054,618,57,48766,47003.57,5.24,12.23,1.13,9.65,855.54,0.96,-3.61,August,8
2026-08-23 11:06:33.918783,Clearance Sale,Email,35-44,Other,Mumbai,Returning,29476,322,77,12,32986,12742.96,1.09,23.91,3.73,102.44,2748.83,0.39,-61.37,August,8
2026-08-23 12:51:25.097019,Monsoon Offer,Instagram,18-24,Female,Hyderabad,New,58610,1440,266,34,43823,24101.36,2.46,18.47,2.36,30.43,1288.91,0.55,-45.0,August,8
2026-08-23 14:36:16.275255,Winter Sale,Google Ads,25-34,Other,Bangalore,New,103979,1997,549,145,27093,262332.9,1.92,27.49,7.26,13.57,186.85,9.68,868.27,August,8
2026-08-23 16:21:07.453490,New Year Offer,Facebook,18-24,Female,Ahmedabad,Returning,51706,721,188,19,34660,15500.11,1.39,26.07,2.64,48.07,1824.21,0.45,-55.28,August,8
2026-08-23 18:05:58.631726,Clearance Sale,Facebook,35-44,Other,Delhi,Returning,114375,8493,2512,400,43877,942768.63,7.43,29.58,4.71,5.17,109.69,21.49,2048.66,August,8
2026-08-23 19:50:49.809961,Festival Campaign,Facebook,55+,Other,Nagpur,Returning,75032,2049,643,149,49684,198412.04,2.73,31.38,7.27,24.25,333.45,3.99,299.35,August,8
2026-08-23 21:35:40.988197,Product Launch,Email,55+,Female,Mumbai,Returning,78833,6738,2030,563,45472,1227428.27,8.55,30.13,8.36,6.75,80.77,26.99,2599.31,August,8
2026-08-23 23:20:32.166433,Winter Sale,Instagram,35-44,Other,Nagpur,Returning,75744,2560,514,79,18296,213797.59,3.38,20.08,3.09,7.15,231.59,11.69,1068.55,August,8
2026-08-24 01:05:23.344668,New Year Offer,YouTube,35-44,Male,Hyderabad,New,97327,1256,205,43,5283,30746.78,1.29,16.32,3.42,4.21,122.86,5.82,481.99,August,8
2026-08-24 02:50:14.522904,Clearance Sale,Instagram,25-34,Other,Mumbai,New,142963,11988,2584,419,43320,1245478.32,8.39,21.55,3.5,3.61,103.39,28.75,2775.07,August,8
2026-08-24 04:35:05.701140,Clearance Sale,Email,45-54,Male,Hyderabad,Returning,57594,2992,671,83,34080,175387.99,5.19,22.43,2.77,11.39,410.6,5.15,414.64,August,8
2026-08-24 06:19:56.879375,Winter Sale,Facebook,18-24,Female,Jaipur,New,111810,7150,1176,178,47984,112747.84,6.39,16.45,2.49,6.71,269.57,2.35,134.97,August,8
2026-08-24 08:04:48.057611,Diwali Campaign,Google Ads,18-24,Female,Hyderabad,Returning,74190,2986,674,148,27518,190180.83,4.02,22.57,4.96,9.22,185.93,6.91,591.11,August,8
2026-08-24 09:49:39.235847,Festival Campaign,Facebook,55+,Male,Pune,New,143111,2024,219,52,23162,141211.87,1.41,10.82,2.57,11.44,445.42,6.1,509.67,August,8
2026-08-24 11:34:30.414082,Winter Sale,YouTube,55+,Other,Pune,New,29673,1285,182,29,28443,57726.94,4.33,14.16,2.26,22.13,980.79,2.03,102.96,August,8
2026-08-24 13:19:21.592318,Clearance Sale,Google Ads,25-34,Male,Nagpur,New,52412,2968,835,94,4382,114497.26,5.66,28.13,3.17,1.48,46.62,26.13,2512.9,August,8
2026-08-24 15:04:12.770554,Summer Sale,Facebook,35-44,Male,Jaipur,Returning,129449,1430,184,20,22998,57024.73,1.1,12.87,1.4,16.08,1149.9,2.48,147.96,August,8
2026-08-24 16:49:03.948789,New Year Offer,Google Ads,18-24,Female,Hyderabad,Returning,149258,9207,1082,279,30438,688608.67,6.17,11.75,3.03,3.31,109.1,22.62,2162.33,August,8
2026-08-24 18:33:55.127025,Winter Sale,Instagram,25-34,Male,Ahmedabad,Returning,73708,6661,1049,234,26479,547290.02,9.04,15.75,3.51,3.98,113.16,20.67,1966.88,August,8
2026-08-24 20:18:46.305261,Diwali Campaign,Email,55+,Other,Nagpur,New,10434,308,55,13,12175,35373.88,2.95,17.86,4.22,39.53,936.54,2.91,190.55,August,8
2026-08-24 22:03:37.483496,Clearance Sale,Facebook,55+,Male,Bangalore,Returning,28030,2618,441,82,27693,198804.89,9.34,16.84,3.13,10.58,337.72,7.18,617.89,August,8
2026-08-24 23:48:28.661732,Festival Campaign,YouTube,18-24,Female,Pune,New,86891,1632,295,53,38294,64492.83,1.88,18.08,3.25,23.46,722.53,1.68,68.41,August,8
2026-08-25 01:33:19.839967,Monsoon Offer,Instagram,55+,Other,Bangalore,New,89864,7574,892,112,28794,219488.1,8.43,11.78,1.48,3.8,257.09,7.62,662.27,August,8
2026-08-25 03:18:11.018203,Clearance Sale,Facebook,55+,Female,Bangalore,Returning,15258,1306,162,18,27203,46902.88,8.56,12.4,1.38,20.83,1511.28,1.72,72.42,August,8
2026-08-25 05:03:02.196439,Festival Campaign,Instagram,45-54,Male,Jaipur,New,82726,2746,394,44,20427,41893.29,3.32,14.35,1.6,7.44,464.25,2.05,105.09,August,8
2026-08-25 06:47:53.374674,Winter Sale,YouTube,35-44,Male,Nagpur,New,126128,12134,2287,681,35029,618047.13,9.62,18.85,5.61,2.89,51.44,17.64,1664.39,August,8
2026-08-25 08:32:44.552910,Festival Campaign,Facebook,55+,Female,Chennai,New,131563,6248,1066,277,21889,248591.05,4.75,17.06,4.43,3.5,79.02,11.36,1035.69,August,8
2026-08-25 10:17:35.731146,Product Launch,YouTube,45-54,Female,Nagpur,Returning,68277,1550,455,99,47774,97578.18,2.27,29.35,6.39,30.82,482.57,2.04,104.25,August,8
2026-08-25 12:02:26.909381,Product Launch,Google Ads,25-34,Other,Chennai,Returning,55238,3494,775,98,14711,74291.55,6.33,22.18,2.8,4.21,150.11,5.05,405.01,August,8
2026-08-25 13:47:18.087617,Product Launch,YouTube,55+,Female,Hyderabad,Returning,20747,2068,486,74,27142,191961.37,9.97,23.5,3.58,13.12,366.78,7.07,607.25,August,8
2026-08-25 15:32:09.265853,Diwali Campaign,Google Ads,25-34,Female,Chennai,New,40377,3671,849,133,38455,338590.81,9.09,23.13,3.62,10.48,289.14,8.8,780.49,August,8
2026-08-25 17:17:00.444088,Diwali Campaign,Facebook,55+,Male,Mumbai,New,134026,4700,882,163,6156,143182.86,3.51,18.77,3.47,1.31,37.77,23.26,2225.91,August,8
2026-08-25 19:01:51.622324,Summer Sale,Google Ads,18-24,Male,Hyderabad,Returning,54956,3403,1173,202,19959,457296.27,6.19,34.47,5.94,5.87,98.81,22.91,2191.18,August,8
2026-08-25 20:46:42.800560,Diwali Campaign,Facebook,45-54,Female,Chennai,New,116017,2364,212,60,30921,124046.33,2.04,8.97,2.54,13.08,515.35,4.01,301.17,August,8
2026-08-25 22:31:33.978795,Monsoon Offer,Facebook,45-54,Female,Ahmedabad,Returning,108684,5604,774,184,14039,219049.36,5.16,13.81,3.28,2.51,76.3,15.6,1460.29,August,8
2026-08-26 00:16:25.157031,Winter Sale,Email,18-24,Male,Bangalore,Returning,33557,1915,300,29,36170,30984.21,5.71,15.67,1.51,18.89,1247.24,0.86,-14.34,August,8
2026-08-26 02:01:16.335267,Clearance Sale,Facebook,35-44,Other,Hyderabad,Returning,99463,3816,1213,193,11444,217407.68,3.84,31.79,5.06,3.0,59.3,19.0,1799.75,August,8
2026-08-26 03:46:07.513502,Clearance Sale,Google Ads,45-54,Other,Bangalore,Returning,43292,2319,760,83,4629,193105.85,5.36,32.77,3.58,2.0,55.77,41.72,4071.65,August,8
2026-08-26 05:30:58.691738,Summer Sale,Email,25-34,Other,Kolkata,New,29491,2736,843,119,27352,154496.83,9.28,30.81,4.35,10.0,229.85,5.65,464.85,August,8
2026-08-26 07:15:49.869973,Diwali Campaign,Email,45-54,Other,Nagpur,New,76629,4215,811,235,38477,280801.08,5.5,19.24,5.58,9.13,163.73,7.3,629.79,August,8
2026-08-26 09:00:41.048209,Monsoon Offer,Facebook,35-44,Male,Chennai,New,28123,2384,779,183,48724,101785.1,8.48,32.68,7.68,20.44,266.25,2.09,108.9,August,8
2026-08-26 10:45:32.226445,Festival Campaign,YouTube,25-34,Female,Bangalore,Returning,74618,2877,306,25,24207,69264.78,3.86,10.64,0.87,8.41,968.28,2.86,186.14,August,8
2026-08-26 12:30:23.404680,Summer Sale,YouTube,25-34,Other,Chennai,New,34288,3340,855,130,14523,309628.85,9.74,25.6,3.89,4.35,111.72,21.32,2031.99,August,8
2026-08-26 14:15:14.582916,Monsoon Offer,Email,18-24,Male,Bangalore,Returning,118850,2188,728,128,33129,215290.78,1.84,33.27,5.85,15.14,258.82,6.5,549.86,August,8
2026-08-26 16:00:05.761152,Festival Campaign,Facebook,55+,Female,Ahmedabad,Returning,99947,6266,1778,377,7043,1077208.62,6.27,28.38,6.02,1.12,18.68,152.95,15194.74,August,8
2026-08-26 17:44:56.939387,Monsoon Offer,YouTube,18-24,Other,Delhi,Returning,113220,9180,1423,270,38427,333134.24,8.11,15.5,2.94,4.19,142.32,8.67,766.93,August,8
2026-08-26 19:29:48.117623,Festival Campaign,Facebook,55+,Female,Ahmedabad,New,55091,4587,1255,119,8241,260224.75,8.33,27.36,2.59,1.8,69.25,31.58,3057.68,August,8
2026-08-26 21:14:39.295859,New Year Offer,Facebook,18-24,Other,Pune,Returning,140180,3903,622,120,19003,151545.11,2.78,15.94,3.07,4.87,158.36,7.97,697.48,August,8
2026-08-26 22:59:30.474094,Monsoon Offer,Email,55+,Female,Chennai,New,127622,5889,648,70,49596,90050.17,4.61,11.0,1.19,8.42,708.51,1.82,81.57,August,8
2026-08-27 00:44:21.652330,Clearance Sale,Email,45-54,Other,Ahmedabad,New,125730,8320,2276,442,44938,1154403.63,6.62,27.36,5.31,5.4,101.67,25.69,2468.88,August,8
2026-08-27 02:29:12.830566,Product Launch,Instagram,25-34,Other,Mumbai,New,92386,3550,455,61,6816,150520.85,3.84,12.82,1.72,1.92,111.74,22.08,2108.35,August,8
2026-08-27 04:14:04.008801,Diwali Campaign,YouTube,55+,Female,Chennai,New,96214,6662,732,81,22110,100056.75,6.92,10.99,1.22,3.32,272.96,4.53,352.54,August,8
2026-08-27 05:58:55.187037,Festival Campaign,YouTube,45-54,Female,Jaipur,New,11591,511,117,16,3568,11255.58,4.41,22.9,3.13,6.98,223.0,3.15,215.46,August,8
2026-08-27 07:43:46.365273,New Year Offer,YouTube,35-44,Female,Nagpur,New,70159,2917,722,73,48598,101759.11,4.16,24.75,2.5,16.66,665.73,2.09,109.39,August,8
2026-08-27 09:28:37.543508,Monsoon Offer,Google Ads,18-24,Male,Nagpur,New,140656,2774,260,37,7105,88805.32,1.97,9.37,1.33,2.56,192.03,12.5,1149.9,August,8
2026-08-27 11:13:28.721744,Clearance Sale,Facebook,35-44,Male,Pune,New,91689,1240,100,27,48212,20286.74,1.35,8.06,2.18,38.88,1785.63,0.42,-57.92,August,8
2026-08-27 12:58:19.899979,Product Launch,Email,45-54,Female,Mumbai,Returning,144644,12320,3919,578,38540,1260185.75,8.52,31.81,4.69,3.13,66.68,32.7,3169.81,August,8
2026-08-27 14:43:11.078215,Festival Campaign,YouTube,35-44,Male,Pune,Returning,68537,3705,411,75,48196,204330.61,5.41,11.09,2.02,13.01,642.61,4.24,323.96,August,8
2026-08-27 16:28:02.256451,Monsoon Offer,Instagram,35-44,Other,Hyderabad,New,43061,2612,620,120,7054,113768.15,6.07,23.74,4.59,2.7,58.78,16.13,1512.82,August,8
2026-08-27 18:12:53.434686,Monsoon Offer,YouTube,45-54,Female,Chennai,New,101033,4394,1482,176,30262,467369.9,4.35,33.73,4.01,6.89,171.94,15.44,1444.41,August,8
2026-08-27 19:57:44.612922,Festival Campaign,Facebook,25-34,Male,Mumbai,New,71907,1604,350,62,27261,38961.4,2.23,21.82,3.87,17.0,439.69,1.43,42.92,August,8
2026-08-27 21:42:35.791158,Summer Sale,Facebook,55+,Female,Kolkata,New,26151,1319,155,41,23382,88855.23,5.04,11.75,3.11,17.73,570.29,3.8,280.02,August,8
2026-08-27 23:27:26.969393,Summer Sale,Email,18-24,Other,Bangalore,New,102526,3137,584,57,35904,141223.05,3.06,18.62,1.82,11.45,629.89,3.93,293.34,August,8
2026-08-28 01:12:18.147629,Clearance Sale,Google Ads,55+,Other,Jaipur,Returning,106571,9100,2261,639,24170,1030013.87,8.54,24.85,7.02,2.66,37.82,42.62,4161.54,August,8
2026-08-28 02:57:09.325865,Product Launch,Email,18-24,Male,Chennai,New,55813,5514,1576,428,33295,431989.7,9.88,28.58,7.76,6.04,77.79,12.97,1197.46,August,8
2026-08-28 04:42:00.504100,Festival Campaign,YouTube,55+,Other,Jaipur,New,123417,11109,2709,726,28999,2041384.04,9.0,24.39,6.54,2.61,39.94,70.39,6939.5,August,8
2026-08-28 06:26:51.682336,Clearance Sale,Instagram,35-44,Female,Mumbai,New,13088,753,67,8,34162,4399.38,5.75,8.9,1.06,45.37,4270.25,0.13,-87.12,August,8
2026-08-28 08:11:42.860572,Clearance Sale,Email,25-34,Male,Bangalore,Returning,57954,3855,457,85,40539,160452.64,6.65,11.85,2.2,10.52,476.93,3.96,295.8,August,8
2026-08-28 09:56:34.038807,Winter Sale,Google Ads,35-44,Female,Pune,Returning,32011,3051,550,118,20920,168990.58,9.53,18.03,3.87,6.86,177.29,8.08,707.79,August,8
2026-08-28 11:41:25.217043,Monsoon Offer,Email,25-34,Female,Chennai,New,22839,1335,361,36,38092,59495.15,5.85,27.04,2.7,28.53,1058.11,1.56,56.19,August,8
2026-08-28 13:26:16.395279,Diwali Campaign,Facebook,45-54,Female,Bangalore,Returning,73561,4963,1180,238,47715,438256.21,6.75,23.78,4.8,9.61,200.48,9.18,818.49,August,8
2026-08-28 15:11:07.573514,Monsoon Offer,YouTube,18-24,Other,Jaipur,Returning,33625,2240,206,54,45339,99191.06,6.66,9.2,2.41,20.24,839.61,2.19,118.78,August,8
2026-08-28 16:55:58.751750,Summer Sale,YouTube,18-24,Female,Delhi,Returning,107289,7910,2334,667,12124,673042.46,7.37,29.51,8.43,1.53,18.18,55.51,5451.32,August,8
2026-08-28 18:40:49.929985,Product Launch,YouTube,45-54,Other,Mumbai,Returning,29558,1998,486,68,15037,149549.39,6.76,24.32,3.4,7.53,221.13,9.95,894.54,August,8
2026-08-28 20:25:41.108221,Monsoon Offer,YouTube,55+,Female,Mumbai,Returning,92307,6495,2075,297,10260,162717.61,7.04,31.95,4.57,1.58,34.55,15.86,1485.94,August,8
2026-08-28 22:10:32.286457,Festival Campaign,YouTube,45-54,Other,Jaipur,Returning,41104,3096,596,83,42552,45895.7,7.53,19.25,2.68,13.74,512.67,1.08,7.86,August,8
2026-08-28 23:55:23.464692,Clearance Sale,YouTube,45-54,Other,Jaipur,Returning,54420,4507,957,108,43071,183191.58,8.28,21.23,2.4,9.56,398.81,4.25,325.32,August,8
2026-08-29 01:40:14.642928,Festival Campaign,Instagram,25-34,Other,Hyderabad,Returning,14061,650,123,21,17446,38949.9,4.62,18.92,3.23,26.84,830.76,2.23,123.26,August,8
2026-08-29 03:25:05.821164,Winter Sale,Google Ads,45-54,Female,Pune,New,72055,5557,1528,385,12259,457081.13,7.71,27.5,6.93,2.21,31.84,37.29,3628.54,August,8
2026-08-29 05:09:56.999399,Product Launch,YouTube,18-24,Female,Jaipur,New,80593,1532,433,102,30514,191677.26,1.9,28.26,6.66,19.92,299.16,6.28,528.16,August,8
2026-08-29 06:54:48.177635,Clearance Sale,Google Ads,35-44,Other,Ahmedabad,Returning,146361,13005,3579,995,19594,1781321.72,8.89,27.52,7.65,1.51,19.69,90.91,8991.16,August,8
2026-08-29 08:39:39.355871,Festival Campaign,YouTube,25-34,Female,Nagpur,Returning,75180,2714,430,68,13582,93367.49,3.61,15.84,2.51,5.0,199.74,6.87,587.44,August,8
2026-08-29 10:24:30.534106,Summer Sale,Email,25-34,Other,Nagpur,New,12221,565,142,29,42272,61753.66,4.62,25.13,5.13,74.82,1457.66,1.46,46.09,August,8
2026-08-29 12:09:21.712342,Diwali Campaign,YouTube,55+,Female,Chennai,New,52942,4358,746,185,30382,535545.96,8.23,17.12,4.25,6.97,164.23,17.63,1662.71,August,8
2026-08-29 13:54:12.890578,Winter Sale,Facebook,35-44,Other,Kolkata,Returning,31635,2129,649,180,48563,310861.21,6.73,30.48,8.45,22.81,269.79,6.4,540.12,August,8
2026-08-29 15:39:04.068813,Product Launch,Instagram,25-34,Other,Chennai,New,61072,2307,218,59,27807,145442.49,3.78,9.45,2.56,12.05,471.31,5.23,423.04,August,8
2026-08-29 17:23:55.247049,Winter Sale,Email,45-54,Male,Hyderabad,Returning,17075,517,46,8,20187,8951.93,3.03,8.9,1.55,39.05,2523.38,0.44,-55.65,August,8
2026-08-29 19:08:46.425285,Summer Sale,Email,25-34,Female,Bangalore,New,45084,4336,465,129,21951,310229.07,9.62,10.72,2.98,5.06,170.16,14.13,1313.28,August,8
2026-08-29 20:53:37.603520,Product Launch,Facebook,25-34,Female,Kolkata,Returning,89217,1596,214,38,21531,80646.07,1.79,13.41,2.38,13.49,566.61,3.75,274.56,August,8
2026-08-29 22:38:28.781756,Winter Sale,YouTube,25-34,Male,Bangalore,New,123257,1280,115,32,42164,67175.82,1.04,8.98,2.5,32.94,1317.62,1.59,59.32,August,8
2026-08-30 00:23:19.959991,New Year Offer,Instagram,55+,Other,Nagpur,Returning,137748,9720,965,242,18129,661286.38,7.06,9.93,2.49,1.87,74.91,36.48,3547.67,August,8
2026-08-30 02:08:11.138227,Summer Sale,Email,25-34,Other,Nagpur,New,41584,2715,441,56,14042,60669.04,6.53,16.24,2.06,5.17,250.75,4.32,332.05,August,8
2026-08-30 03:53:02.316463,Summer Sale,Instagram,25-34,Male,Nagpur,New,41245,3150,336,95,4723,135006.9,7.64,10.67,3.02,1.5,49.72,28.58,2758.5,August,8
2026-08-30 05:37:53.494698,Summer Sale,Email,55+,Male,Jaipur,Returning,14983,1136,336,44,44091,31137.42,7.58,29.58,3.87,38.81,1002.07,0.71,-29.38,August,8
2026-08-30 07:22:44.672934,New Year Offer,YouTube,35-44,Other,Hyderabad,Returning,40897,3586,339,94,18595,217638.19,8.77,9.45,2.62,5.19,197.82,11.7,1070.41,August,8
2026-08-30 09:07:35.851170,New Year Offer,Email,18-24,Female,Ahmedabad,New,95538,8884,2888,621,25748,1620603.96,9.3,32.51,6.99,2.9,41.46,62.94,6194.1,August,8
2026-08-30 10:52:27.029405,Festival Campaign,Email,55+,Male,Chennai,New,86034,6861,2162,490,46069,742146.04,7.97,31.51,7.14,6.71,94.02,16.11,1510.94,August,8
2026-08-30 12:37:18.207641,Clearance Sale,Google Ads,55+,Male,Bangalore,Returning,59411,1836,250,26,28407,36193.74,3.09,13.62,1.42,15.47,1092.58,1.27,27.41,August,8
2026-08-30 14:22:09.385877,Diwali Campaign,YouTube,25-34,Male,Delhi,New,88466,4574,454,42,31337,90158.44,5.17,9.93,0.92,6.85,746.12,2.88,187.71,August,8
2026-08-30 16:07:00.564112,Winter Sale,Facebook,25-34,Male,Chennai,New,113482,7688,834,244,11594,168110.18,6.77,10.85,3.17,1.51,47.52,14.5,1349.98,August,8
2026-08-30 17:51:51.742348,Festival Campaign,Facebook,18-24,Male,Mumbai,New,102288,5988,1382,212,25698,261736.2,5.85,23.08,3.54,4.29,121.22,10.19,918.51,August,8
2026-08-30 19:36:42.920584,Winter Sale,YouTube,25-34,Male,Pune,New,65610,1594,386,102,41363,144384.26,2.43,24.22,6.4,25.95,405.52,3.49,249.07,August,8
2026-08-30 21:21:34.098819,Diwali Campaign,Facebook,45-54,Other,Kolkata,New,33925,2138,353,82,12809,147311.01,6.3,16.51,3.84,5.99,156.21,11.5,1050.06,August,8
2026-08-30 23:06:25.277055,Clearance Sale,YouTube,25-34,Other,Bangalore,Returning,73942,6639,1063,226,31685,382261.61,8.98,16.01,3.4,4.77,140.2,12.06,1106.44,August,8
2026-08-31 00:51:16.455291,New Year Offer,Facebook,25-34,Male,Hyderabad,New,25238,1203,268,61,3269,62323.76,4.77,22.28,5.07,2.72,53.59,19.07,1806.51,August,8
2026-08-31 02:36:07.633526,Clearance Sale,Google Ads,45-54,Other,Nagpur,New,70424,4944,803,80,16365,148157.57,7.02,16.24,1.62,3.31,204.56,9.05,805.33,August,8
2026-08-31 04:20:58.811762,New Year Offer,Facebook,18-24,Female,Mumbai,Returning,21204,1387,460,78,20538,219544.39,6.54,33.17,5.62,14.81,263.31,10.69,968.97,August,8
2026-08-31 06:05:49.989998,Diwali Campaign,Email,45-54,Female,Pune,Returning,113820,5000,916,195,33468,110705.35,4.39,18.32,3.9,6.69,171.63,3.31,230.78,August,8
2026-08-31 07:50:41.168233,Clearance Sale,YouTube,55+,Male,Bangalore,Returning,48567,2956,411,111,27284,244285.07,6.09,13.9,3.76,9.23,245.8,8.95,795.34,August,8
2026-08-31 09:35:32.346469,Festival Campaign,Instagram,45-54,Female,Ahmedabad,Returning,122189,3533,421,99,35744,204115.48,2.89,11.92,2.8,10.12,361.05,5.71,471.05,August,8
2026-08-31 11:20:23.524704,Product Launch,Instagram,35-44,Female,Nagpur,Returning,142602,8434,2113,286,25020,803965.27,5.91,25.05,3.39,2.97,87.48,32.13,3113.29,August,8
2026-08-31 13:05:14.702940,Festival Campaign,YouTube,55+,Other,Bangalore,New,34297,2808,472,140,9772,295870.73,8.19,16.81,4.99,3.48,69.8,30.28,2927.74,August,8
2026-08-31 14:50:05.881176,Winter Sale,Google Ads,25-34,Other,Delhi,New,84838,6643,870,192,38116,395924.5,7.83,13.1,2.89,5.74,198.52,10.39,938.74,August,8
2026-08-31 16:34:57.059411,Festival Campaign,Facebook,55+,Other,Delhi,New,58906,2486,384,73,45943,176989.53,4.22,15.45,2.94,18.48,629.36,3.85,285.24,August,8
2026-08-31 18:19:48.237647,Diwali Campaign,Google Ads,18-24,Other,Hyderabad,Returning,50295,1010,164,41,41826,47950.11,2.01,16.24,4.06,41.41,1020.15,1.15,14.64,August,8
2026-08-31 20:04:39.415883,Summer Sale,Instagram,18-24,Female,Delhi,Returning,62464,5121,1275,271,7522,539108.61,8.2,24.9,5.29,1.47,27.76,71.67,7067.09,August,8
2026-08-31 21:49:30.594118,Winter Sale,YouTube,45-54,Male,Ahmedabad,Returning,17223,583,74,17,5163,30575.4,3.39,12.69,2.92,8.86,303.71,5.92,492.2,August,8
2026-08-31 23:34:21.772354,Clearance Sale,YouTube,55+,Other,Hyderabad,New,103232,1525,423,91,49642,145252.5,1.48,27.74,5.97,32.55,545.52,2.93,192.6,August,8
2026-09-01 01:19:12.950590,Winter Sale,Google Ads,25-34,Female,Kolkata,New,31576,1580,256,30,18577,20961.54,5.0,16.2,1.9,11.76,619.23,1.13,12.84,September,9
2026-09-01 03:04:04.128825,Product Launch,Google Ads,18-24,Other,Ahmedabad,New,92121,7052,1493,297,7163,365776.93,7.66,21.17,4.21,1.02,24.12,51.06,5006.48,September,9
2026-09-01 04:48:55.307061,New Year Offer,Facebook,25-34,Female,Hyderabad,New,143212,11852,3043,432,46750,518380.25,8.28,25.67,3.64,3.94,108.22,11.09,1008.83,September,9
2026-09-01 06:33:46.485297,Clearance Sale,Email,35-44,Other,Ahmedabad,New,69016,6791,1540,316,18172,730158.26,9.84,22.68,4.65,2.68,57.51,40.18,3918.04,September,9
2026-09-01 08:18:37.663532,Monsoon Offer,Email,18-24,Male,Delhi,New,117552,3179,822,88,40254,246544.35,2.7,25.86,2.77,12.66,457.43,6.12,512.47,September,9
2026-09-01 10:03:28.841768,Winter Sale,Facebook,45-54,Other,Kolkata,Returning,111975,4080,681,89,17295,95850.16,3.64,16.69,2.18,4.24,194.33,5.54,454.21,September,9
2026-09-01 11:48:20.020004,Clearance Sale,Email,35-44,Male,Ahmedabad,New,148442,9627,3274,844,16737,579456.51,6.49,34.01,8.77,1.74,19.83,34.62,3362.13,September,9
2026-09-01 13:33:11.198239,Clearance Sale,Instagram,55+,Other,Kolkata,New,133505,11083,2260,382,13853,1145958.89,8.3,20.39,3.45,1.25,36.26,82.72,8172.28,September,9
2026-09-01 15:18:02.376475,Clearance Sale,Email,25-34,Other,Pune,New,22022,684,114,26,45926,57928.35,3.11,16.67,3.8,67.14,1766.38,1.26,26.13,September,9
2026-09-01 17:02:53.554710,New Year Offer,Facebook,18-24,Other,Ahmedabad,New,69222,3245,519,98,29927,266185.36,4.69,15.99,3.02,9.22,305.38,8.89,789.45,September,9
2026-09-01 18:47:44.732946,Monsoon Offer,Email,35-44,Female,Chennai,New,28328,1324,121,18,21810,15474.57,4.67,9.14,1.36,16.47,1211.67,0.71,-29.05,September,9
2026-09-01 20:32:35.911182,Diwali Campaign,YouTube,35-44,Female,Nagpur,Returning,12929,1028,272,51,19097,127597.93,7.95,26.46,4.96,18.58,374.45,6.68,568.16,September,9
2026-09-01 22:17:27.089417,Festival Campaign,Google Ads,18-24,Male,Delhi,New,78919,2500,377,97,24895,245731.01,3.17,15.08,3.88,9.96,256.65,9.87,887.07,September,9
2026-09-02 00:02:18.267653,Clearance Sale,Instagram,55+,Male,Bangalore,New,62692,6092,2064,292,39951,256586.92,9.72,33.88,4.79,6.56,136.82,6.42,542.25,September,9
2026-09-02 01:47:09.445889,Summer Sale,YouTube,55+,Female,Kolkata,Returning,59545,3331,455,78,30253,70473.82,5.59,13.66,2.34,9.08,387.86,2.33,132.95,September,9
2026-09-02 03:32:00.624124,Diwali Campaign,YouTube,45-54,Male,Delhi,Returning,86647,3066,683,85,41679,105283.38,3.54,22.28,2.77,13.59,490.34,2.53,152.61,September,9
2026-09-02 05:16:51.802360,Product Launch,Facebook,55+,Male,Mumbai,New,69962,2489,693,108,16964,112532.61,3.56,27.84,4.34,6.82,157.07,6.63,563.36,September,9
2026-09-02 07:01:42.980596,New Year Offer,Google Ads,45-54,Female,Chennai,New,107435,1251,393,107,15912,314422.15,1.16,31.41,8.55,12.72,148.71,19.76,1876.01,September,9
2026-09-02 08:46:34.158831,Winter Sale,Google Ads,35-44,Female,Delhi,New,33161,2398,293,74,40976,104144.61,7.23,12.22,3.09,17.09,553.73,2.54,154.16,September,9
2026-09-02 10:31:25.337067,New Year Offer,Instagram,18-24,Female,Nagpur,New,149895,11966,4140,671,43946,1612591.51,7.98,34.6,5.61,3.67,65.49,36.69,3569.48,September,9
2026-09-02 12:16:16.515303,Winter Sale,Facebook,55+,Female,Chennai,New,43089,556,180,19,14116,47739.91,1.29,32.37,3.42,25.39,742.95,3.38,238.2,September,9
2026-09-02 14:01:07.693538,New Year Offer,Instagram,45-54,Other,Nagpur,Returning,70850,4444,1510,260,39660,380861.58,6.27,33.98,5.85,8.92,152.54,9.6,860.32,September,9
2026-09-02 15:45:58.871774,Winter Sale,Email,35-44,Female,Delhi,Returning,31053,2495,774,193,49054,425847.53,8.03,31.02,7.74,19.66,254.17,8.68,768.12,September,9
2026-09-02 17:30:50.050010,Clearance Sale,YouTube,55+,Male,Chennai,New,126381,5543,1756,157,9599,120811.56,4.39,31.68,2.83,1.73,61.14,12.59,1158.58,September,9
2026-09-02 19:15:41.228245,Festival Campaign,Instagram,25-34,Other,Bangalore,New,27447,1343,324,79,11646,117900.01,4.89,24.13,5.88,8.67,147.42,10.12,912.36,September,9
2026-09-02 21:00:32.406481,Winter Sale,YouTube,35-44,Other,Bangalore,Returning,99841,4247,1309,300,26038,875483.0,4.25,30.82,7.06,6.13,86.79,33.62,3262.33,September,9
2026-09-02 22:45:23.584716,Monsoon Offer,Facebook,55+,Male,Nagpur,Returning,13111,503,112,10,22630,9213.27,3.84,22.27,1.99,44.99,2263.0,0.41,-59.29,September,9
2026-09-03 00:30:14.762952,Winter Sale,Email,35-44,Other,Nagpur,New,68820,3730,840,184,16222,269427.2,5.42,22.52,4.93,4.35,88.16,16.61,1560.88,September,9
2026-09-03 02:15:05.941188,Summer Sale,Facebook,18-24,Male,Pune,New,103029,2570,595,86,7304,212962.12,2.49,23.15,3.35,2.84,84.93,29.16,2815.69,September,9
2026-09-03 03:59:57.119423,Winter Sale,Email,18-24,Other,Bangalore,New,127949,6354,2217,263,35689,569015.79,4.97,34.89,4.14,5.62,135.7,15.94,1494.37,September,9
2026-09-03 05:44:48.297659,Summer Sale,Email,18-24,Other,Bangalore,New,121739,11536,1248,205,41200,426153.28,9.48,10.82,1.78,3.57,200.98,10.34,934.35,September,9
2026-09-03 07:29:39.475895,Product Launch,YouTube,25-34,Male,Kolkata,New,62963,784,233,29,38618,76361.17,1.25,29.72,3.7,49.26,1331.66,1.98,97.73,September,9
2026-09-03 09:14:30.654130,Clearance Sale,Facebook,18-24,Male,Hyderabad,New,99000,2457,377,98,25007,56127.99,2.48,15.34,3.99,10.18,255.17,2.24,124.45,September,9
2026-09-03 10:59:21.832366,Summer Sale,Facebook,25-34,Male,Ahmedabad,Returning,112447,8994,1596,388,47297,942029.44,8.0,17.75,4.31,5.26,121.9,19.92,1891.73,September,9
2026-09-03 12:44:13.010602,Festival Campaign,Instagram,18-24,Male,Kolkata,Returning,78712,1722,175,51,17630,138025.0,2.19,10.16,2.96,10.24,345.69,7.83,682.9,September,9
2026-09-03 14:29:04.188837,Diwali Campaign,Facebook,35-44,Female,Nagpur,Returning,143488,4938,863,170,37489,91874.15,3.44,17.48,3.44,7.59,220.52,2.45,145.07,September,9
2026-09-03 16:13:55.367073,Clearance Sale,Instagram,55+,Female,Jaipur,Returning,11229,571,198,19,21410,36050.74,5.09,34.68,3.33,37.5,1126.84,1.68,68.38,September,9
2026-09-03 17:58:46.545309,Summer Sale,Google Ads,55+,Male,Ahmedabad,New,111101,10541,1973,317,20534,434756.37,9.49,18.72,3.01,1.95,64.78,21.17,2017.25,September,9
2026-09-03 19:43:37.723544,Clearance Sale,Google Ads,18-24,Female,Jaipur,Returning,11363,301,78,20,37197,12538.14,2.65,25.91,6.64,123.58,1859.85,0.34,-66.29,September,9
2026-09-03 21:28:28.901780,Monsoon Offer,Google Ads,55+,Male,Mumbai,Returning,112806,10499,1182,197,3648,304240.95,9.31,11.26,1.88,0.35,18.52,83.4,8239.94,September,9
2026-09-03 23:13:20.080016,Clearance Sale,Facebook,18-24,Male,Nagpur,New,92372,6897,2269,408,36123,860910.74,7.47,32.9,5.92,5.24,88.54,23.83,2283.28,September,9
2026-09-04 00:58:11.258251,Clearance Sale,Facebook,18-24,Other,Delhi,Returning,55869,3933,1193,203,5823,567899.42,7.04,30.33,5.16,1.48,28.68,97.53,9652.69,September,9
2026-09-04 02:43:02.436487,Product Launch,Instagram,45-54,Male,Hyderabad,New,59729,4486,826,108,11157,221543.23,7.51,18.41,2.41,2.49,103.31,19.86,1885.69,September,9
2026-09-04 04:27:53.614722,Festival Campaign,Email,45-54,Male,Jaipur,New,30303,388,67,6,18581,15851.15,1.28,17.27,1.55,47.89,3096.83,0.85,-14.69,September,9
2026-09-04 06:12:44.792958,New Year Offer,Instagram,45-54,Male,Ahmedabad,Returning,82853,1566,308,36,43311,28941.44,1.89,19.67,2.3,27.66,1203.08,0.67,-33.18,September,9
2026-09-04 07:57:35.971194,New Year Offer,Google Ads,25-34,Male,Nagpur,Returning,13264,532,100,16,30961,16420.85,4.01,18.8,3.01,58.2,1935.06,0.53,-46.96,September,9
2026-09-04 09:42:27.149429,Summer Sale,Instagram,45-54,Other,Kolkata,Returning,88229,1469,219,29,47894,84846.23,1.66,14.91,1.97,32.6,1651.52,1.77,77.15,September,9
2026-09-04 11:27:18.327665,Clearance Sale,Email,18-24,Male,Pune,New,92102,9107,3164,651,41037,1769744.62,9.89,34.74,7.15,4.51,63.04,43.13,4212.56,September,9
2026-09-04 13:12:09.505901,Summer Sale,Facebook,35-44,Other,Chennai,Returning,70521,4389,1311,281,25763,305746.93,6.22,29.87,6.4,5.87,91.68,11.87,1086.77,September,9
2026-09-04 14:57:00.684136,Product Launch,Instagram,45-54,Male,Bangalore,New,34811,1874,285,58,6934,119041.21,5.38,15.21,3.09,3.7,119.55,17.17,1616.78,September,9
2026-09-04 16:41:51.862372,Product Launch,Google Ads,45-54,Other,Hyderabad,Returning,43405,3502,1208,119,24998,167383.25,8.07,34.49,3.4,7.14,210.07,6.7,569.59,September,9
2026-09-04 18:26:43.040608,Winter Sale,Google Ads,35-44,Female,Hyderabad,New,69823,6837,575,130,10085,217294.52,9.79,8.41,1.9,1.48,77.58,21.55,2054.63,September,9
2026-09-04 20:11:34.218843,Monsoon Offer,Facebook,18-24,Other,Bangalore,Returning,29856,2865,567,93,49800,246654.17,9.6,19.79,3.25,17.38,535.48,4.95,395.29,September,9
2026-09-04 21:56:25.397079,Product Launch,Instagram,25-34,Other,Bangalore,Returning,125212,10189,2381,650,19650,1520532.99,8.14,23.37,6.38,1.93,30.23,77.38,7638.08,September,9
2026-09-04 23:41:16.575315,Winter Sale,Email,45-54,Male,Bangalore,New,102902,4522,407,79,10317,86592.41,4.39,9.0,1.75,2.28,130.59,8.39,739.32,September,9
2026-09-05 01:26:07.753550,Festival Campaign,Facebook,35-44,Other,Pune,Returning,130347,2077,256,25,32486,32249.57,1.59,12.33,1.2,15.64,1299.44,0.99,-0.73,September,9
2026-09-05 03:10:58.931786,Summer Sale,Instagram,18-24,Other,Mumbai,Returning,117780,2220,332,27,21264,33055.46,1.88,14.95,1.22,9.58,787.56,1.55,55.45,September,9
2026-09-05 04:55:50.110022,Diwali Campaign,YouTube,55+,Male,Pune,New,86174,870,238,55,20932,134841.13,1.01,27.36,6.32,24.06,380.58,6.44,544.19,September,9
2026-09-05 06:40:41.288257,Festival Campaign,Google Ads,25-34,Female,Kolkata,Returning,96352,980,327,54,36149,93161.94,1.02,33.37,5.51,36.89,669.43,2.58,157.72,September,9
2026-09-05 08:25:32.466493,Product Launch,Email,35-44,Female,Mumbai,Returning,132155,12459,3097,443,37403,1274427.17,9.43,24.86,3.56,3.0,84.43,34.07,3307.29,September,9
2026-09-05 10:10:23.644728,Festival Campaign,Email,35-44,Female,Chennai,New,30598,2858,662,118,48561,299922.72,9.34,23.16,4.13,16.99,411.53,6.18,517.62,September,9
2026-09-05 11:55:14.822964,Festival Campaign,Email,35-44,Other,Bangalore,Returning,52541,3682,828,79,13476,81210.9,7.01,22.49,2.15,3.66,170.58,6.03,502.63,September,9
2026-09-05 13:40:06.001200,Monsoon Offer,Google Ads,45-54,Male,Pune,New,124047,9353,1633,271,47618,667976.24,7.54,17.46,2.9,5.09,175.71,14.03,1302.78,September,9
2026-09-05 15:24:57.179435,Monsoon Offer,Instagram,55+,Female,Delhi,Returning,42223,2372,719,107,10417,188876.23,5.62,30.31,4.51,4.39,97.36,18.13,1713.15,September,9
2026-09-05 17:09:48.357671,Monsoon Offer,Facebook,25-34,Female,Kolkata,Returning,41024,1288,291,74,5637,83936.37,3.14,22.59,5.75,4.38,76.18,14.89,1389.03,September,9
2026-09-05 18:54:39.535907,Festival Campaign,Instagram,18-24,Female,Chennai,New,132538,12232,1738,205,8570,288707.52,9.23,14.21,1.68,0.7,41.8,33.69,3268.82,September,9
2026-09-05 20:39:30.714142,Product Launch,Facebook,18-24,Female,Chennai,Returning,13941,487,56,13,24233,38094.1,3.49,11.5,2.67,49.76,1864.08,1.57,57.2,September,9
2026-09-05 22:24:21.892378,Diwali Campaign,Email,55+,Male,Ahmedabad,New,83923,6426,2223,422,41818,721579.32,7.66,34.59,6.57,6.51,99.09,17.26,1625.52,September,9
2026-09-06 00:09:13.070614,Clearance Sale,Instagram,35-44,Female,Ahmedabad,New,84060,2697,228,22,29021,50578.32,3.21,8.45,0.82,10.76,1319.14,1.74,74.28,September,9
2026-09-06 01:54:04.248849,Festival Campaign,Email,35-44,Other,Chennai,Returning,111395,9837,3266,958,25329,1621619.28,8.83,33.2,9.74,2.57,26.44,64.02,6302.22,September,9
2026-09-06 03:38:55.427085,Winter Sale,YouTube,35-44,Other,Mumbai,New,51617,3541,491,118,35679,168609.4,6.86,13.87,3.33,10.08,302.36,4.73,372.57,September,9
2026-09-06 05:23:46.605321,Product Launch,Email,35-44,Male,Nagpur,Returning,100815,6839,1761,241,15592,600343.06,6.78,25.75,3.52,2.28,64.7,38.5,3750.33,September,9
2026-09-06 07:08:37.783556,Festival Campaign,Email,35-44,Female,Kolkata,New,64704,1214,195,40,31000,104832.44,1.88,16.06,3.29,25.54,775.0,3.38,238.17,September,9
2026-09-06 08:53:28.961792,Diwali Campaign,Facebook,55+,Female,Ahmedabad,Returning,36025,1720,536,149,15891,101278.71,4.77,31.16,8.66,9.24,106.65,6.37,537.33,September,9
2026-09-06 10:38:20.140028,Clearance Sale,YouTube,45-54,Other,Hyderabad,Returning,93172,5333,1209,344,36777,411920.73,5.72,22.67,6.45,6.9,106.91,11.2,1020.05,September,9
2026-09-06 12:23:11.318263,Monsoon Offer,Email,25-34,Male,Bangalore,New,117019,4266,503,121,48500,214130.99,3.65,11.79,2.84,11.37,400.83,4.42,341.51,September,9
2026-09-06 14:08:02.496499,Product Launch,Email,35-44,Other,Kolkata,Returning,53224,4752,726,174,10779,224676.52,8.93,15.28,3.66,2.27,61.95,20.84,1984.39,September,9
2026-09-06 15:52:53.674734,New Year Offer,YouTube,45-54,Male,Chennai,Returning,23277,1987,330,46,42908,113112.05,8.54,16.61,2.32,21.59,932.78,2.64,163.62,September,9
2026-09-06 17:37:44.852970,Clearance Sale,YouTube,18-24,Male,Chennai,Returning,50995,2775,885,263,22032,206937.18,5.44,31.89,9.48,7.94,83.77,9.39,839.26,September,9
2026-09-06 19:22:36.031206,Winter Sale,Instagram,55+,Male,Delhi,New,124715,5063,1453,194,10824,483932.17,4.06,28.7,3.83,2.14,55.79,44.71,4370.92,September,9
2026-09-06 21:07:27.209441,Festival Campaign,Facebook,45-54,Other,Nagpur,Returning,148611,12206,3710,369,17968,754500.22,8.21,30.39,3.02,1.47,48.69,41.99,4099.13,September,9
2026-09-06 22:52:18.387677,Diwali Campaign,YouTube,35-44,Male,Bangalore,Returning,42853,1187,111,32,48379,39149.42,2.77,9.35,2.7,40.76,1511.84,0.81,-19.08,September,9
2026-09-07 00:37:09.565913,New Year Offer,YouTube,35-44,Other,Hyderabad,New,102464,1684,397,45,41153,61251.15,1.64,23.57,2.67,24.44,914.51,1.49,48.84,September,9
2026-09-07 02:22:00.744148,Diwali Campaign,Google Ads,35-44,Other,Jaipur,Returning,16909,238,83,16,32757,15315.97,1.41,34.87,6.72,137.63,2047.31,0.47,-53.24,September,9
2026-09-07 04:06:51.922384,New Year Offer,YouTube,45-54,Female,Ahmedabad,New,103605,1396,407,74,18017,83726.08,1.35,29.15,5.3,12.91,243.47,4.65,364.71,September,9
2026-09-07 05:51:43.100620,Product Launch,Facebook,35-44,Other,Delhi,New,56084,3028,340,90,31332,206385.5,5.4,11.23,2.97,10.35,348.13,6.59,558.71,September,9
2026-09-07 07:36:34.278855,New Year Offer,Email,45-54,Other,Chennai,Returning,80602,2658,699,116,9508,167006.4,3.3,26.3,4.36,3.58,81.97,17.56,1656.48,September,9
2026-09-07 09:21:25.457091,Winter Sale,Email,35-44,Female,Nagpur,New,124200,8959,2519,479,47927,1062762.26,7.21,28.12,5.35,5.35,100.06,22.17,2117.46,September,9
2026-09-07 11:06:16.635327,Winter Sale,Email,18-24,Female,Mumbai,Returning,59408,4090,895,80,14933,142821.51,6.88,21.88,1.96,3.65,186.66,9.56,856.42,September,9
2026-09-07 12:51:07.813562,Summer Sale,Email,18-24,Female,Delhi,Returning,21998,1293,130,16,15105,13811.91,5.88,10.05,1.24,11.68,944.06,0.91,-8.56,September,9
2026-09-07 14:35:58.991798,Winter Sale,Google Ads,25-34,Male,Nagpur,Returning,109751,4582,409,107,47756,187001.4,4.17,8.93,2.34,10.42,446.32,3.92,291.58,September,9
2026-09-07 16:20:50.170034,Clearance Sale,YouTube,35-44,Male,Kolkata,New,129287,11188,3727,690,27960,1649910.48,8.65,33.31,6.17,2.5,40.52,59.01,5800.97,September,9
2026-09-07 18:05:41.348269,New Year Offer,Email,35-44,Female,Kolkata,New,111647,8247,1233,161,46522,200314.39,7.39,14.95,1.95,5.64,288.96,4.31,330.58,September,9
2026-09-07 19:50:32.526505,Winter Sale,Instagram,45-54,Male,Pune,Returning,54560,1878,342,55,10536,116611.23,3.44,18.21,2.93,5.61,191.56,11.07,1006.79,September,9
2026-09-07 21:35:23.704740,Product Launch,Email,45-54,Female,Delhi,Returning,120716,6657,1961,279,25836,278325.28,5.51,29.46,4.19,3.88,92.6,10.77,977.28,September,9
2026-09-07 23:20:14.882976,Diwali Campaign,YouTube,35-44,Male,Kolkata,New,133362,3209,853,172,5217,144350.55,2.41,26.58,5.36,1.63,30.33,27.67,2666.93,September,9
2026-09-08 01:05:06.061212,Monsoon Offer,Email,25-34,Other,Chennai,Returning,79201,3135,1070,97,19530,135854.84,3.96,34.13,3.09,6.23,201.34,6.96,595.62,September,9
2026-09-08 02:49:57.239447,Diwali Campaign,Google Ads,35-44,Male,Kolkata,New,135955,13560,1424,184,31165,271033.65,9.97,10.5,1.36,2.3,169.38,8.7,769.67,September,9
2026-09-08 04:34:48.417683,Summer Sale,Facebook,45-54,Male,Nagpur,New,118894,3584,970,153,21310,367586.18,3.01,27.06,4.27,5.95,139.28,17.25,1624.95,September,9
2026-09-08 06:19:39.595919,Diwali Campaign,Facebook,35-44,Other,Jaipur,Returning,26734,1947,198,56,6754,92411.03,7.28,10.17,2.88,3.47,120.61,13.68,1268.24,September,9
2026-09-08 08:04:30.774154,New Year Offer,YouTube,45-54,Female,Ahmedabad,Returning,133107,4187,335,72,44039,50622.28,3.15,8.0,1.72,10.52,611.65,1.15,14.95,September,9
2026-09-08 09:49:21.952390,Summer Sale,Facebook,35-44,Male,Chennai,Returning,143135,13516,1520,290,32475,604649.64,9.44,11.25,2.15,2.4,111.98,18.62,1761.89,September,9
2026-09-08 11:34:13.130626,New Year Offer,Facebook,55+,Male,Bangalore,New,32313,1225,301,36,9595,60232.79,3.79,24.57,2.94,7.83,266.53,6.28,527.75,September,9
2026-09-08 13:19:04.308861,Product Launch,Instagram,45-54,Other,Nagpur,New,133304,5492,1442,292,31113,388099.54,4.12,26.26,5.32,5.67,106.55,12.47,1147.39,September,9
2026-09-08 15:03:55.487097,Summer Sale,YouTube,25-34,Other,Jaipur,New,22464,1425,282,80,20361,200443.76,6.34,19.79,5.61,14.29,254.51,9.84,884.45,September,9
2026-09-08 16:48:46.665333,Festival Campaign,YouTube,55+,Other,Kolkata,New,119086,7494,692,141,16866,124920.64,6.29,9.23,1.88,2.25,119.62,7.41,640.67,September,9
2026-09-08 18:33:37.843568,Clearance Sale,Facebook,35-44,Other,Hyderabad,Returning,37132,2306,579,67,41820,186463.07,6.21,25.11,2.91,18.14,624.18,4.46,345.87,September,9
2026-09-08 20:18:29.021804,Clearance Sale,Facebook,45-54,Female,Pune,New,60737,3740,385,115,22188,153542.68,6.16,10.29,3.07,5.93,192.94,6.92,592.01,September,9
2026-09-08 22:03:20.200040,New Year Offer,Facebook,55+,Male,Jaipur,Returning,110584,4212,498,94,7390,155321.24,3.81,11.82,2.23,1.75,78.62,21.02,2001.78,September,9
2026-09-08 23:48:11.378275,Diwali Campaign,Google Ads,25-34,Male,Kolkata,New,45306,2224,485,72,12345,203261.94,4.91,21.81,3.24,5.55,171.46,16.47,1546.51,September,9
2026-09-09 01:33:02.556511,Monsoon Offer,Email,45-54,Male,Jaipur,New,35592,2256,387,73,9012,175426.27,6.34,17.15,3.24,3.99,123.45,19.47,1846.59,September,9
2026-09-09 03:17:53.734746,Monsoon Offer,Google Ads,55+,Male,Jaipur,Returning,125131,8811,1810,249,8883,170753.27,7.04,20.54,2.83,1.01,35.67,19.22,1822.25,September,9
2026-09-09 05:02:44.912982,Festival Campaign,YouTube,55+,Female,Nagpur,New,54758,1795,451,39,44572,75883.94,3.28,25.13,2.17,24.83,1142.87,1.7,70.25,September,9
2026-09-09 06:47:36.091218,Summer Sale,Instagram,55+,Male,Hyderabad,Returning,108392,7927,976,269,30506,343219.03,7.31,12.31,3.39,3.85,113.41,11.25,1025.09,September,9
2026-09-09 08:32:27.269453,Festival Campaign,Email,18-24,Female,Kolkata,New,128078,11923,3828,667,45770,1181404.16,9.31,32.11,5.59,3.84,68.62,25.81,2481.18,September,9
2026-09-09 10:17:18.447689,Festival Campaign,Instagram,35-44,Female,Hyderabad,Returning,16577,1296,299,73,22962,172091.85,7.82,23.07,5.63,17.72,314.55,7.49,649.46,September,9
2026-09-09 12:02:09.625925,Diwali Campaign,YouTube,45-54,Other,Delhi,New,95230,1674,143,41,23548,71357.72,1.76,8.54,2.45,14.07,574.34,3.03,203.03,September,9
2026-09-09 13:47:00.804160,Monsoon Offer,YouTube,45-54,Other,Nagpur,New,149335,7798,1947,426,7651,288638.3,5.22,24.97,5.46,0.98,17.96,37.73,3672.56,September,9
2026-09-09 15:31:51.982396,Summer Sale,Instagram,45-54,Male,Ahmedabad,Returning,92741,4560,935,217,5956,396014.43,4.92,20.5,4.76,1.31,27.45,66.49,6549.0,September,9
2026-09-09 17:16:43.160632,Product Launch,Instagram,55+,Female,Ahmedabad,Returning,18072,728,196,56,41549,31378.15,4.03,26.92,7.69,57.07,741.95,0.76,-24.48,September,9
2026-09-09 19:01:34.338867,Diwali Campaign,Instagram,35-44,Other,Jaipur,Returning,70814,3839,1119,216,32171,296141.05,5.42,29.15,5.63,8.38,148.94,9.21,820.52,September,9
2026-09-09 20:46:25.517103,Festival Campaign,YouTube,25-34,Female,Chennai,New,126386,6264,2088,313,38974,530558.88,4.96,33.33,5.0,6.22,124.52,13.61,1261.31,September,9
2026-09-09 22:31:16.695339,Festival Campaign,Facebook,45-54,Other,Pune,New,118538,1251,437,123,40365,259737.12,1.06,34.93,9.83,32.27,328.17,6.43,543.47,September,9
2026-09-10 00:16:07.873574,Product Launch,Instagram,35-44,Female,Delhi,New,146763,4592,1048,99,44933,174786.18,3.13,22.82,2.16,9.79,453.87,3.89,288.99,September,9
2026-09-10 02:00:59.051810,Festival Campaign,Email,35-44,Male,Nagpur,New,143025,4182,968,123,30992,108223.64,2.92,23.15,2.94,7.41,251.97,3.49,249.2,September,9
2026-09-10 03:45:50.230046,Festival Campaign,YouTube,18-24,Male,Chennai,New,80499,3335,287,44,28476,124543.93,4.14,8.61,1.32,8.54,647.18,4.37,337.36,September,9
2026-09-10 05:30:41.408281,Festival Campaign,Google Ads,45-54,Female,Mumbai,New,103405,2657,833,209,3659,444281.58,2.57,31.35,7.87,1.38,17.51,121.42,12042.16,September,9
2026-09-10 07:15:32.586517,Clearance Sale,Google Ads,55+,Other,Pune,Returning,86981,1400,122,34,10805,43942.26,1.61,8.71,2.43,7.72,317.79,4.07,306.68,September,9
2026-09-10 09:00:23.764752,Diwali Campaign,Email,35-44,Other,Ahmedabad,New,44699,1237,310,55,3760,160316.71,2.77,25.06,4.45,3.04,68.36,42.64,4163.74,September,9
2026-09-10 10:45:14.942988,Winter Sale,Facebook,35-44,Male,Ahmedabad,New,125799,10929,1165,166,33773,449269.71,8.69,10.66,1.52,3.09,203.45,13.3,1230.26,September,9
2026-09-10 12:30:06.121224,Diwali Campaign,Instagram,25-34,Male,Chennai,Returning,109176,8923,1402,221,44291,189778.27,8.17,15.71,2.48,4.96,200.41,4.28,328.48,September,9
2026-09-10 14:14:57.299459,Product Launch,YouTube,18-24,Male,Delhi,Returning,83490,4156,489,109,36726,233104.43,4.98,11.77,2.62,8.84,336.94,6.35,534.71,September,9
2026-09-10 15:59:48.477695,Festival Campaign,Instagram,35-44,Other,Pune,Returning,63739,5672,664,76,31067,144413.2,8.9,11.71,1.34,5.48,408.78,4.65,364.84,September,9
2026-09-10 17:44:39.655931,Diwali Campaign,YouTube,35-44,Other,Chennai,Returning,65631,2030,203,40,45718,39280.89,3.09,10.0,1.97,22.52,1142.95,0.86,-14.08,September,9
2026-09-10 19:29:30.834166,Clearance Sale,Google Ads,55+,Male,Mumbai,Returning,22920,1434,237,49,41608,53100.7,6.26,16.53,3.42,29.02,849.14,1.28,27.62,September,9
2026-09-10 21:14:22.012402,Monsoon Offer,Instagram,55+,Female,Nagpur,New,81096,1854,360,84,7408,160392.49,2.29,19.42,4.53,4.0,88.19,21.65,2065.13,September,9
2026-09-10 22:59:13.190638,Product Launch,Email,25-34,Other,Chennai,New,72358,6150,1263,268,4855,349263.15,8.5,20.54,4.36,0.79,18.12,71.94,7093.89,September,9
2026-09-11 00:44:04.368873,New Year Offer,Facebook,25-34,Male,Jaipur,Returning,125434,2728,542,54,30785,139702.24,2.17,19.87,1.98,11.28,570.09,4.54,353.8,September,9
2026-09-11 02:28:55.547109,Diwali Campaign,Email,25-34,Female,Kolkata,Returning,80779,1039,230,53,19738,39450.45,1.29,22.14,5.1,19.0,372.42,2.0,99.87,September,9
2026-09-11 04:13:46.725345,New Year Offer,Facebook,55+,Other,Jaipur,New,145157,5023,1567,132,8621,367630.16,3.46,31.2,2.63,1.72,65.31,42.64,4164.36,September,9
2026-09-11 05:58:37.903580,Festival Campaign,Instagram,55+,Female,Pune,Returning,92926,8464,2120,351,38040,913084.86,9.11,25.05,4.15,4.49,108.38,24.0,2300.33,September,9
2026-09-11 07:43:29.081816,Clearance Sale,Instagram,18-24,Female,Hyderabad,New,70084,1517,128,21,40658,49277.73,2.16,8.44,1.38,26.8,1936.1,1.21,21.2,September,9
2026-09-11 09:28:20.260052,Clearance Sale,Facebook,45-54,Other,Jaipur,New,96230,3826,484,51,30014,58977.32,3.98,12.65,1.33,7.84,588.51,1.96,96.5,September,9
2026-09-11 11:13:11.438287,Diwali Campaign,Google Ads,45-54,Male,Kolkata,Returning,73605,2832,493,40,6162,91495.79,3.85,17.41,1.41,2.18,154.05,14.85,1384.84,September,9
2026-09-11 12:58:02.616523,Product Launch,YouTube,18-24,Female,Jaipur,New,71666,5887,1979,189,23264,301818.72,8.21,33.62,3.21,3.95,123.09,12.97,1197.36,September,9
2026-09-11 14:42:53.794758,Product Launch,Email,45-54,Male,Chennai,New,118987,5703,576,102,42285,212608.26,4.79,10.1,1.79,7.41,414.56,5.03,402.8,September,9
2026-09-11 16:27:44.972994,Clearance Sale,Email,55+,Other,Kolkata,New,90420,5881,1598,212,11395,271653.84,6.5,27.17,3.6,1.94,53.75,23.84,2283.97,September,9
2026-09-11 18:12:36.151230,Product Launch,Email,45-54,Female,Nagpur,New,78412,3637,323,30,3608,77689.34,4.64,8.88,0.82,0.99,120.27,21.53,2053.25,September,9
2026-09-11 19:57:27.329465,Clearance Sale,Instagram,55+,Female,Hyderabad,Returning,61178,3648,648,88,30256,52926.74,5.96,17.76,2.41,8.29,343.82,1.75,74.93,September,9
2026-09-11 21:42:18.507701,Diwali Campaign,Email,18-24,Female,Chennai,Returning,81092,1266,364,71,11076,158234.11,1.56,28.75,5.61,8.75,156.0,14.29,1328.62,September,9
2026-09-11 23:27:09.685937,Winter Sale,YouTube,25-34,Female,Mumbai,Returning,48009,2096,362,88,36908,226298.87,4.37,17.27,4.2,17.61,419.41,6.13,513.14,September,9
2026-09-12 01:12:00.864172,Clearance Sale,YouTube,18-24,Female,Mumbai,Returning,124210,10801,2118,361,15353,763901.37,8.7,19.61,3.34,1.42,42.53,49.76,4875.58,September,9
2026-09-12 02:56:52.042408,New Year Offer,Facebook,45-54,Other,Pune,Returning,73976,5340,1732,372,29754,364552.36,7.22,32.43,6.97,5.57,79.98,12.25,1125.22,September,9
2026-09-12 04:41:43.220644,Product Launch,Instagram,55+,Female,Bangalore,New,136202,13397,1311,276,7874,334636.74,9.84,9.79,2.06,0.59,28.53,42.5,4149.9,September,9
2026-09-12 06:26:34.398879,Clearance Sale,YouTube,45-54,Other,Jaipur,New,80935,6548,1456,403,7996,720267.08,8.09,22.24,6.15,1.22,19.84,90.08,8907.84,September,9
2026-09-12 08:11:25.577115,Clearance Sale,Google Ads,45-54,Male,Kolkata,New,117237,5936,1061,126,24307,166776.46,5.06,17.87,2.12,4.09,192.91,6.86,586.13,September,9
2026-09-12 09:56:16.755351,Diwali Campaign,Instagram,25-34,Other,Chennai,New,58373,4136,1407,260,49465,133195.67,7.09,34.02,6.29,11.96,190.25,2.69,169.27,September,9
2026-09-12 11:41:07.933586,Product Launch,Instagram,45-54,Female,Mumbai,Returning,136680,10911,3211,703,11173,422991.78,7.98,29.43,6.44,1.02,15.89,37.86,3685.84,September,9
2026-09-12 13:25:59.111822,Winter Sale,YouTube,25-34,Male,Hyderabad,Returning,56972,1952,220,42,42003,101615.69,3.43,11.27,2.15,21.52,1000.07,2.42,141.92,September,9
2026-09-12 15:10:50.290058,Diwali Campaign,Google Ads,55+,Other,Bangalore,New,29295,451,149,26,8196,18440.97,1.54,33.04,5.76,18.17,315.23,2.25,125.0,September,9
2026-09-12 16:55:41.468293,Winter Sale,Facebook,55+,Other,Hyderabad,Returning,16897,786,107,31,10917,87421.69,4.65,13.61,3.94,13.89,352.16,8.01,700.78,September,9
2026-09-12 18:40:32.646529,Monsoon Offer,YouTube,25-34,Other,Jaipur,New,15838,364,37,10,3738,16068.41,2.3,10.16,2.75,10.27,373.8,4.3,329.87,September,9
2026-09-12 20:25:23.824764,Diwali Campaign,Google Ads,18-24,Female,Delhi,New,89942,3143,711,152,17183,364110.92,3.49,22.62,4.84,5.47,113.05,21.19,2019.02,September,9
2026-09-12 22:10:15.003000,Product Launch,Instagram,55+,Female,Bangalore,Returning,36414,3467,966,170,26871,138339.45,9.52,27.86,4.9,7.75,158.06,5.15,414.83,September,9
2026-09-12 23:55:06.181236,Summer Sale,Google Ads,18-24,Other,Ahmedabad,Returning,71157,6136,1677,412,13892,1160302.64,8.62,27.33,6.71,2.26,33.72,83.52,8252.31,September,9
2026-09-13 01:39:57.359471,Product Launch,Instagram,55+,Other,Delhi,Returning,39483,2500,560,107,39491,62543.86,6.33,22.4,4.28,15.8,369.07,1.58,58.37,September,9
2026-09-13 03:24:48.537707,Product Launch,YouTube,55+,Male,Delhi,New,50909,2347,500,149,3657,90196.09,4.61,21.3,6.35,1.56,24.54,24.66,2366.4,September,9
2026-09-13 05:09:39.715943,Winter Sale,YouTube,35-44,Female,Jaipur,Returning,58091,1962,670,154,26696,98015.53,3.38,34.15,7.85,13.61,173.35,3.67,267.15,September,9
2026-09-13 06:54:30.894178,Winter Sale,Email,45-54,Female,Hyderabad,New,62389,3832,1155,109,22110,82678.72,6.14,30.14,2.84,5.77,202.84,3.74,273.94,September,9
2026-09-13 08:39:22.072414,Product Launch,Email,45-54,Male,Nagpur,Returning,88167,5112,1373,231,12301,396645.27,5.8,26.86,4.52,2.41,53.25,32.24,3124.5,September,9
2026-09-13 10:24:13.250650,Product Launch,Email,18-24,Other,Mumbai,New,75509,6061,804,193,25572,476843.38,8.03,13.27,3.18,4.22,132.5,18.65,1764.71,September,9
2026-09-13 12:09:04.428885,Product Launch,YouTube,45-54,Other,Kolkata,Returning,138104,12915,3891,1032,33335,1251165.41,9.35,30.13,7.99,2.58,32.3,37.53,3653.31,September,9
2026-09-13 13:53:55.607121,Winter Sale,Facebook,18-24,Male,Kolkata,New,42291,1674,472,122,27421,288461.93,3.96,28.2,7.29,16.38,224.76,10.52,951.97,September,9
2026-09-13 15:38:46.785357,Product Launch,YouTube,55+,Other,Chennai,New,86968,2484,864,254,5164,618528.72,2.86,34.78,10.23,2.08,20.33,119.78,11877.71,September,9
2026-09-13 17:23:37.963592,Product Launch,Google Ads,35-44,Other,Chennai,Returning,94487,4370,506,94,44106,260445.17,4.62,11.58,2.15,10.09,469.21,5.9,490.5,September,9
2026-09-13 19:08:29.141828,Monsoon Offer,YouTube,35-44,Male,Delhi,New,120003,5925,1618,179,48015,156334.98,4.94,27.31,3.02,8.1,268.24,3.26,225.6,September,9
2026-09-13 20:53:20.320064,Festival Campaign,YouTube,55+,Male,Delhi,Returning,143631,1951,671,149,42570,124986.6,1.36,34.39,7.64,21.82,285.7,2.94,193.6,September,9
2026-09-13 22:38:11.498299,Summer Sale,Instagram,25-34,Male,Nagpur,Returning,24744,2166,443,42,7631,33819.98,8.75,20.45,1.94,3.52,181.69,4.43,343.19,September,9
2026-09-14 00:23:02.676535,New Year Offer,Instagram,25-34,Other,Jaipur,Returning,31021,3089,858,252,38997,352365.68,9.96,27.78,8.16,12.62,154.75,9.04,803.57,September,9
2026-09-14 02:07:53.854770,Summer Sale,Instagram,45-54,Male,Mumbai,New,92532,8613,2957,730,23898,1258178.11,9.31,34.33,8.48,2.77,32.74,52.65,5164.78,September,9
2026-09-14 03:52:45.033006,Festival Campaign,YouTube,18-24,Other,Kolkata,Returning,66898,5850,1332,394,40997,651685.21,8.74,22.77,6.74,7.01,104.05,15.9,1489.59,September,9
2026-09-14 05:37:36.211242,New Year Offer,Facebook,35-44,Female,Nagpur,New,88723,8813,2368,385,34732,439909.4,9.93,26.87,4.37,3.94,90.21,12.67,1166.58,September,9
2026-09-14 07:22:27.389477,Diwali Campaign,Google Ads,45-54,Female,Kolkata,Returning,63176,5793,494,41,30951,84252.91,9.17,8.53,0.71,5.34,754.9,2.72,172.21,September,9
2026-09-14 09:07:18.567713,Product Launch,Google Ads,55+,Male,Ahmedabad,Returning,111438,8018,1766,343,26009,461569.64,7.2,22.03,4.28,3.24,75.83,17.75,1674.65,September,9
2026-09-14 10:52:09.745949,Festival Campaign,Facebook,35-44,Other,Chennai,New,68399,1710,254,27,47598,38210.6,2.5,14.85,1.58,27.84,1762.89,0.8,-19.72,September,9
2026-09-14 12:37:00.924184,Monsoon Offer,Facebook,18-24,Other,Ahmedabad,New,62434,1502,173,39,8196,29789.18,2.41,11.52,2.6,5.46,210.15,3.63,263.46,September,9
2026-09-14 14:21:52.102420,Diwali Campaign,Google Ads,18-24,Other,Mumbai,Returning,127298,1831,496,93,36689,184193.79,1.44,27.09,5.08,20.04,394.51,5.02,402.04,September,9
2026-09-14 16:06:43.280656,Product Launch,Email,25-34,Male,Mumbai,New,123214,5799,525,129,24171,275827.92,4.71,9.05,2.22,4.17,187.37,11.41,1041.15,September,9
2026-09-14 17:51:34.458891,Winter Sale,Instagram,45-54,Other,Jaipur,Returning,74591,6175,2002,288,32483,689724.16,8.28,32.42,4.66,5.26,112.79,21.23,2023.34,September,9
2026-09-14 19:36:25.637127,Clearance Sale,Instagram,55+,Other,Bangalore,New,144141,7801,1714,449,31115,1239250.34,5.41,21.97,5.76,3.99,69.3,39.83,3882.81,September,9
2026-09-14 21:21:16.815363,Festival Campaign,Google Ads,35-44,Other,Delhi,New,16486,708,180,40,25154,96600.45,4.29,25.42,5.65,35.53,628.85,3.84,284.04,September,9
2026-09-14 23:06:07.993598,Winter Sale,Facebook,18-24,Female,Chennai,Returning,38800,769,114,33,43617,35948.85,1.98,14.82,4.29,56.72,1321.73,0.82,-17.58,September,9
2026-09-15 00:50:59.171834,Festival Campaign,Email,35-44,Other,Nagpur,New,101154,1482,191,22,23413,23961.03,1.47,12.89,1.48,15.8,1064.23,1.02,2.34,September,9
2026-09-15 02:35:50.350070,Monsoon Offer,Google Ads,55+,Female,Jaipur,Returning,134322,6168,899,82,38746,228592.88,4.59,14.58,1.33,6.28,472.51,5.9,489.98,September,9
2026-09-15 04:20:41.528305,Festival Campaign,Instagram,35-44,Other,Nagpur,Returning,21869,415,59,15,12279,37130.01,1.9,14.22,3.61,29.59,818.6,3.02,202.39,September,9
2026-09-15 06:05:32.706541,Winter Sale,YouTube,45-54,Other,Bangalore,New,145248,2806,879,135,30742,331508.17,1.93,31.33,4.81,10.96,227.72,10.78,978.36,September,9
2026-09-15 07:50:23.884776,Monsoon Offer,Facebook,25-34,Other,Jaipur,Returning,46454,2117,619,108,41545,248322.69,4.56,29.24,5.1,19.62,384.68,5.98,497.72,September,9
2026-09-15 09:35:15.063012,New Year Offer,YouTube,35-44,Female,Hyderabad,New,135593,7492,2324,659,25925,769715.28,5.53,31.02,8.8,3.46,39.34,29.69,2869.01,September,9
2026-09-15 11:20:06.241248,Summer Sale,Google Ads,25-34,Other,Kolkata,New,80773,2164,602,106,26415,277563.74,2.68,27.82,4.9,12.21,249.2,10.51,950.78,September,9
2026-09-15 13:04:57.419483,Product Launch,Instagram,55+,Male,Delhi,Returning,66813,4784,1213,176,5096,150869.26,7.16,25.36,3.68,1.07,28.95,29.61,2860.54,September,9
2026-09-15 14:49:48.597719,Festival Campaign,Email,25-34,Other,Delhi,New,76326,3639,809,75,8572,103128.3,4.77,22.23,2.06,2.36,114.29,12.03,1103.08,September,9
2026-09-15 16:34:39.775955,Product Launch,YouTube,35-44,Female,Delhi,Returning,57595,1052,159,28,21576,38253.22,1.83,15.11,2.66,20.51,770.57,1.77,77.3,September,9
2026-09-15 18:19:30.954190,Clearance Sale,Email,35-44,Female,Ahmedabad,Returning,51184,3446,931,208,15685,395268.71,6.73,27.02,6.04,4.55,75.41,25.2,2420.04,September,9
2026-09-15 20:04:22.132426,Winter Sale,Instagram,18-24,Male,Chennai,New,90290,3803,444,61,32442,101175.14,4.21,11.67,1.6,8.53,531.84,3.12,211.86,September,9
2026-09-15 21:49:13.310662,Product Launch,YouTube,35-44,Male,Jaipur,New,130036,1912,416,98,24150,161652.99,1.47,21.76,5.13,12.63,246.43,6.69,569.37,September,9
2026-09-15 23:34:04.488897,Winter Sale,Email,25-34,Male,Jaipur,Returning,84539,8058,1069,197,33424,371134.42,9.53,13.27,2.44,4.15,169.66,11.1,1010.38,September,9
2026-09-16 01:18:55.667133,Product Launch,Email,18-24,Female,Ahmedabad,Returning,37068,2276,492,132,41190,203088.09,6.14,21.62,5.8,18.1,312.05,4.93,393.05,September,9
2026-09-16 03:03:46.845369,Summer Sale,YouTube,35-44,Other,Mumbai,Returning,56996,3020,481,55,28003,61872.69,5.3,15.93,1.82,9.27,509.15,2.21,120.95,September,9
2026-09-16 04:48:38.023604,Summer Sale,Instagram,35-44,Other,Chennai,New,99440,8683,820,202,22472,436380.96,8.73,9.44,2.33,2.59,111.25,19.42,1841.89,September,9
2026-09-16 06:33:29.201840,Monsoon Offer,Email,55+,Male,Bangalore,New,106940,10085,2178,621,7176,1537958.32,9.43,21.6,6.16,0.71,11.56,214.32,21331.97,September,9
2026-09-16 08:18:20.380076,Summer Sale,Google Ads,18-24,Male,Bangalore,Returning,31407,936,120,29,13423,49227.2,2.98,12.82,3.1,14.34,462.86,3.67,266.74,September,9
2026-09-16 10:03:11.558311,Monsoon Offer,YouTube,55+,Other,Delhi,New,108550,9000,1111,188,42378,399257.1,8.29,12.34,2.09,4.71,225.41,9.42,842.13,September,9
2026-09-16 11:48:02.736547,Summer Sale,Facebook,55+,Male,Jaipur,Returning,97657,8281,1521,198,43006,364004.82,8.48,18.37,2.39,5.19,217.2,8.46,746.4,September,9
2026-09-16 13:32:53.914782,Summer Sale,Facebook,55+,Other,Pune,New,36403,542,96,9,25617,5827.42,1.49,17.71,1.66,47.26,2846.33,0.23,-77.25,September,9
2026-09-16 15:17:45.093018,Summer Sale,Instagram,45-54,Other,Mumbai,Returning,21637,1602,503,111,23047,172905.99,7.4,31.4,6.93,14.39,207.63,7.5,650.23,September,9
2026-09-16 17:02:36.271254,Winter Sale,Google Ads,55+,Other,Nagpur,Returning,149684,2345,545,60,37749,31477.87,1.57,23.24,2.56,16.1,629.15,0.83,-16.61,September,9
2026-09-16 18:47:27.449489,Festival Campaign,Email,25-34,Other,Delhi,Returning,146232,9288,2886,763,32270,1644034.72,6.35,31.07,8.21,3.47,42.29,50.95,4994.62,September,9
2026-09-16 20:32:18.627725,Monsoon Offer,Facebook,35-44,Female,Bangalore,Returning,70108,4923,589,171,46364,302739.03,7.02,11.96,3.47,9.42,271.13,6.53,552.96,September,9
2026-09-16 22:17:09.805961,Product Launch,Instagram,45-54,Other,Bangalore,Returning,148800,6403,1129,124,47480,101317.78,4.3,17.63,1.94,7.42,382.9,2.13,113.39,September,9
2026-09-17 00:02:00.984196,Summer Sale,Google Ads,55+,Male,Chennai,Returning,73594,6569,1510,245,6217,454592.31,8.93,22.99,3.73,0.95,25.38,73.12,7212.08,September,9
2026-09-17 01:46:52.162432,Winter Sale,Google Ads,35-44,Male,Mumbai,New,28464,2335,283,80,13294,219685.2,8.2,12.12,3.43,5.69,166.18,16.53,1552.51,September,9
2026-09-17 03:31:43.340668,Winter Sale,Instagram,18-24,Male,Mumbai,Returning,40838,3811,436,80,8816,108098.15,9.33,11.44,2.1,2.31,110.2,12.26,1126.16,September,9
2026-09-17 05:16:34.518903,Winter Sale,Instagram,18-24,Male,Pune,Returning,15919,610,157,31,44106,91633.58,3.83,25.74,5.08,72.3,1422.77,2.08,107.76,September,9
2026-09-17 07:01:25.697139,Monsoon Offer,Email,35-44,Female,Bangalore,Returning,17797,212,54,13,40449,37679.85,1.19,25.47,6.13,190.8,3111.46,0.93,-6.85,September,9
2026-09-17 08:46:16.875375,Festival Campaign,Instagram,25-34,Other,Kolkata,Returning,98003,8137,1165,147,28311,362101.37,8.3,14.32,1.81,3.48,192.59,12.79,1179.01,September,9
2026-09-17 10:31:08.053610,Monsoon Offer,Email,35-44,Other,Chennai,Returning,99272,2984,421,124,34975,314277.99,3.01,14.11,4.16,11.72,282.06,8.99,798.58,September,9
2026-09-17 12:15:59.231846,Product Launch,Email,35-44,Male,Jaipur,New,144130,7501,2109,531,18827,810498.97,5.2,28.12,7.08,2.51,35.46,43.05,4204.98,September,9
2026-09-17 14:00:50.410082,Festival Campaign,YouTube,45-54,Male,Kolkata,Returning,84577,7067,788,91,28270,137078.1,8.36,11.15,1.29,4.0,310.66,4.85,384.89,September,9
2026-09-17 15:45:41.588317,New Year Offer,Google Ads,18-24,Male,Hyderabad,Returning,113638,3346,1101,114,49175,329003.25,2.94,32.9,3.41,14.7,431.36,6.69,569.05,September,9
2026-09-17 17:30:32.766553,Diwali Campaign,Google Ads,18-24,Other,Chennai,Returning,135660,5164,1728,493,10658,697836.88,3.81,33.46,9.55,2.06,21.62,65.48,6447.54,September,9
2026-09-17 19:15:23.944788,Winter Sale,Google Ads,55+,Female,Nagpur,Returning,122911,6086,1918,442,9052,328044.54,4.95,31.51,7.26,1.49,20.48,36.24,3524.0,September,9
2026-09-17 21:00:15.123024,Monsoon Offer,YouTube,35-44,Female,Jaipur,New,87557,3017,412,36,3853,31743.1,3.45,13.66,1.19,1.28,107.03,8.24,723.85,September,9
2026-09-17 22:45:06.301260,New Year Offer,Email,35-44,Female,Mumbai,New,37258,1919,162,18,3247,40967.95,5.15,8.44,0.94,1.69,180.39,12.62,1161.72,September,9
2026-09-18 00:29:57.479495,Clearance Sale,Email,25-34,Female,Jaipur,Returning,125090,1358,452,40,49604,58298.09,1.09,33.28,2.95,36.53,1240.1,1.18,17.53,September,9
2026-09-18 02:14:48.657731,Monsoon Offer,Instagram,18-24,Male,Chennai,Returning,101714,2959,511,150,18429,149753.56,2.91,17.27,5.07,6.23,122.86,8.13,712.6,September,9
2026-09-18 03:59:39.835967,Summer Sale,YouTube,25-34,Other,Bangalore,New,22914,1946,318,60,25876,152067.92,8.49,16.34,3.08,13.3,431.27,5.88,487.68,September,9
2026-09-18 05:44:31.014202,Diwali Campaign,Instagram,45-54,Male,Hyderabad,Returning,148608,7016,1056,191,40305,328841.59,4.72,15.05,2.72,5.74,211.02,8.16,715.88,September,9
2026-09-18 07:29:22.192438,Summer Sale,YouTube,55+,Female,Mumbai,New,131448,8843,1291,374,13495,717744.53,6.73,14.6,4.23,1.53,36.08,53.19,5218.6,September,9
2026-09-18 09:14:13.370674,Festival Campaign,Instagram,25-34,Male,Kolkata,Returning,43748,1352,376,71,45369,62826.01,3.09,27.81,5.25,33.56,639.0,1.38,38.48,September,9
2026-09-18 10:59:04.548909,Diwali Campaign,Facebook,18-24,Female,Ahmedabad,New,49448,3386,1100,213,30128,209141.61,6.85,32.49,6.29,8.9,141.45,6.94,594.18,September,9
2026-09-18 12:43:55.727145,Monsoon Offer,Google Ads,45-54,Other,Hyderabad,New,56132,5613,1640,486,14963,395915.08,10.0,29.22,8.66,2.67,30.79,26.46,2545.96,September,9
2026-09-18 14:28:46.905381,Product Launch,Google Ads,35-44,Female,Pune,Returning,86022,5468,1432,149,5463,266167.19,6.36,26.19,2.72,1.0,36.66,48.72,4772.18,September,9
2026-09-18 16:13:38.083616,New Year Offer,Email,45-54,Male,Ahmedabad,Returning,143456,9547,1505,446,17654,1087857.57,6.66,15.76,4.67,1.85,39.58,61.62,6062.1,September,9
2026-09-18 17:58:29.261852,Product Launch,Facebook,25-34,Other,Nagpur,Returning,117294,2350,535,62,12177,144504.21,2.0,22.77,2.64,5.18,196.4,11.87,1086.7,September,9
2026-09-18 19:43:20.440088,Monsoon Offer,Google Ads,18-24,Female,Kolkata,Returning,86323,3997,575,105,9473,121073.09,4.63,14.39,2.63,2.37,90.22,12.78,1178.09,September,9
2026-09-18 21:28:11.618323,Festival Campaign,Email,25-34,Female,Nagpur,New,111242,9729,1071,165,43079,433764.45,8.75,11.01,1.7,4.43,261.08,10.07,906.9,September,9
2026-09-18 23:13:02.796559,Summer Sale,Facebook,35-44,Other,Jaipur,New,132347,11260,1266,367,24750,280443.83,8.51,11.24,3.26,2.2,67.44,11.33,1033.11,September,9
2026-09-19 00:57:53.974794,Diwali Campaign,Google Ads,35-44,Male,Bangalore,Returning,70120,3997,971,181,6134,142107.61,5.7,24.29,4.53,1.53,33.89,23.17,2216.72,September,9
2026-09-19 02:42:45.153030,Product Launch,Instagram,18-24,Other,Jaipur,New,70592,6445,582,49,7000,128539.77,9.13,9.03,0.76,1.09,142.86,18.36,1736.28,September,9
2026-09-19 04:27:36.331266,Monsoon Offer,YouTube,55+,Male,Bangalore,Returning,19885,454,155,19,19173,21109.93,2.28,34.14,4.19,42.23,1009.11,1.1,10.1,September,9
2026-09-19 06:12:27.509501,Product Launch,Facebook,45-54,Female,Delhi,Returning,139006,9624,3356,586,10670,1330389.71,6.92,34.87,6.09,1.11,18.21,124.69,12368.51,September,9
2026-09-19 07:57:18.687737,Monsoon Offer,Email,45-54,Female,Delhi,Returning,105964,3433,413,94,12612,49133.7,3.24,12.03,2.74,3.67,134.17,3.9,289.58,September,9
2026-09-19 09:42:09.865973,Summer Sale,Facebook,35-44,Other,Nagpur,New,60073,4091,799,162,24280,118908.44,6.81,19.53,3.96,5.93,149.88,4.9,389.74,September,9
2026-09-19 11:27:01.044208,Diwali Campaign,Email,25-34,Female,Pune,Returning,82650,1476,424,113,26257,228624.06,1.79,28.73,7.66,17.79,232.36,8.71,770.72,September,9
2026-09-19 13:11:52.222444,New Year Offer,Facebook,25-34,Other,Nagpur,New,34996,3321,1122,294,44645,281075.73,9.49,33.79,8.85,13.44,151.85,6.3,529.58,September,9
2026-09-19 14:56:43.400680,Summer Sale,Email,55+,Female,Delhi,Returning,102290,8261,2648,555,4661,316646.49,8.08,32.05,6.72,0.56,8.4,67.94,6693.53,September,9
2026-09-19 16:41:34.578915,Product Launch,Google Ads,25-34,Female,Ahmedabad,New,93086,2614,388,79,10482,131721.98,2.81,14.84,3.02,4.01,132.68,12.57,1156.65,September,9
2026-09-19 18:26:25.757151,New Year Offer,Instagram,45-54,Male,Ahmedabad,New,136379,9185,946,133,22259,176398.07,6.73,10.3,1.45,2.42,167.36,7.92,692.48,September,9
2026-09-19 20:11:16.935387,Monsoon Offer,Google Ads,25-34,Other,Pune,New,43095,3375,533,154,32007,385868.92,7.83,15.79,4.56,9.48,207.84,12.06,1105.58,September,9
2026-09-19 21:56:08.113622,New Year Offer,Instagram,55+,Other,Pune,New,102971,2970,588,56,26275,142636.06,2.88,19.8,1.89,8.85,469.2,5.43,442.86,September,9
2026-09-19 23:40:59.291858,Monsoon Offer,Google Ads,45-54,Female,Pune,Returning,97158,1787,316,52,32532,105875.01,1.84,17.68,2.91,18.2,625.62,3.25,225.45,September,9
2026-09-20 01:25:50.470094,Summer Sale,Google Ads,25-34,Male,Nagpur,New,85821,3575,1032,232,15092,285959.57,4.17,28.87,6.49,4.22,65.05,18.95,1794.78,September,9
2026-09-20 03:10:41.648329,Product Launch,Facebook,45-54,Male,Kolkata,New,100463,2232,333,95,37931,157136.33,2.22,14.92,4.26,16.99,399.27,4.14,314.27,September,9
2026-09-20 04:55:32.826565,Festival Campaign,YouTube,35-44,Other,Chennai,Returning,15291,931,290,55,22222,124060.2,6.09,31.15,5.91,23.87,404.04,5.58,458.28,September,9
2026-09-20 06:40:24.004800,Product Launch,Email,35-44,Other,Mumbai,New,123844,5965,840,232,22844,156198.96,4.82,14.08,3.89,3.83,98.47,6.84,583.76,September,9
2026-09-20 08:25:15.183036,Monsoon Offer,Email,35-44,Female,Pune,Returning,13122,677,120,12,43020,15974.91,5.16,17.73,1.77,63.55,3585.0,0.37,-62.87,September,9
2026-09-20 10:10:06.361272,Winter Sale,Email,25-34,Other,Mumbai,New,14876,875,175,34,43567,86901.42,5.88,20.0,3.89,49.79,1281.38,1.99,99.47,September,9
2026-09-20 11:54:57.539507,Diwali Campaign,Instagram,55+,Female,Kolkata,Returning,67147,6606,1047,156,16475,236351.13,9.84,15.85,2.36,2.49,105.61,14.35,1334.6,September,9
2026-09-20 13:39:48.717743,Clearance Sale,Email,45-54,Male,Chennai,New,142895,11622,3334,850,36322,1752419.52,8.13,28.69,7.31,3.13,42.73,48.25,4724.68,September,9
2026-09-20 15:24:39.895979,Festival Campaign,Email,18-24,Other,Pune,New,62652,4175,795,141,14399,104457.87,6.66,19.04,3.38,3.45,102.12,7.25,625.45,September,9
2026-09-20 17:09:31.074214,New Year Offer,Facebook,35-44,Male,Pune,New,112377,4802,1534,283,43693,691260.03,4.27,31.95,5.89,9.1,154.39,15.82,1482.08,September,9
2026-09-20 18:54:22.252450,Festival Campaign,Google Ads,35-44,Male,Pune,New,136225,1694,576,54,30865,40562.84,1.24,34.0,3.19,18.22,571.57,1.31,31.42,September,9
2026-09-20 20:39:13.430686,Diwali Campaign,Email,18-24,Female,Ahmedabad,Returning,112699,2308,720,126,7008,334380.46,2.05,31.2,5.46,3.04,55.62,47.71,4671.41,September,9
2026-09-20 22:24:04.608921,New Year Offer,YouTube,18-24,Male,Kolkata,New,28980,2196,485,47,4816,36025.62,7.58,22.09,2.14,2.19,102.47,7.48,648.04,September,9
2026-09-21 00:08:55.787157,Diwali Campaign,Email,25-34,Female,Mumbai,Returning,17121,740,161,23,10539,62726.33,4.32,21.76,3.11,14.24,458.22,5.95,495.18,September,9
2026-09-21 01:53:46.965393,New Year Offer,Instagram,45-54,Female,Bangalore,Returning,138946,5571,770,83,18474,116982.25,4.01,13.82,1.49,3.32,222.58,6.33,533.23,September,9
2026-09-21 03:38:38.143628,Festival Campaign,Instagram,35-44,Male,Bangalore,Returning,93176,8386,2011,308,36988,634888.66,9.0,23.98,3.67,4.41,120.09,17.16,1616.47,September,9
2026-09-21 05:23:29.321864,New Year Offer,Instagram,55+,Male,Kolkata,Returning,60809,3259,1099,142,26051,371525.45,5.36,33.72,4.36,7.99,183.46,14.26,1326.15,September,9
2026-09-21 07:08:20.500100,New Year Offer,Email,25-34,Female,Pune,New,134032,12191,1240,176,16947,92506.23,9.1,10.17,1.44,1.39,96.29,5.46,445.86,September,9
2026-09-21 08:53:11.678335,Winter Sale,Facebook,25-34,Female,Bangalore,New,87621,7868,2227,250,46828,291058.23,8.98,28.3,3.18,5.95,187.31,6.22,521.55,September,9
2026-09-21 10:38:02.856571,Product Launch,YouTube,55+,Male,Mumbai,New,126440,2176,684,120,13253,332501.5,1.72,31.43,5.51,6.09,110.44,25.09,2408.88,September,9
2026-09-21 12:22:54.034806,Product Launch,Email,55+,Female,Bangalore,New,33097,3146,1089,206,32638,302910.67,9.51,34.62,6.55,10.37,158.44,9.28,828.09,September,9
2026-09-21 14:07:45.213042,Clearance Sale,Facebook,55+,Female,Mumbai,New,12978,219,37,9,38675,20393.46,1.69,16.89,4.11,176.6,4297.22,0.53,-47.27,September,9
2026-09-21 15:52:36.391278,Clearance Sale,Facebook,18-24,Other,Pune,New,145404,14062,2474,491,18604,417364.8,9.67,17.59,3.49,1.32,37.89,22.43,2143.41,September,9
2026-09-21 17:37:27.569513,Monsoon Offer,Email,35-44,Other,Pune,Returning,95573,4848,688,89,37483,195437.68,5.07,14.19,1.84,7.73,421.16,5.21,421.4,September,9
2026-09-21 19:22:18.747749,Monsoon Offer,Email,18-24,Other,Nagpur,Returning,25089,1968,576,139,18661,94923.45,7.84,29.27,7.06,9.48,134.25,5.09,408.67,September,9
2026-09-21 21:07:09.925985,Monsoon Offer,Facebook,35-44,Other,Delhi,New,137550,10117,1191,173,47495,396743.12,7.36,11.77,1.71,4.69,274.54,8.35,735.34,September,9
2026-09-21 22:52:01.104220,Winter Sale,Facebook,18-24,Other,Ahmedabad,New,66804,3785,576,141,17248,184641.25,5.67,15.22,3.73,4.56,122.33,10.71,970.51,September,9
2026-09-22 00:36:52.282456,Clearance Sale,Facebook,45-54,Female,Chennai,New,64018,4209,672,110,43577,183108.11,6.57,15.97,2.61,10.35,396.15,4.2,320.19,September,9
2026-09-22 02:21:43.460692,Diwali Campaign,Email,35-44,Female,Chennai,Returning,137198,13101,2374,458,34152,419367.91,9.55,18.12,3.5,2.61,74.57,12.28,1127.95,September,9
2026-09-22 04:06:34.638927,Monsoon Offer,Facebook,25-34,Other,Jaipur,New,13830,1292,250,47,41878,97272.26,9.34,19.35,3.64,32.41,891.02,2.32,132.28,September,9
2026-09-22 05:51:25.817163,Monsoon Offer,Instagram,35-44,Male,Ahmedabad,New,131388,9051,2090,606,19995,814414.96,6.89,23.09,6.7,2.21,33.0,40.73,3973.09,September,9
2026-09-22 07:36:16.995399,Festival Campaign,Email,35-44,Other,Pune,New,78494,5431,1825,207,13701,301896.57,6.92,33.6,3.81,2.52,66.19,22.03,2103.46,September,9
2026-09-22 09:21:08.173634,Summer Sale,Instagram,35-44,Male,Chennai,Returning,135200,4356,639,183,30501,389878.26,3.22,14.67,4.2,7.0,166.67,12.78,1178.25,September,9
2026-09-22 11:05:59.351870,Diwali Campaign,Google Ads,45-54,Female,Mumbai,Returning,35998,3044,883,179,36051,169540.59,8.46,29.01,5.88,11.84,201.4,4.7,370.28,September,9
2026-09-22 12:50:50.530106,Monsoon Offer,Email,18-24,Male,Jaipur,New,77076,5159,1354,404,5670,1062528.98,6.69,26.25,7.83,1.1,14.03,187.39,18639.49,September,9
2026-09-22 14:35:41.708341,Monsoon Offer,Google Ads,25-34,Female,Bangalore,Returning,39101,3298,367,75,18135,176116.2,8.43,11.13,2.27,5.5,241.8,9.71,871.14,September,9
2026-09-22 16:20:32.886577,Monsoon Offer,Facebook,18-24,Male,Bangalore,Returning,130155,9007,2691,603,29203,1172427.98,6.92,29.88,6.69,3.24,48.43,40.15,3914.75,September,9
2026-09-22 18:05:24.064812,Summer Sale,Facebook,18-24,Female,Jaipur,Returning,17053,629,65,15,48589,12312.49,3.69,10.33,2.38,77.25,3239.27,0.25,-74.66,September,9
2026-09-22 19:50:15.243048,Summer Sale,YouTube,55+,Female,Delhi,New,146742,3969,1109,289,44641,640936.75,2.7,27.94,7.28,11.25,154.47,14.36,1335.76,September,9
2026-09-22 21:35:06.421284,Winter Sale,Facebook,45-54,Other,Hyderabad,New,118994,2014,550,101,14631,55070.09,1.69,27.31,5.01,7.26,144.86,3.76,276.39,September,9
2026-09-22 23:19:57.599519,Diwali Campaign,Google Ads,55+,Female,Mumbai,Returning,122566,7689,2046,469,42932,1177654.08,6.27,26.61,6.1,5.58,91.54,27.43,2643.07,September,9
2026-09-23 01:04:48.777755,Winter Sale,Facebook,45-54,Other,Chennai,Returning,123651,4397,680,146,18516,183886.16,3.56,15.47,3.32,4.21,126.82,9.93,893.12,September,9
2026-09-23 02:49:39.955991,New Year Offer,Email,18-24,Other,Delhi,Returning,63341,4227,992,168,34453,133228.85,6.67,23.47,3.97,8.15,205.08,3.87,286.7,September,9
2026-09-23 04:34:31.134226,Summer Sale,Facebook,18-24,Other,Mumbai,New,78069,1192,340,88,43398,80187.57,1.53,28.52,7.38,36.41,493.16,1.85,84.77,September,9
2026-09-23 06:19:22.312462,Festival Campaign,YouTube,45-54,Male,Nagpur,Returning,75323,3299,831,101,49659,293691.44,4.38,25.19,3.06,15.05,491.67,5.91,491.42,September,9
2026-09-23 08:04:13.490698,Clearance Sale,Facebook,18-24,Male,Chennai,Returning,100610,3365,999,116,40024,282410.82,3.34,29.69,3.45,11.89,345.03,7.06,605.6,September,9
2026-09-23 09:49:04.668933,Festival Campaign,Google Ads,18-24,Female,Nagpur,New,94338,4087,1086,262,23653,286806.14,4.33,26.57,6.41,5.79,90.28,12.13,1112.56,September,9
2026-09-23 11:33:55.847169,Clearance Sale,Google Ads,25-34,Other,Pune,Returning,19876,295,45,9,18909,26177.99,1.48,15.25,3.05,64.1,2101.0,1.38,38.44,September,9
2026-09-23 13:18:47.025405,Summer Sale,Facebook,55+,Other,Ahmedabad,Returning,112591,8464,1026,153,28935,130095.01,7.52,12.12,1.81,3.42,189.12,4.5,349.61,September,9
2026-09-23 15:03:38.203640,Summer Sale,Google Ads,55+,Female,Pune,New,25171,516,129,28,5073,65346.9,2.05,25.0,5.43,9.83,181.18,12.88,1188.13,September,9
2026-09-23 16:48:29.381876,Summer Sale,Google Ads,55+,Other,Bangalore,Returning,52204,589,167,41,31151,87815.81,1.13,28.35,6.96,52.89,759.78,2.82,181.9,September,9
2026-09-23 18:33:20.560112,Winter Sale,YouTube,35-44,Female,Delhi,Returning,146238,13916,1648,210,39138,536275.31,9.52,11.84,1.51,2.81,186.37,13.7,1270.22,September,9
2026-09-23 20:18:11.738347,Diwali Campaign,Email,25-34,Other,Jaipur,Returning,95794,2620,333,69,5484,100343.03,2.74,12.71,2.63,2.09,79.48,18.3,1729.74,September,9
2026-09-23 22:03:02.916583,Clearance Sale,YouTube,55+,Male,Pune,Returning,53734,4541,378,98,45778,147449.69,8.45,8.32,2.16,10.08,467.12,3.22,222.1,September,9
2026-09-23 23:47:54.094818,Diwali Campaign,Instagram,55+,Female,Delhi,New,101251,9801,2191,373,42670,768908.74,9.68,22.35,3.81,4.35,114.4,18.02,1701.99,September,9
2026-09-24 01:32:45.273054,Winter Sale,YouTube,25-34,Female,Kolkata,New,137539,7987,1808,372,43173,556331.35,5.81,22.64,4.66,5.41,116.06,12.89,1188.61,September,9
2026-09-24 03:17:36.451290,Winter Sale,Facebook,18-24,Male,Bangalore,New,106621,6114,1314,127,38434,76628.91,5.73,21.49,2.08,6.29,302.63,1.99,99.38,September,9
2026-09-24 05:02:27.629525,Product Launch,Email,55+,Female,Chennai,Returning,55078,2372,392,102,30981,237075.55,4.31,16.53,4.3,13.06,303.74,7.65,665.23,September,9
2026-09-24 06:47:18.807761,Festival Campaign,Facebook,18-24,Male,Delhi,New,37778,1824,356,90,6384,189212.86,4.83,19.52,4.93,3.5,70.93,29.64,2863.86,September,9
2026-09-24 08:32:09.985997,Festival Campaign,Instagram,55+,Other,Mumbai,New,55832,2980,854,154,19906,240129.43,5.34,28.66,5.17,6.68,129.26,12.06,1106.32,September,9
2026-09-24 10:17:01.164232,New Year Offer,Email,45-54,Male,Chennai,Returning,118540,2808,362,38,21077,47768.81,2.37,12.89,1.35,7.51,554.66,2.27,126.64,September,9
2026-09-24 12:01:52.342468,Monsoon Offer,Google Ads,35-44,Male,Bangalore,New,76243,3265,438,98,7183,127577.83,4.28,13.42,3.0,2.2,73.3,17.76,1676.11,September,9
2026-09-24 13:46:43.520704,Winter Sale,YouTube,55+,Female,Pune,Returning,42815,3572,929,191,29865,449341.17,8.34,26.01,5.35,8.36,156.36,15.05,1404.57,September,9
2026-09-24 15:31:34.698939,Clearance Sale,Facebook,45-54,Other,Kolkata,Returning,44682,1180,370,104,18344,241581.83,2.64,31.36,8.81,15.55,176.38,13.17,1216.95,September,9
2026-09-24 17:16:25.877175,Product Launch,Instagram,25-34,Male,Nagpur,Returning,27489,2080,357,50,36365,127364.8,7.57,17.16,2.4,17.48,727.3,3.5,250.24,September,9
2026-09-24 19:01:17.055411,Product Launch,Google Ads,45-54,Other,Hyderabad,New,127868,8777,2912,253,33718,608579.12,6.86,33.18,2.88,3.84,133.27,18.05,1704.91,September,9
2026-09-24 20:46:08.233646,Monsoon Offer,YouTube,25-34,Male,Chennai,New,123694,1874,179,24,45605,57476.65,1.52,9.55,1.28,24.34,1900.21,1.26,26.03,September,9
2026-09-24 22:30:59.411882,Diwali Campaign,Google Ads,55+,Female,Chennai,Returning,67701,813,91,15,10495,16941.5,1.2,11.19,1.85,12.91,699.67,1.61,61.42,September,9
2026-09-25 00:15:50.590118,Monsoon Offer,YouTube,25-34,Male,Jaipur,New,38635,1612,329,37,29734,27899.16,4.17,20.41,2.3,18.45,803.62,0.94,-6.17,September,9
2026-09-25 02:00:41.768353,Monsoon Offer,Email,45-54,Male,Pune,Returning,109332,7904,2176,643,21720,1546016.77,7.23,27.53,8.14,2.75,33.78,71.18,7017.94,September,9
2026-09-25 03:45:32.946589,Monsoon Offer,Google Ads,35-44,Other,Chennai,New,128214,5094,917,118,33827,88092.32,3.97,18.0,2.32,6.64,286.67,2.6,160.42,September,9
2026-09-25 05:30:24.124824,Festival Campaign,Google Ads,18-24,Male,Jaipur,New,32953,2309,530,121,27067,357588.7,7.01,22.95,5.24,11.72,223.69,13.21,1221.12,September,9
2026-09-25 07:15:15.303060,Winter Sale,Google Ads,18-24,Female,Bangalore,New,16278,1137,99,17,21098,45691.29,6.98,8.71,1.5,18.56,1241.06,2.17,116.57,September,9
2026-09-25 09:00:06.481296,New Year Offer,Email,35-44,Female,Chennai,New,69722,5758,1178,238,31314,436409.65,8.26,20.46,4.13,5.44,131.57,13.94,1293.66,September,9
2026-09-25 10:44:57.659531,Winter Sale,Instagram,18-24,Male,Kolkata,New,28036,531,77,21,16088,28989.64,1.89,14.5,3.95,30.3,766.1,1.8,80.19,September,9
2026-09-25 12:29:48.837767,Diwali Campaign,YouTube,55+,Male,Mumbai,Returning,123031,7620,1671,329,13976,597828.4,6.19,21.93,4.32,1.83,42.48,42.78,4177.54,September,9
2026-09-25 14:14:40.016003,Summer Sale,Google Ads,55+,Other,Hyderabad,New,80244,1253,278,40,6176,93430.18,1.56,22.19,3.19,4.93,154.4,15.13,1412.79,September,9
2026-09-25 15:59:31.194238,Monsoon Offer,Email,45-54,Other,Bangalore,New,80854,2088,591,75,35125,179311.87,2.58,28.3,3.59,16.82,468.33,5.1,410.5,September,9
2026-09-25 17:44:22.372474,Winter Sale,Instagram,45-54,Female,Nagpur,New,104805,4118,929,256,33291,175146.24,3.93,22.56,6.22,8.08,130.04,5.26,426.11,September,9
2026-09-25 19:29:13.550710,Diwali Campaign,YouTube,25-34,Other,Pune,New,131303,9672,2377,706,27778,1773567.48,7.37,24.58,7.3,2.87,39.35,63.85,6284.79,September,9
2026-09-25 21:14:04.728945,Summer Sale,Email,45-54,Male,Pune,New,29979,2927,652,88,38666,185129.36,9.76,22.28,3.01,13.21,439.39,4.79,378.79,September,9
2026-09-25 22:58:55.907181,Summer Sale,YouTube,55+,Female,Pune,Returning,80446,3284,1140,272,31148,163594.14,4.08,34.71,8.28,9.48,114.51,5.25,425.22,September,9
2026-09-26 00:43:47.085417,Monsoon Offer,Google Ads,45-54,Other,Kolkata,Returning,46022,2618,769,147,20648,188586.74,5.69,29.37,5.61,7.89,140.46,9.13,813.34,September,9
2026-09-26 02:28:38.263652,New Year Offer,Instagram,18-24,Female,Bangalore,Returning,14453,481,136,31,9943,55074.71,3.33,28.27,6.44,20.67,320.74,5.54,453.9,September,9
2026-09-26 04:13:29.441888,Clearance Sale,Email,25-34,Male,Chennai,New,61575,4359,1086,317,9850,307847.81,7.08,24.91,7.27,2.26,31.07,31.25,3025.36,September,9
2026-09-26 05:58:20.620124,Festival Campaign,Instagram,25-34,Other,Kolkata,New,67260,2891,643,90,46419,79929.12,4.3,22.24,3.11,16.06,515.77,1.72,72.19,September,9
2026-09-26 07:43:11.798359,Winter Sale,Google Ads,55+,Male,Jaipur,Returning,101862,5433,940,228,28813,122140.26,5.33,17.3,4.2,5.3,126.37,4.24,323.91,September,9
2026-09-26 09:28:02.976595,Summer Sale,Instagram,45-54,Male,Pune,Returning,64029,3912,1141,201,34160,558554.19,6.11,29.17,5.14,8.73,169.95,16.35,1535.11,September,9
2026-09-26 11:12:54.154830,Winter Sale,Instagram,18-24,Female,Nagpur,Returning,145249,10423,1367,305,4554,195282.32,7.18,13.12,2.93,0.44,14.93,42.88,4188.15,September,9
2026-09-26 12:57:45.333066,Clearance Sale,Facebook,45-54,Female,Jaipur,Returning,78965,1216,109,18,47702,25470.51,1.54,8.96,1.48,39.23,2650.11,0.53,-46.6,September,9
2026-09-26 14:42:36.511302,Festival Campaign,Instagram,35-44,Female,Hyderabad,New,42952,2574,691,162,30735,164337.51,5.99,26.85,6.29,11.94,189.72,5.35,434.69,September,9
2026-09-26 16:27:27.689537,Clearance Sale,YouTube,45-54,Other,Chennai,Returning,130825,6384,760,117,3671,275252.18,4.88,11.9,1.83,0.58,31.38,74.98,7398.02,September,9
2026-09-26 18:12:18.867773,Festival Campaign,Email,55+,Other,Chennai,New,137005,3019,978,183,44042,415036.98,2.2,32.39,6.06,14.59,240.67,9.42,842.37,September,9
2026-09-26 19:57:10.046009,Product Launch,Facebook,45-54,Female,Delhi,Returning,139959,4020,1158,273,32720,686746.8,2.87,28.81,6.79,8.14,119.85,20.99,1998.86,September,9
2026-09-26 21:42:01.224244,Festival Campaign,Email,25-34,Other,Nagpur,New,81710,7317,1775,158,15512,322639.28,8.95,24.26,2.16,2.12,98.18,20.8,1979.93,September,9
2026-09-26 23:26:52.402480,Monsoon Offer,Email,18-24,Other,Kolkata,New,31796,2812,463,70,46437,138539.3,8.84,16.47,2.49,16.51,663.39,2.98,198.34,September,9
2026-09-27 01:11:43.580716,New Year Offer,Google Ads,55+,Female,Kolkata,New,87413,1136,286,57,37219,86513.28,1.3,25.18,5.02,32.76,652.96,2.32,132.44,September,9
2026-09-27 02:56:34.758951,Clearance Sale,Google Ads,35-44,Male,Ahmedabad,Returning,27722,1997,416,40,24697,83635.87,7.2,20.83,2.0,12.37,617.42,3.39,238.65,September,9
2026-09-27 04:41:25.937187,Summer Sale,Facebook,18-24,Other,Hyderabad,New,122761,7350,1165,273,8237,215127.81,5.99,15.85,3.71,1.12,30.17,26.12,2511.73,September,9
2026-09-27 06:26:17.115423,Monsoon Offer,Google Ads,18-24,Other,Pune,New,89098,8427,2824,731,29596,1616447.23,9.46,33.51,8.67,3.51,40.49,54.62,5361.71,September,9
2026-09-27 08:11:08.293658,Product Launch,Google Ads,25-34,Male,Delhi,Returning,82082,7528,931,107,26522,81292.65,9.17,12.37,1.42,3.52,247.87,3.07,206.51,September,9
2026-09-27 09:55:59.471894,New Year Offer,Google Ads,25-34,Male,Jaipur,Returning,35258,2191,620,149,46085,395498.11,6.21,28.3,6.8,21.03,309.3,8.58,758.19,September,9
2026-09-27 11:40:50.650130,Winter Sale,Email,25-34,Male,Chennai,Returning,21706,488,144,31,28751,54690.42,2.25,29.51,6.35,58.92,927.45,1.9,90.22,September,9
2026-09-27 13:25:41.828365,Monsoon Offer,Facebook,55+,Female,Ahmedabad,Returning,38943,2001,674,114,43753,208151.72,5.14,33.68,5.7,21.87,383.8,4.76,375.74,September,9
2026-09-27 15:10:33.006601,Clearance Sale,Email,45-54,Male,Ahmedabad,Returning,74324,5593,1277,148,29980,290397.31,7.53,22.83,2.65,5.36,202.57,9.69,868.64,September,9
2026-09-27 16:55:24.184836,Diwali Campaign,YouTube,18-24,Female,Hyderabad,Returning,32315,3091,693,201,12474,490466.38,9.57,22.42,6.5,4.04,62.06,39.32,3831.91,September,9
2026-09-27 18:40:15.363072,Diwali Campaign,Email,45-54,Male,Mumbai,New,20352,869,285,51,3534,86505.0,4.27,32.8,5.87,4.07,69.29,24.48,2347.79,September,9
2026-09-27 20:25:06.541308,Summer Sale,YouTube,45-54,Male,Chennai,New,44497,3587,1062,127,15040,199259.21,8.06,29.61,3.54,4.19,118.43,13.25,1224.86,September,9
2026-09-27 22:09:57.719543,Festival Campaign,Instagram,25-34,Female,Kolkata,Returning,85145,6087,1741,414,43529,505425.13,7.15,28.6,6.8,7.15,105.14,11.61,1061.12,September,9
2026-09-27 23:54:48.897779,Summer Sale,Instagram,45-54,Female,Jaipur,Returning,108322,1846,541,115,7666,94311.31,1.7,29.31,6.23,4.15,66.66,12.3,1130.25,September,9
2026-09-28 01:39:40.076015,Diwali Campaign,YouTube,18-24,Male,Pune,New,130659,7868,1677,435,40441,424497.51,6.02,21.31,5.53,5.14,92.97,10.5,949.67,September,9
2026-09-28 03:24:31.254250,Winter Sale,YouTube,18-24,Male,Pune,New,37228,987,89,26,46413,13034.31,2.65,9.02,2.63,47.02,1785.12,0.28,-71.92,September,9
2026-09-28 05:09:22.432486,Product Launch,Email,35-44,Male,Nagpur,New,125152,8950,1195,107,5162,286070.29,7.15,13.35,1.2,0.58,48.24,55.42,5441.85,September,9
2026-09-28 06:54:13.610722,Product Launch,YouTube,55+,Other,Mumbai,Returning,18882,1225,310,75,45786,180929.7,6.49,25.31,6.12,37.38,610.48,3.95,295.16,September,9
2026-09-28 08:39:04.788957,Clearance Sale,Facebook,45-54,Male,Hyderabad,New,80846,7888,1474,438,39766,458457.26,9.76,18.69,5.55,5.04,90.79,11.53,1052.89,September,9
2026-09-28 10:23:55.967193,Product Launch,Instagram,55+,Female,Pune,New,34463,3245,791,156,26885,78932.14,9.42,24.38,4.81,8.29,172.34,2.94,193.59,September,9
2026-09-28 12:08:47.145429,Clearance Sale,Instagram,55+,Other,Delhi,Returning,86789,941,215,51,39460,88244.83,1.08,22.85,5.42,41.93,773.73,2.24,123.63,September,9
2026-09-28 13:53:38.323664,Monsoon Offer,YouTube,55+,Female,Pune,Returning,95940,1650,327,57,29415,87291.68,1.72,19.82,3.45,17.83,516.05,2.97,196.76,September,9
2026-09-28 15:38:29.501900,Clearance Sale,Google Ads,55+,Other,Bangalore,Returning,19827,1570,225,35,43244,85400.58,7.92,14.33,2.23,27.54,1235.54,1.97,97.49,September,9
2026-09-28 17:23:20.680136,Monsoon Offer,Google Ads,18-24,Other,Delhi,New,100690,7220,1979,461,39827,694837.07,7.17,27.41,6.39,5.52,86.39,17.45,1644.64,September,9
2026-09-28 19:08:11.858371,Clearance Sale,YouTube,45-54,Female,Jaipur,Returning,148312,12174,3961,1177,44290,3131151.94,8.21,32.54,9.67,3.64,37.63,70.7,6969.66,September,9
2026-09-28 20:53:03.036607,Diwali Campaign,Facebook,35-44,Other,Nagpur,New,138743,4719,1358,136,49038,100585.0,3.4,28.78,2.88,10.39,360.57,2.05,105.12,September,9
2026-09-28 22:37:54.214842,Diwali Campaign,Google Ads,55+,Female,Pune,New,11585,1001,112,19,37295,26878.26,8.64,11.19,1.9,37.26,1962.89,0.72,-27.93,September,9
2026-09-29 00:22:45.393078,Festival Campaign,YouTube,35-44,Male,Kolkata,Returning,62532,3115,701,201,48143,569805.3,4.98,22.5,6.45,15.46,239.52,11.84,1083.57,September,9
2026-09-29 02:07:36.571314,Monsoon Offer,Facebook,18-24,Other,Delhi,New,15427,517,157,16,42819,8469.18,3.35,30.37,3.09,82.82,2676.19,0.2,-80.22,September,9
2026-09-29 03:52:27.749549,New Year Offer,Facebook,18-24,Female,Nagpur,Returning,102283,1120,268,59,41914,87141.44,1.1,23.93,5.27,37.42,710.41,2.08,107.91,September,9
2026-09-29 05:37:18.927785,Monsoon Offer,Email,25-34,Other,Ahmedabad,Returning,91156,8060,1601,279,43318,320643.02,8.84,19.86,3.46,5.37,155.26,7.4,640.21,September,9
2026-09-29 07:22:10.106021,Clearance Sale,Facebook,55+,Female,Bangalore,Returning,19033,1107,173,28,39463,51230.25,5.82,15.63,2.53,35.65,1409.39,1.3,29.82,September,9
2026-09-29 09:07:01.284256,Clearance Sale,Google Ads,25-34,Male,Bangalore,Returning,122458,11974,2026,255,36291,305213.84,9.78,16.92,2.13,3.03,142.32,8.41,741.02,September,9
2026-09-29 10:51:52.462492,New Year Offer,Google Ads,35-44,Male,Jaipur,New,138767,10313,1499,178,33260,476109.08,7.43,14.54,1.73,3.23,186.85,14.31,1331.48,September,9
2026-09-29 12:36:43.640728,Summer Sale,YouTube,45-54,Other,Delhi,Returning,22199,382,50,9,45131,25585.61,1.72,13.09,2.36,118.14,5014.56,0.57,-43.31,September,9
2026-09-29 14:21:34.818963,Clearance Sale,YouTube,25-34,Other,Kolkata,New,12931,813,194,31,46513,81307.91,6.29,23.86,3.81,57.21,1500.42,1.75,74.81,September,9
2026-09-29 16:06:25.997199,Festival Campaign,Facebook,18-24,Female,Mumbai,New,90379,1043,226,42,48139,62849.62,1.15,21.67,4.03,46.15,1146.17,1.31,30.56,September,9
2026-09-29 17:51:17.175435,Product Launch,Instagram,55+,Female,Kolkata,Returning,15699,945,263,32,45381,95194.7,6.02,27.83,3.39,48.02,1418.16,2.1,109.77,September,9
2026-09-29 19:36:08.353670,Product Launch,Email,35-44,Other,Nagpur,New,71032,2949,481,75,13423,175319.31,4.15,16.31,2.54,4.55,178.97,13.06,1206.11,September,9
2026-09-29 21:20:59.531906,Winter Sale,Instagram,18-24,Female,Pune,Returning,17636,1197,244,73,5216,101398.63,6.79,20.38,6.1,4.36,71.45,19.44,1843.99,September,9
2026-09-29 23:05:50.710142,Winter Sale,Facebook,45-54,Female,Chennai,Returning,77396,4546,1198,192,35304,140972.55,5.87,26.35,4.22,7.77,183.88,3.99,299.31,September,9
2026-09-30 00:50:41.888377,Product Launch,Facebook,55+,Female,Jaipur,Returning,130249,4366,1484,253,46115,548406.86,3.35,33.99,5.79,10.56,182.27,11.89,1089.22,September,9
2026-09-30 02:35:33.066613,Product Launch,Instagram,45-54,Other,Chennai,New,125618,3091,538,45,9336,104463.84,2.46,17.41,1.46,3.02,207.47,11.19,1018.94,September,9
2026-09-30 04:20:24.244848,Diwali Campaign,Email,45-54,Male,Delhi,Returning,24989,1160,186,30,44811,24184.43,4.64,16.03,2.59,38.63,1493.7,0.54,-46.03,September,9
2026-09-30 06:05:15.423084,Festival Campaign,Instagram,55+,Male,Mumbai,Returning,61086,6036,1215,301,18573,564176.6,9.88,20.13,4.99,3.08,61.7,30.38,2937.62,September,9
2026-09-30 07:50:06.601320,New Year Offer,YouTube,55+,Female,Bangalore,New,46062,2266,624,120,24863,356126.4,4.92,27.54,5.3,10.97,207.19,14.32,1332.35,September,9
2026-09-30 09:34:57.779555,Winter Sale,Google Ads,45-54,Other,Bangalore,Returning,40398,3126,1061,238,49174,313114.05,7.74,33.94,7.61,15.73,206.61,6.37,536.75,September,9
2026-09-30 11:19:48.957791,Diwali Campaign,YouTube,35-44,Female,Ahmedabad,Returning,80283,1214,272,55,27094,69010.57,1.51,22.41,4.53,22.32,492.62,2.55,154.71,September,9
2026-09-30 13:04:40.136027,Diwali Campaign,Google Ads,55+,Male,Nagpur,Returning,112696,4969,1487,153,12371,422013.08,4.41,29.93,3.08,2.49,80.86,34.11,3311.31,September,9
2026-09-30 14:49:31.314262,New Year Offer,Facebook,18-24,Female,Nagpur,Returning,80774,5026,1032,157,39363,124585.8,6.22,20.53,3.12,7.83,250.72,3.17,216.5,September,9
2026-09-30 16:34:22.492498,Diwali Campaign,Email,25-34,Male,Kolkata,Returning,12834,996,90,20,23751,56676.38,7.76,9.04,2.01,23.85,1187.55,2.39,138.63,September,9
2026-09-30 18:19:13.670734,Monsoon Offer,Instagram,35-44,Other,Nagpur,Returning,58203,3349,1076,215,13051,526474.29,5.75,32.13,6.42,3.9,60.7,40.34,3933.98,September,9
2026-09-30 20:04:04.848969,Festival Campaign,Email,55+,Female,Kolkata,New,55676,3138,496,113,3737,166912.42,5.64,15.81,3.6,1.19,33.07,44.66,4366.48,September,9
2026-09-30 21:48:56.027205,Product Launch,Instagram,55+,Other,Kolkata,Returning,36230,2853,335,53,46772,37570.06,7.87,11.74,1.86,16.39,882.49,0.8,-19.67,September,9
2026-09-30 23:33:47.205441,Clearance Sale,YouTube,35-44,Female,Pune,Returning,82652,3156,1101,134,13984,73423.47,3.82,34.89,4.25,4.43,104.36,5.25,425.05,September,9
2026-10-01 01:18:38.383676,New Year Offer,YouTube,25-34,Female,Jaipur,Returning,78464,1424,247,64,22202,92132.99,1.81,17.35,4.49,15.59,346.91,4.15,314.98,October,10
2026-10-01 03:03:29.561912,Product Launch,Instagram,45-54,Female,Chennai,Returning,103715,4277,499,81,16086,183334.1,4.12,11.67,1.89,3.76,198.59,11.4,1039.71,October,10
2026-10-01 04:48:20.740148,Product Launch,Email,18-24,Female,Pune,New,18190,442,72,16,49259,27501.17,2.43,16.29,3.62,111.45,3078.69,0.56,-44.17,October,10
2026-10-01 06:33:11.918383,Summer Sale,Instagram,55+,Female,Mumbai,Returning,99364,9631,2106,345,41110,809587.26,9.69,21.87,3.58,4.27,119.16,19.69,1869.32,October,10
2026-10-01 08:18:03.096619,Monsoon Offer,Facebook,25-34,Other,Mumbai,New,145422,9012,934,265,21547,576753.19,6.2,10.36,2.94,2.39,81.31,26.77,2576.72,October,10
2026-10-01 10:02:54.274854,New Year Offer,YouTube,18-24,Other,Mumbai,Returning,44055,2211,387,115,16248,222210.82,5.02,17.5,5.2,7.35,141.29,13.68,1267.62,October,10
2026-10-01 11:47:45.453090,Diwali Campaign,Facebook,35-44,Male,Bangalore,Returning,91572,8432,2197,489,22460,1427267.63,9.21,26.06,5.8,2.66,45.93,63.55,6254.71,October,10
2026-10-01 13:32:36.631326,Clearance Sale,YouTube,55+,Female,Bangalore,New,82146,7477,2447,519,26300,1204578.8,9.1,32.73,6.94,3.52,50.67,45.8,4480.15,October,10
2026-10-01 15:17:27.809561,New Year Offer,YouTube,45-54,Male,Jaipur,New,117554,5573,1043,276,31737,769083.28,4.74,18.72,4.95,5.69,114.99,24.23,2323.3,October,10
2026-10-01 17:02:18.987797,Diwali Campaign,Google Ads,35-44,Other,Mumbai,Returning,35177,3121,725,140,44486,154756.2,8.87,23.23,4.49,14.25,317.76,3.48,247.88,October,10
2026-10-01 18:47:10.166033,Product Launch,Facebook,55+,Male,Delhi,Returning,103386,1629,410,111,36216,253535.0,1.58,25.17,6.81,22.23,326.27,7.0,600.06,October,10
2026-10-01 20:32:01.344268,Clearance Sale,Facebook,25-34,Other,Delhi,Returning,64339,5772,572,97,47180,193467.19,8.97,9.91,1.68,8.17,486.39,4.1,310.06,October,10
2026-10-01 22:16:52.522504,Diwali Campaign,Google Ads,18-24,Female,Ahmedabad,Returning,59282,2249,387,33,17436,92754.43,3.79,17.21,1.47,7.75,528.36,5.32,431.97,October,10
2026-10-02 00:01:43.700740,Festival Campaign,Email,18-24,Male,Pune,Returning,102683,6249,1654,469,26818,833006.16,6.09,26.47,7.51,4.29,57.18,31.06,3006.15,October,10
2026-10-02 01:46:34.878975,Diwali Campaign,Facebook,55+,Male,Chennai,Returning,111038,3805,1060,253,9873,303373.17,3.43,27.86,6.65,2.59,39.02,30.73,2972.76,October,10
2026-10-02 03:31:26.057211,Summer Sale,Instagram,35-44,Male,Bangalore,New,68009,6707,1181,227,9697,331896.11,9.86,17.61,3.38,1.45,42.72,34.23,3322.67,October,10
2026-10-02 05:16:17.235447,Monsoon Offer,Google Ads,45-54,Male,Nagpur,Returning,11066,182,14,4,7161,4188.3,1.64,7.69,2.2,39.35,1790.25,0.58,-41.51,October,10
2026-10-02 07:01:08.413682,Product Launch,Facebook,25-34,Female,Chennai,Returning,62940,3161,258,70,43764,73495.27,5.02,8.16,2.21,13.84,625.2,1.68,67.94,October,10
2026-10-02 08:45:59.591918,Diwali Campaign,Email,55+,Other,Hyderabad,Returning,60469,3984,897,93,13043,155873.02,6.59,22.52,2.33,3.27,140.25,11.95,1095.07,October,10
2026-10-02 10:30:50.770154,Monsoon Offer,Facebook,25-34,Other,Jaipur,New,124972,8173,1870,406,3119,1108957.37,6.54,22.88,4.97,0.38,7.68,355.55,35454.9,October,10
2026-10-02 12:15:41.948389,Winter Sale,YouTube,18-24,Female,Jaipur,New,145186,11105,2554,506,17580,495714.72,7.65,23.0,4.56,1.58,34.74,28.2,2719.77,October,10
2026-10-02 14:00:33.126625,Winter Sale,Instagram,45-54,Other,Mumbai,New,121138,9109,2503,627,15574,764736.24,7.52,27.48,6.88,1.71,24.84,49.1,4810.34,October,10
2026-10-02 15:45:24.304860,Monsoon Offer,Google Ads,25-34,Male,Delhi,Returning,134648,10958,3602,526,34791,1384679.39,8.14,32.87,4.8,3.17,66.14,39.8,3879.99,October,10
2026-10-02 17:30:15.483096,Monsoon Offer,YouTube,55+,Female,Mumbai,New,75133,2335,811,66,22231,88977.29,3.11,34.73,2.83,9.52,336.83,4.0,300.24,October,10
2026-10-02 19:15:06.661332,Summer Sale,Email,45-54,Other,Chennai,Returning,31245,1354,364,43,48473,124959.44,4.33,26.88,3.18,35.8,1127.28,2.58,157.79,October,10
2026-10-02 20:59:57.839567,Festival Campaign,YouTube,35-44,Female,Delhi,Returning,118574,5262,1151,145,13394,169983.6,4.44,21.87,2.76,2.55,92.37,12.69,1169.1,October,10
2026-10-02 22:44:49.017803,Product Launch,YouTube,55+,Female,Mumbai,Returning,53266,5114,603,86,30908,138060.84,9.6,11.79,1.68,6.04,359.4,4.47,346.68,October,10
2026-10-03 00:29:40.196039,New Year Offer,Email,25-34,Other,Chennai,Returning,99762,4672,858,138,45512,101985.43,4.68,18.36,2.95,9.74,329.8,2.24,124.08,October,10
2026-10-03 02:14:31.374274,Summer Sale,YouTube,45-54,Other,Hyderabad,Returning,103254,3094,725,170,5250,506674.71,3.0,23.43,5.49,1.7,30.88,96.51,9550.95,October,10
2026-10-03 03:59:22.552510,Festival Campaign,Google Ads,55+,Female,Ahmedabad,Returning,49218,3293,1152,110,24444,299789.06,6.69,34.98,3.34,7.42,222.22,12.26,1126.43,October,10
2026-10-03 05:44:13.730746,Monsoon Offer,Facebook,45-54,Female,Pune,Returning,17787,861,98,18,49964,45790.3,4.84,11.38,2.09,58.03,2775.78,0.92,-8.35,October,10
2026-10-03 07:29:04.908981,New Year Offer,YouTube,45-54,Other,Ahmedabad,New,55286,1797,528,100,25967,89335.62,3.25,29.38,5.56,14.45,259.67,3.44,244.04,October,10
2026-10-03 09:13:56.087217,Monsoon Offer,Google Ads,45-54,Female,Hyderabad,New,10081,749,261,56,22621,163710.13,7.43,34.85,7.48,30.2,403.95,7.24,623.71,October,10
2026-10-03 10:58:47.265453,Monsoon Offer,Facebook,25-34,Other,Ahmedabad,New,13005,354,105,15,25906,42343.17,2.72,29.66,4.24,73.18,1727.07,1.63,63.45,October,10
2026-10-03 12:43:38.443688,Winter Sale,Facebook,55+,Female,Nagpur,Returning,83944,5624,1614,221,47469,351208.47,6.7,28.7,3.93,8.44,214.79,7.4,639.87,October,10
2026-10-03 14:28:29.621924,Winter Sale,YouTube,18-24,Female,Bangalore,New,141406,6893,1032,192,27623,423185.77,4.87,14.97,2.79,4.01,143.87,15.32,1432.01,October,10
2026-10-03 16:13:20.800160,New Year Offer,Google Ads,18-24,Female,Bangalore,Returning,133438,5167,418,94,29852,280227.73,3.87,8.09,1.82,5.78,317.57,9.39,838.72,October,10
2026-10-03 17:58:11.978395,Summer Sale,YouTube,25-34,Other,Nagpur,New,86639,8242,1162,104,49045,158533.76,9.51,14.1,1.26,5.95,471.59,3.23,223.24,October,10
2026-10-03 19:43:03.156631,Winter Sale,Email,25-34,Male,Bangalore,New,68217,2673,783,113,33671,88435.41,3.92,29.29,4.23,12.6,297.97,2.63,162.65,October,10
2026-10-03 21:27:54.334866,Product Launch,Facebook,45-54,Other,Chennai,Returning,117248,4839,527,133,49896,355036.53,4.13,10.89,2.75,10.31,375.16,7.12,611.55,October,10
2026-10-03 23:12:45.513102,Monsoon Offer,YouTube,55+,Female,Bangalore,New,120257,10625,1699,316,18016,534423.24,8.84,15.99,2.97,1.7,57.01,29.66,2866.38,October,10
2026-10-04 00:57:36.691338,Clearance Sale,Facebook,55+,Male,Jaipur,Returning,35169,760,176,50,18381,148371.18,2.16,23.16,6.58,24.19,367.62,8.07,707.2,October,10
2026-10-04 02:42:27.869573,Diwali Campaign,Google Ads,35-44,Male,Jaipur,New,119247,2352,556,150,47984,281584.82,1.97,23.64,6.38,20.4,319.89,5.87,486.83,October,10
2026-10-04 04:27:19.047809,New Year Offer,Instagram,35-44,Female,Delhi,New,67110,2378,538,83,19321,47616.6,3.54,22.62,3.49,8.12,232.78,2.46,146.45,October,10
2026-10-04 06:12:10.226045,New Year Offer,YouTube,18-24,Other,Kolkata,New,67253,4253,1466,351,41162,606990.41,6.32,34.47,8.25,9.68,117.27,14.75,1374.64,October,10
2026-10-04 07:57:01.404280,Winter Sale,YouTube,35-44,Male,Hyderabad,Returning,85210,3799,316,44,14376,100986.83,4.46,8.32,1.16,3.78,326.73,7.02,602.47,October,10
2026-10-04 09:41:52.582516,Summer Sale,Facebook,35-44,Male,Jaipur,Returning,92702,6004,1270,150,21276,84761.26,6.48,21.15,2.5,3.54,141.84,3.98,298.39,October,10
2026-10-04 11:26:43.760752,Monsoon Offer,Google Ads,18-24,Other,Pune,New,102246,2492,538,147,20281,225442.4,2.44,21.59,5.9,8.14,137.97,11.12,1011.59,October,10
2026-10-04 13:11:34.938987,Product Launch,Email,18-24,Other,Delhi,New,144866,4857,773,121,37506,107556.96,3.35,15.92,2.49,7.72,309.97,2.87,186.77,October,10
2026-10-04 14:56:26.117223,Summer Sale,Google Ads,35-44,Male,Nagpur,Returning,39184,2384,528,65,16856,137003.23,6.08,22.15,2.73,7.07,259.32,8.13,712.79,October,10
2026-10-04 16:41:17.295459,Festival Campaign,YouTube,55+,Other,Hyderabad,New,121178,3580,937,273,28544,789888.54,2.95,26.17,7.63,7.97,104.56,27.67,2667.27,October,10
2026-10-04 18:26:08.473694,Festival Campaign,Email,35-44,Male,Hyderabad,New,48365,2324,608,52,14194,107196.04,4.81,26.16,2.24,6.11,272.96,7.55,655.22,October,10
2026-10-04 20:10:59.651930,Clearance Sale,Google Ads,45-54,Female,Nagpur,Returning,41217,2536,263,42,48701,93962.16,6.15,10.37,1.66,19.2,1159.55,1.93,92.94,October,10
2026-10-04 21:55:50.830166,Winter Sale,Instagram,45-54,Other,Kolkata,New,15051,1469,435,38,47058,56673.48,9.76,29.61,2.59,32.03,1238.37,1.2,20.43,October,10
2026-10-04 23:40:42.008401,Winter Sale,Facebook,45-54,Male,Ahmedabad,New,92662,1592,527,100,38271,190785.22,1.72,33.1,6.28,24.04,382.71,4.99,398.51,October,10
2026-10-05 01:25:33.186637,Winter Sale,Google Ads,25-34,Other,Ahmedabad,Returning,79891,4109,465,78,25444,145052.25,5.14,11.32,1.9,6.19,326.21,5.7,470.08,October,10
2026-10-05 03:10:24.364872,Clearance Sale,Google Ads,45-54,Other,Mumbai,Returning,127959,5843,1124,268,24534,642936.25,4.57,19.24,4.59,4.2,91.54,26.21,2520.59,October,10
2026-10-05 04:55:15.543108,Festival Campaign,Instagram,55+,Male,Mumbai,Returning,116589,9814,2141,620,26130,1638213.05,8.42,21.82,6.32,2.66,42.15,62.69,6169.47,October,10
2026-10-05 06:40:06.721344,Summer Sale,YouTube,25-34,Female,Delhi,Returning,68475,6233,725,140,12662,302010.08,9.1,11.63,2.25,2.03,90.44,23.85,2285.17,October,10
2026-10-05 08:24:57.899579,Clearance Sale,Facebook,25-34,Male,Mumbai,New,41074,3763,812,115,47712,339195.03,9.16,21.58,3.06,12.68,414.89,7.11,610.92,October,10
2026-10-05 10:09:49.077815,Clearance Sale,Google Ads,45-54,Other,Mumbai,Returning,78052,3415,463,125,14822,321340.12,4.38,13.56,3.66,4.34,118.58,21.68,2067.99,October,10
2026-10-05 11:54:40.256051,Summer Sale,Email,35-44,Male,Nagpur,Returning,32622,1220,405,86,16252,69799.05,3.74,33.2,7.05,13.32,188.98,4.29,329.48,October,10
2026-10-05 13:39:31.434286,Winter Sale,Google Ads,18-24,Other,Ahmedabad,New,124778,6291,1265,255,30214,451015.57,5.04,20.11,4.05,4.8,118.49,14.93,1392.74,October,10
2026-10-05 15:24:22.612522,Product Launch,Facebook,35-44,Male,Mumbai,Returning,123707,5066,1766,214,38329,590231.3,4.1,34.86,4.22,7.57,179.11,15.4,1439.91,October,10
2026-10-05 17:09:13.790758,Summer Sale,Google Ads,35-44,Female,Jaipur,Returning,102543,7659,708,62,40262,177309.9,7.47,9.24,0.81,5.26,649.39,4.4,340.39,October,10
2026-10-05 18:54:04.968993,Festival Campaign,Instagram,25-34,Female,Pune,New,50982,1489,170,30,19350,43515.45,2.92,11.42,2.01,13.0,645.0,2.25,124.89,October,10
2026-10-05 20:38:56.147229,New Year Offer,Google Ads,25-34,Female,Jaipur,Returning,127993,8867,1770,347,22987,803048.27,6.93,19.96,3.91,2.59,66.24,34.93,3393.49,October,10
2026-10-05 22:23:47.325465,Monsoon Offer,Google Ads,25-34,Female,Kolkata,Returning,73798,6894,2179,235,9761,358695.47,9.34,31.61,3.41,1.42,41.54,36.75,3574.78,October,10
2026-10-06 00:08:38.503700,New Year Offer,Email,55+,Male,Jaipur,New,78083,2747,631,58,27358,46930.66,3.52,22.97,2.11,9.96,471.69,1.72,71.54,October,10
2026-10-06 01:53:29.681936,Diwali Campaign,Instagram,55+,Female,Delhi,Returning,113227,8030,2230,284,27713,770074.03,7.09,27.77,3.54,3.45,97.58,27.79,2678.75,October,10
2026-10-06 03:38:20.860172,Diwali Campaign,Instagram,18-24,Male,Mumbai,Returning,38130,873,169,15,6751,42448.24,2.29,19.36,1.72,7.73,450.07,6.29,528.77,October,10
2026-10-06 05:23:12.038407,Clearance Sale,Google Ads,25-34,Other,Mumbai,New,75995,1590,144,13,38468,22904.39,2.09,9.06,0.82,24.19,2959.08,0.6,-40.46,October,10
2026-10-06 07:08:03.216643,Monsoon Offer,Email,45-54,Other,Nagpur,New,77772,1587,404,71,8844,38749.57,2.04,25.46,4.47,5.57,124.56,4.38,338.15,October,10
2026-10-06 08:52:54.394878,New Year Offer,Google Ads,25-34,Other,Chennai,Returning,76116,1710,429,110,32153,279409.97,2.25,25.09,6.43,18.8,292.3,8.69,769.0,October,10
2026-10-06 10:37:45.573114,Product Launch,Google Ads,55+,Female,Kolkata,Returning,145787,4294,426,96,11491,162470.49,2.95,9.92,2.24,2.68,119.7,14.14,1313.89,October,10
2026-10-06 12:22:36.751350,Winter Sale,Facebook,25-34,Female,Jaipur,Returning,53394,3238,408,93,19415,63944.09,6.06,12.6,2.87,6.0,208.76,3.29,229.35,October,10
2026-10-06 14:07:27.929585,Festival Campaign,Facebook,55+,Female,Chennai,New,103103,8148,1699,234,11733,227794.02,7.9,20.85,2.87,1.44,50.14,19.41,1841.48,October,10
2026-10-06 15:52:19.107821,Diwali Campaign,Email,25-34,Other,Hyderabad,Returning,48665,1042,209,17,33516,14965.07,2.14,20.06,1.63,32.17,1971.53,0.45,-55.35,October,10
2026-10-06 17:37:10.286057,Product Launch,YouTube,45-54,Other,Pune,Returning,140753,12428,3519,630,17759,1395889.21,8.83,28.32,5.07,1.43,28.19,78.6,7760.18,October,10
2026-10-06 19:22:01.464292,Festival Campaign,Facebook,18-24,Other,Pune,New,94360,8100,1495,243,23524,303391.27,8.58,18.46,3.0,2.9,96.81,12.9,1189.71,October,10
2026-10-06 21:06:52.642528,Festival Campaign,YouTube,45-54,Other,Ahmedabad,Returning,118889,8971,2324,670,27955,548881.62,7.55,25.91,7.47,3.12,41.72,19.63,1863.45,October,10
2026-10-06 22:51:43.820764,Winter Sale,Instagram,55+,Male,Mumbai,Returning,98604,4766,1287,123,21299,343677.01,4.83,27.0,2.58,4.47,173.16,16.14,1513.58,October,10
2026-10-07 00:36:34.998999,Monsoon Offer,Facebook,35-44,Male,Ahmedabad,Returning,144741,1467,372,93,29761,268893.47,1.01,25.36,6.34,20.29,320.01,9.04,803.51,October,10
2026-10-07 02:21:26.177235,Clearance Sale,Facebook,45-54,Female,Nagpur,New,89918,6845,1649,271,27110,229385.15,7.61,24.09,3.96,3.96,100.04,8.46,746.13,October,10
2026-10-07 04:06:17.355471,New Year Offer,Email,25-34,Female,Kolkata,New,14638,1304,387,101,15695,108634.55,8.91,29.68,7.75,12.04,155.4,6.92,592.16,October,10
2026-10-07 05:51:08.533706,Winter Sale,YouTube,18-24,Other,Kolkata,Returning,67000,2691,692,130,27760,257439.23,4.02,25.72,4.83,10.32,213.54,9.27,827.37,October,10
2026-10-07 07:35:59.711942,Product Launch,Facebook,25-34,Male,Hyderabad,Returning,19251,1436,438,114,13257,99894.74,7.46,30.5,7.94,9.23,116.29,7.54,653.52,October,10
2026-10-07 09:20:50.890178,Clearance Sale,Facebook,25-34,Male,Delhi,New,62647,976,245,44,49151,39445.09,1.56,25.1,4.51,50.36,1117.07,0.8,-19.75,October,10
2026-10-07 11:05:42.068413,Product Launch,Email,45-54,Female,Kolkata,Returning,98414,7268,893,150,42546,201216.02,7.39,12.29,2.06,5.85,283.64,4.73,372.94,October,10
2026-10-07 12:50:33.246649,Clearance Sale,Email,18-24,Male,Kolkata,New,67245,1085,177,51,35938,146519.22,1.61,16.31,4.7,33.12,704.67,4.08,307.7,October,10
2026-10-07 14:35:24.424884,Monsoon Offer,YouTube,35-44,Female,Kolkata,New,148480,9331,1578,254,34820,738150.79,6.28,16.91,2.72,3.73,137.09,21.2,2019.9,October,10
2026-10-07 16:20:15.603120,Diwali Campaign,Instagram,25-34,Other,Pune,New,79069,5043,531,136,11591,354208.0,6.38,10.53,2.7,2.3,85.23,30.56,2955.89,October,10
2026-10-07 18:05:06.781356,Product Launch,Instagram,18-24,Other,Delhi,New,79676,2963,790,74,14784,165706.89,3.72,26.66,2.5,4.99,199.78,11.21,1020.85,October,10
2026-10-07 19:49:57.959591,Winter Sale,Google Ads,35-44,Female,Delhi,New,73982,1266,304,28,49834,64447.14,1.71,24.01,2.21,39.36,1779.79,1.29,29.32,October,10
2026-10-07 21:34:49.137827,Clearance Sale,Facebook,25-34,Other,Bangalore,Returning,112346,10722,2565,452,31228,756617.31,9.54,23.92,4.22,2.91,69.09,24.23,2322.88,October,10
2026-10-07 23:19:40.316063,Clearance Sale,YouTube,18-24,Other,Jaipur,New,102154,5945,1243,259,20724,472775.12,5.82,20.91,4.36,3.49,80.02,22.81,2181.29,October,10
2026-10-08 01:04:31.494298,Festival Campaign,Facebook,45-54,Male,Nagpur,Returning,96190,5980,1355,289,27466,602892.05,6.22,22.66,4.83,4.59,95.04,21.95,2095.05,October,10
2026-10-08 02:49:22.672534,Festival Campaign,YouTube,25-34,Male,Mumbai,Returning,62203,4065,334,29,40183,67518.28,6.54,8.22,0.71,9.89,1385.62,1.68,68.03,October,10
2026-10-08 04:34:13.850770,Summer Sale,YouTube,25-34,Male,Kolkata,Returning,64617,5828,617,143,14813,106122.51,9.02,10.59,2.45,2.54,103.59,7.16,616.41,October,10
2026-10-08 06:19:05.029005,Product Launch,YouTube,18-24,Male,Kolkata,New,106311,1639,433,47,30151,49924.22,1.54,26.42,2.87,18.4,641.51,1.66,65.58,October,10
2026-10-08 08:03:56.207241,Festival Campaign,Facebook,25-34,Male,Bangalore,Returning,116037,10489,1579,458,9620,1331569.95,9.04,15.05,4.37,0.92,21.0,138.42,13741.68,October,10
2026-10-08 09:48:47.385477,Summer Sale,Email,35-44,Female,Mumbai,Returning,90212,2848,310,47,28924,62879.22,3.16,10.88,1.65,10.16,615.4,2.17,117.39,October,10
2026-10-08 11:33:38.563712,Diwali Campaign,Facebook,25-34,Female,Delhi,Returning,16005,272,45,6,49545,7027.11,1.7,16.54,2.21,182.15,8257.5,0.14,-85.82,October,10
2026-10-08 13:18:29.741948,Diwali Campaign,YouTube,55+,Male,Hyderabad,New,21973,1519,225,32,10922,49752.9,6.91,14.81,2.11,7.19,341.31,4.56,355.53,October,10
2026-10-08 15:03:20.920184,Festival Campaign,Google Ads,35-44,Other,Pune,Returning,56976,5579,490,140,37857,171822.26,9.79,8.78,2.51,6.79,270.41,4.54,353.87,October,10
2026-10-08 16:48:12.098419,Product Launch,Instagram,18-24,Other,Kolkata,New,27804,421,80,14,36001,10191.31,1.51,19.0,3.33,85.51,2571.5,0.28,-71.69,October,10
2026-10-08 18:33:03.276655,Clearance Sale,YouTube,35-44,Female,Nagpur,New,98613,4768,416,73,19939,74452.91,4.84,8.72,1.53,4.18,273.14,3.73,273.4,October,10
2026-10-08 20:17:54.454890,New Year Offer,Google Ads,55+,Female,Nagpur,Returning,57276,3303,264,53,30060,111321.17,5.77,7.99,1.6,9.1,567.17,3.7,270.33,October,10
2026-10-08 22:02:45.633126,Monsoon Offer,Email,55+,Female,Kolkata,Returning,34680,1133,333,94,13146,99447.9,3.27,29.39,8.3,11.6,139.85,7.56,656.49,October,10
2026-10-08 23:47:36.811362,Product Launch,YouTube,25-34,Other,Nagpur,New,70967,6987,1153,170,39501,360258.56,9.85,16.5,2.43,5.65,232.36,9.12,812.02,October,10
2026-10-09 01:32:27.989597,Monsoon Offer,Google Ads,25-34,Female,Hyderabad,New,26862,1818,424,50,6275,37510.11,6.77,23.32,2.75,3.45,125.5,5.98,497.77,October,10
2026-10-09 03:17:19.167833,Winter Sale,YouTube,45-54,Other,Nagpur,Returning,97438,8378,1343,283,18078,171127.52,8.6,16.03,3.38,2.16,63.88,9.47,846.61,October,10
2026-10-09 05:02:10.346069,Diwali Campaign,Facebook,35-44,Female,Chennai,Returning,149956,7110,2354,442,43241,1173032.29,4.74,33.11,6.22,6.08,97.83,27.13,2612.78,October,10
2026-10-09 06:47:01.524304,Festival Campaign,Google Ads,45-54,Other,Mumbai,Returning,70313,2943,814,76,40714,182404.98,4.19,27.66,2.58,13.83,535.71,4.48,348.02,October,10
2026-10-09 08:31:52.702540,Festival Campaign,Facebook,55+,Female,Bangalore,Returning,41562,2484,446,86,3845,186195.95,5.98,17.95,3.46,1.55,44.71,48.43,4742.55,October,10
2026-10-09 10:16:43.880776,Monsoon Offer,Facebook,25-34,Female,Bangalore,Returning,124746,6134,839,170,33678,98132.17,4.92,13.68,2.77,5.49,198.11,2.91,191.38,October,10
2026-10-09 12:01:35.059011,Clearance Sale,Google Ads,25-34,Other,Ahmedabad,New,61038,4537,531,123,9653,135101.34,7.43,11.7,2.71,2.13,78.48,14.0,1299.58,October,10
2026-10-09 13:46:26.237247,Monsoon Offer,Instagram,25-34,Female,Pune,New,78116,2649,757,226,4319,571957.59,3.39,28.58,8.53,1.63,19.11,132.43,13142.82,October,10
2026-10-09 15:31:17.415483,Winter Sale,Google Ads,18-24,Male,Mumbai,New,102080,5151,1042,180,23501,155100.45,5.05,20.23,3.49,4.56,130.56,6.6,559.97,October,10
2026-10-09 17:16:08.593718,Clearance Sale,Instagram,55+,Other,Kolkata,New,72278,6545,933,179,45670,453251.91,9.06,14.26,2.73,6.98,255.14,9.92,892.45,October,10
2026-10-09 19:00:59.771954,Winter Sale,YouTube,25-34,Female,Chennai,New,120549,9408,3088,297,24487,582293.41,7.8,32.82,3.16,2.6,82.45,23.78,2277.97,October,10
2026-10-09 20:45:50.950190,New Year Offer,YouTube,55+,Other,Hyderabad,Returning,121937,3063,567,149,17332,350287.22,2.51,18.51,4.86,5.66,116.32,20.21,1921.04,October,10
2026-10-09 22:30:42.128425,Diwali Campaign,Google Ads,25-34,Female,Ahmedabad,New,63796,5730,1299,131,27817,276576.07,8.98,22.67,2.29,4.85,212.34,9.94,894.27,October,10
2026-10-10 00:15:33.306661,Festival Campaign,YouTube,35-44,Male,Pune,Returning,108524,6838,2130,607,5890,936281.69,6.3,31.15,8.88,0.86,9.7,158.96,15796.12,October,10
2026-10-10 02:00:24.484896,Festival Campaign,Email,55+,Female,Pune,New,76411,5435,1657,259,38393,318555.33,7.11,30.49,4.77,7.06,148.24,8.3,729.72,October,10
2026-10-10 03:45:15.663132,New Year Offer,Facebook,45-54,Female,Jaipur,New,76732,2799,706,108,8513,235636.88,3.65,25.22,3.86,3.04,78.82,27.68,2667.97,October,10
2026-10-10 05:30:06.841368,Summer Sale,Facebook,18-24,Male,Mumbai,Returning,33398,1661,531,80,11644,201382.58,4.97,31.97,4.82,7.01,145.55,17.29,1629.5,October,10
2026-10-10 07:14:58.019603,Diwali Campaign,Instagram,45-54,Other,Chennai,New,89906,7427,2503,723,34226,442354.24,8.26,33.7,9.73,4.61,47.34,12.92,1192.45,October,10
2026-10-10 08:59:49.197839,Clearance Sale,YouTube,55+,Female,Delhi,New,38517,1531,509,150,37397,217465.85,3.97,33.25,9.8,24.43,249.31,5.82,481.51,October,10
2026-10-10 10:44:40.376075,New Year Offer,Instagram,25-34,Female,Hyderabad,New,104395,2594,451,132,46220,181740.83,2.48,17.39,5.09,17.82,350.15,3.93,293.21,October,10
2026-10-10 12:29:31.554310,Clearance Sale,Facebook,55+,Male,Ahmedabad,New,34564,1522,284,66,26520,125312.69,4.4,18.66,4.34,17.42,401.82,4.73,372.52,October,10
2026-10-10 14:14:22.732546,Monsoon Offer,Facebook,18-24,Other,Kolkata,Returning,135570,2200,318,33,36326,25898.82,1.62,14.45,1.5,16.51,1100.79,0.71,-28.7,October,10
2026-10-10 15:59:13.910782,Product Launch,YouTube,55+,Other,Bangalore,New,121554,9068,2774,457,43838,1294931.68,7.46,30.59,5.04,4.83,95.93,29.54,2853.9,October,10
2026-10-10 17:44:05.089017,Festival Campaign,Email,25-34,Male,Ahmedabad,New,17111,398,44,6,46675,11227.65,2.33,11.06,1.51,117.27,7779.17,0.24,-75.95,October,10
2026-10-10 19:28:56.267253,Clearance Sale,Email,45-54,Male,Nagpur,New,110190,3929,691,162,4068,455119.89,3.57,17.59,4.12,1.04,25.11,111.88,11087.8,October,10
2026-10-10 21:13:47.445489,Winter Sale,YouTube,35-44,Female,Pune,New,141382,12625,1043,196,46714,498301.05,8.93,8.26,1.55,3.7,238.34,10.67,966.71,October,10
2026-10-10 22:58:38.623724,Clearance Sale,YouTube,45-54,Male,Kolkata,New,100480,5892,1417,305,45220,298624.63,5.86,24.05,5.18,7.67,148.26,6.6,560.38,October,10
2026-10-11 00:43:29.801960,Product Launch,Instagram,25-34,Male,Hyderabad,New,111850,4353,1122,91,13962,75607.13,3.89,25.78,2.09,3.21,153.43,5.42,441.52,October,10
2026-10-11 02:28:20.980196,Diwali Campaign,YouTube,25-34,Male,Chennai,New,140874,8352,1229,309,18472,819815.81,5.93,14.72,3.7,2.21,59.78,44.38,4338.15,October,10
2026-10-11 04:13:12.158431,Festival Campaign,Email,18-24,Other,Delhi,New,99937,2962,826,239,41666,439819.88,2.96,27.89,8.07,14.07,174.33,10.56,955.58,October,10
2026-10-11 05:58:03.336667,Monsoon Offer,YouTube,55+,Male,Nagpur,Returning,43264,530,96,21,23986,11536.49,1.23,18.11,3.96,45.26,1142.19,0.48,-51.9,October,10
2026-10-11 07:42:54.514902,New Year Offer,Instagram,55+,Female,Kolkata,Returning,118841,7645,1255,335,10810,949914.9,6.43,16.42,4.38,1.41,32.27,87.87,8687.37,October,10
2026-10-11 09:27:45.693138,Monsoon Offer,Instagram,45-54,Female,Kolkata,Returning,15910,1181,399,73,10996,122827.68,7.42,33.78,6.18,9.31,150.63,11.17,1017.02,October,10
2026-10-11 11:12:36.871374,Product Launch,Instagram,35-44,Female,Pune,New,81020,7225,1726,145,19833,181589.41,8.92,23.89,2.01,2.75,136.78,9.16,815.59,October,10
2026-10-11 12:57:28.049609,Festival Campaign,Instagram,35-44,Male,Mumbai,New,42821,3402,503,149,6639,266932.71,7.94,14.79,4.38,1.95,44.56,40.21,3920.68,October,10
2026-10-11 14:42:19.227845,Clearance Sale,Google Ads,18-24,Other,Nagpur,Returning,124293,11609,4010,372,4913,951314.1,9.34,34.54,3.2,0.42,13.21,193.63,19263.2,October,10
2026-10-11 16:27:10.406081,Diwali Campaign,YouTube,25-34,Male,Pune,Returning,141065,13928,2571,314,46757,243579.8,9.87,18.46,2.25,3.36,148.91,5.21,420.95,October,10
2026-10-11 18:12:01.584316,Summer Sale,Facebook,18-24,Male,Ahmedabad,Returning,42996,3312,844,77,40401,107594.58,7.7,25.48,2.32,12.2,524.69,2.66,166.32,October,10
2026-10-11 19:56:52.762552,Diwali Campaign,YouTube,55+,Female,Nagpur,Returning,100890,8889,2448,532,8328,690092.68,8.81,27.54,5.98,0.94,15.65,82.86,8186.42,October,10
2026-10-11 21:41:43.940788,Summer Sale,Google Ads,25-34,Male,Delhi,New,105765,7470,1449,301,41177,782336.26,7.06,19.4,4.03,5.51,136.8,19.0,1799.94,October,10
2026-10-11 23:26:35.119023,Winter Sale,Instagram,18-24,Other,Bangalore,Returning,35044,889,199,25,30830,61154.2,2.54,22.38,2.81,34.68,1233.2,1.98,98.36,October,10
2026-10-12 01:11:26.297259,Diwali Campaign,Google Ads,45-54,Female,Ahmedabad,New,52809,1391,201,58,40579,87015.09,2.63,14.45,4.17,29.17,699.64,2.14,114.43,October,10
2026-10-12 02:56:17.475495,Festival Campaign,Email,55+,Other,Delhi,Returning,89247,1778,365,102,8327,220444.52,1.99,20.53,5.74,4.68,81.64,26.47,2547.35,October,10
2026-10-12 04:41:08.653730,Summer Sale,Email,35-44,Other,Chennai,New,92481,8773,1438,203,33118,301681.08,9.49,16.39,2.31,3.77,163.14,9.11,810.93,October,10
2026-10-12 06:25:59.831966,New Year Offer,YouTube,18-24,Other,Pune,New,42857,3023,688,154,39229,296955.83,7.05,22.76,5.09,12.98,254.73,7.57,656.98,October,10
2026-10-12 08:10:51.010202,Festival Campaign,YouTube,55+,Male,Delhi,New,48503,3933,1026,275,10533,818960.52,8.11,26.09,6.99,2.68,38.3,77.75,7675.19,October,10
2026-10-12 09:55:42.188437,New Year Offer,Facebook,55+,Male,Mumbai,New,111449,4436,1090,173,4459,318135.96,3.98,24.57,3.9,1.01,25.77,71.35,7034.69,October,10
2026-10-12 11:40:33.366673,Diwali Campaign,Facebook,35-44,Male,Jaipur,Returning,63262,3254,942,127,25866,377372.48,5.14,28.95,3.9,7.95,203.67,14.59,1358.95,October,10
2026-10-12 13:25:24.544908,New Year Offer,Email,35-44,Male,Bangalore,New,108074,1467,133,18,47178,42623.96,1.36,9.07,1.23,32.16,2621.0,0.9,-9.65,October,10
2026-10-12 15:10:15.723144,Summer Sale,Instagram,35-44,Female,Chennai,New,17559,1580,159,41,33411,32874.03,9.0,10.06,2.59,21.15,814.9,0.98,-1.61,October,10
2026-10-12 16:55:06.901380,Festival Campaign,Google Ads,18-24,Male,Kolkata,Returning,46549,4039,547,99,19840,246501.63,8.68,13.54,2.45,4.91,200.4,12.42,1142.45,October,10
2026-10-12 18:39:58.079615,Clearance Sale,Facebook,35-44,Female,Pune,Returning,128755,10381,3593,852,11168,769538.42,8.06,34.61,8.21,1.08,13.11,68.91,6790.57,October,10
2026-10-12 20:24:49.257851,Product Launch,Facebook,45-54,Other,Ahmedabad,Returning,128193,1954,578,128,41298,234345.15,1.52,29.58,6.55,21.14,322.64,5.67,467.45,October,10
2026-10-12 22:09:40.436087,Summer Sale,Instagram,55+,Female,Jaipur,Returning,45159,1159,381,56,3644,113854.33,2.57,32.87,4.83,3.14,65.07,31.24,3024.43,October,10
2026-10-12 23:54:31.614322,Summer Sale,Instagram,35-44,Male,Nagpur,New,69289,2776,426,53,13521,144720.54,4.01,15.35,1.91,4.87,255.11,10.7,970.34,October,10
2026-10-13 01:39:22.792558,Clearance Sale,YouTube,55+,Female,Pune,Returning,88740,2988,702,75,15701,76954.54,3.37,23.49,2.51,5.25,209.35,4.9,390.13,October,10
2026-10-13 03:24:13.970794,Festival Campaign,Google Ads,25-34,Male,Hyderabad,New,12252,1047,240,20,10264,53797.1,8.55,22.92,1.91,9.8,513.2,5.24,424.13,October,10
2026-10-13 05:09:05.149029,Festival Campaign,Instagram,25-34,Male,Pune,Returning,125463,3454,807,78,29786,221226.29,2.75,23.36,2.26,8.62,381.87,7.43,642.72,October,10
2026-10-13 06:53:56.327265,Monsoon Offer,Facebook,35-44,Female,Hyderabad,New,137661,7969,2181,297,24322,214944.36,5.79,27.37,3.73,3.05,81.89,8.84,783.74,October,10
2026-10-13 08:38:47.505501,Diwali Campaign,Facebook,55+,Female,Kolkata,Returning,135645,8331,1552,367,49516,995749.1,6.14,18.63,4.41,5.94,134.92,20.11,1910.96,October,10
2026-10-13 10:23:38.683736,New Year Offer,Email,25-34,Other,Chennai,Returning,17553,846,222,25,8747,28698.75,4.82,26.24,2.96,10.34,349.88,3.28,228.1,October,10
2026-10-13 12:08:29.861972,Diwali Campaign,Instagram,35-44,Other,Bangalore,Returning,77323,2448,716,139,23640,97647.83,3.17,29.25,5.68,9.66,170.07,4.13,313.06,October,10
2026-10-13 13:53:21.040208,Clearance Sale,YouTube,55+,Other,Pune,Returning,129744,12510,1977,264,23734,764659.07,9.64,15.8,2.11,1.9,89.9,32.22,3121.79,October,10
2026-10-13 15:38:12.218443,Diwali Campaign,Google Ads,35-44,Other,Kolkata,New,54810,2587,867,166,28669,245764.45,4.72,33.51,6.42,11.08,172.7,8.57,757.25,October,10
2026-10-13 17:23:03.396679,Clearance Sale,YouTube,55+,Other,Nagpur,Returning,116373,8781,1930,472,5761,971120.54,7.55,21.98,5.38,0.66,12.21,168.57,16756.81,October,10
2026-10-13 19:07:54.574914,Festival Campaign,Facebook,25-34,Female,Jaipur,New,68719,1825,507,70,26257,131752.8,2.66,27.78,3.84,14.39,375.1,5.02,401.78,October,10
2026-10-13 20:52:45.753150,New Year Offer,YouTube,35-44,Other,Mumbai,New,141164,11865,3284,514,17301,530938.77,8.41,27.68,4.33,1.46,33.66,30.69,2968.83,October,10
2026-10-13 22:37:36.931386,Diwali Campaign,Facebook,25-34,Female,Delhi,Returning,39995,1177,273,65,11500,141304.43,2.94,23.19,5.52,9.77,176.92,12.29,1128.73,October,10
2026-10-14 00:22:28.109621,Summer Sale,Facebook,35-44,Other,Kolkata,Returning,142749,10103,1688,337,9017,207351.88,7.08,16.71,3.34,0.89,26.76,23.0,2199.57,October,10
2026-10-14 02:07:19.287857,Winter Sale,Facebook,18-24,Male,Jaipur,New,103778,5768,1500,151,25342,152168.33,5.56,26.01,2.62,4.39,167.83,6.0,500.46,October,10
2026-10-14 03:52:10.466093,Monsoon Offer,Facebook,25-34,Other,Hyderabad,New,31892,739,76,18,9847,51509.87,2.32,10.28,2.44,13.32,547.06,5.23,423.1,October,10
2026-10-14 05:37:01.644328,Product Launch,Facebook,25-34,Male,Kolkata,New,37057,453,156,22,11980,63442.91,1.22,34.44,4.86,26.45,544.55,5.3,429.57,October,10
2026-10-14 07:21:52.822564,Summer Sale,Email,45-54,Female,Nagpur,New,126089,11823,1533,252,19674,430072.77,9.38,12.97,2.13,1.66,78.07,21.86,2086.0,October,10
2026-10-14 09:06:44.000800,Festival Campaign,YouTube,25-34,Other,Kolkata,New,120452,2567,396,53,36197,48902.01,2.13,15.43,2.06,14.1,682.96,1.35,35.1,October,10
2026-10-14 10:51:35.179035,Product Launch,Email,55+,Female,Bangalore,Returning,70753,5196,1754,349,3597,542363.5,7.34,33.76,6.72,0.69,10.31,150.78,14978.22,October,10
2026-10-14 12:36:26.357271,Winter Sale,Email,35-44,Other,Hyderabad,Returning,70275,4830,629,148,43818,398516.21,6.87,13.02,3.06,9.07,296.07,9.09,809.48,October,10
2026-10-14 14:21:17.535507,Winter Sale,Instagram,18-24,Female,Pune,New,127819,5209,655,168,40295,113515.1,4.08,12.57,3.23,7.74,239.85,2.82,181.71,October,10
2026-10-14 16:06:08.713742,New Year Offer,Instagram,55+,Other,Ahmedabad,Returning,85705,2286,679,192,37325,157376.92,2.67,29.7,8.4,16.33,194.4,4.22,321.64,October,10
2026-10-14 17:50:59.891978,Product Launch,Instagram,55+,Other,Mumbai,New,66438,1730,255,40,26173,109565.28,2.6,14.74,2.31,15.13,654.33,4.19,318.62,October,10
2026-10-14 19:35:51.070214,New Year Offer,Google Ads,55+,Male,Pune,Returning,110102,6901,728,207,27439,318460.91,6.27,10.55,3.0,3.98,132.56,11.61,1060.61,October,10
2026-10-14 21:20:42.248449,Summer Sale,Instagram,55+,Female,Delhi,New,67314,3986,562,121,36440,85746.23,5.92,14.1,3.04,9.14,301.16,2.35,135.31,October,10
2026-10-14 23:05:33.426685,Clearance Sale,YouTube,18-24,Female,Kolkata,Returning,40740,3619,1157,191,38622,161972.33,8.88,31.97,5.28,10.67,202.21,4.19,319.38,October,10
2026-10-15 00:50:24.604920,Clearance Sale,Email,45-54,Female,Chennai,Returning,148123,10013,1558,428,20962,1158219.55,6.76,15.56,4.27,2.09,48.98,55.25,5425.33,October,10
2026-10-15 02:35:15.783156,Clearance Sale,YouTube,25-34,Female,Kolkata,New,66010,5527,1479,306,20816,527929.08,8.37,26.76,5.54,3.77,68.03,25.36,2436.17,October,10
2026-10-15 04:20:06.961392,Product Launch,Instagram,55+,Female,Hyderabad,Returning,135871,1755,327,58,41289,52634.17,1.29,18.63,3.3,23.53,711.88,1.27,27.48,October,10
2026-10-15 06:04:58.139627,Clearance Sale,Google Ads,25-34,Male,Bangalore,New,118159,8317,1253,103,11232,281720.39,7.04,15.07,1.24,1.35,109.05,25.08,2408.19,October,10
2026-10-15 07:49:49.317863,Summer Sale,Google Ads,25-34,Other,Kolkata,New,20589,638,75,17,7479,44424.35,3.1,11.76,2.66,11.72,439.94,5.94,493.99,October,10
2026-10-15 09:34:40.496099,New Year Offer,Email,55+,Male,Delhi,Returning,21395,700,239,23,22317,12823.84,3.27,34.14,3.29,31.88,970.3,0.57,-42.54,October,10
2026-10-15 11:19:31.674334,Product Launch,YouTube,45-54,Female,Nagpur,New,76134,5698,1257,180,20698,351445.55,7.48,22.06,3.16,3.63,114.99,16.98,1597.97,October,10
2026-10-15 13:04:22.852570,New Year Offer,Facebook,25-34,Female,Kolkata,Returning,96491,7855,871,253,40046,281042.93,8.14,11.09,3.22,5.1,158.28,7.02,601.8,October,10
2026-10-15 14:49:14.030806,Product Launch,YouTube,35-44,Other,Pune,Returning,131656,5721,764,87,26291,159457.04,4.35,13.35,1.52,4.6,302.2,6.07,506.51,October,10
2026-10-15 16:34:05.209041,New Year Offer,Instagram,25-34,Male,Ahmedabad,New,98096,7956,1511,224,37663,268390.27,8.11,18.99,2.82,4.73,168.14,7.13,612.61,October,10
2026-10-15 18:18:56.387277,Winter Sale,Facebook,55+,Other,Chennai,Returning,33426,1669,378,107,49678,137996.91,4.99,22.65,6.41,29.77,464.28,2.78,177.78,October,10
2026-10-15 20:03:47.565513,New Year Offer,Google Ads,18-24,Other,Delhi,New,133267,11619,1499,231,14488,463069.84,8.72,12.9,1.99,1.25,62.72,31.96,3096.23,October,10
2026-10-15 21:48:38.743748,Clearance Sale,Email,25-34,Male,Delhi,New,120128,1470,227,34,8404,62803.03,1.22,15.44,2.31,5.72,247.18,7.47,647.3,October,10
2026-10-15 23:33:29.921984,Winter Sale,Email,45-54,Other,Hyderabad,Returning,53463,936,272,60,44294,89278.86,1.75,29.06,6.41,47.32,738.23,2.02,101.56,October,10
2026-10-16 01:18:21.100220,New Year Offer,Google Ads,35-44,Male,Delhi,New,81249,6489,1250,136,15425,104573.11,7.99,19.26,2.1,2.38,113.42,6.78,577.95,October,10
2026-10-16 03:03:12.278455,Product Launch,Instagram,35-44,Male,Chennai,Returning,50079,3313,266,78,8593,228037.66,6.62,8.03,2.35,2.59,110.17,26.54,2553.76,October,10
2026-10-16 04:48:03.456691,Product Launch,Google Ads,18-24,Female,Pune,Returning,134805,8130,768,107,48543,100206.98,6.03,9.45,1.32,5.97,453.67,2.06,106.43,October,10
2026-10-16 06:32:54.634926,Monsoon Offer,Instagram,18-24,Other,Ahmedabad,New,81447,5315,1055,266,5676,554022.97,6.53,19.85,5.0,1.07,21.34,97.61,9660.8,October,10
2026-10-16 08:17:45.813162,Product Launch,Facebook,25-34,Female,Jaipur,Returning,145026,13591,1307,187,27476,132183.18,9.37,9.62,1.38,2.02,146.93,4.81,381.09,October,10
2026-10-16 10:02:36.991398,Festival Campaign,Google Ads,55+,Other,Kolkata,New,118123,8150,1034,145,8265,322013.4,6.9,12.69,1.78,1.01,57.0,38.96,3796.11,October,10
2026-10-16 11:47:28.169633,Summer Sale,Instagram,45-54,Other,Delhi,New,139247,9506,2628,243,32569,179115.17,6.83,27.65,2.56,3.43,134.03,5.5,449.96,October,10
2026-10-16 13:32:19.347869,Product Launch,Facebook,35-44,Female,Nagpur,New,106411,8337,1748,185,45493,198647.61,7.83,20.97,2.22,5.46,245.91,4.37,336.66,October,10
2026-10-16 15:17:10.526105,Winter Sale,Google Ads,18-24,Female,Bangalore,New,65331,5748,1208,235,20492,497603.8,8.8,21.02,4.09,3.57,87.2,24.28,2328.28,October,10
2026-10-16 17:02:01.704340,Monsoon Offer,Email,45-54,Female,Nagpur,Returning,28440,954,230,47,39629,56744.89,3.35,24.11,4.93,41.54,843.17,1.43,43.19,October,10
2026-10-16 18:46:52.882576,Product Launch,Google Ads,55+,Male,Pune,New,68407,4481,1312,340,24512,622923.19,6.55,29.28,7.59,5.47,72.09,25.41,2441.3,October,10
2026-10-16 20:31:44.060812,Festival Campaign,YouTube,35-44,Other,Jaipur,New,40898,2558,314,29,7954,23526.64,6.25,12.28,1.13,3.11,274.28,2.96,195.78,October,10
2026-10-16 22:16:35.239047,Clearance Sale,Google Ads,35-44,Male,Hyderabad,New,131332,2907,368,58,4112,58348.08,2.21,12.66,2.0,1.41,70.9,14.19,1318.97,October,10
2026-10-17 00:01:26.417283,Winter Sale,YouTube,55+,Other,Pune,Returning,55428,3149,355,44,4112,102715.35,5.68,11.27,1.4,1.31,93.45,24.98,2397.94,October,10
2026-10-17 01:46:17.595519,Festival Campaign,Facebook,35-44,Other,Nagpur,Returning,25427,413,137,21,46226,12344.79,1.62,33.17,5.08,111.93,2201.24,0.27,-73.29,October,10
2026-10-17 03:31:08.773754,Clearance Sale,Google Ads,55+,Male,Chennai,New,109751,2924,689,108,19733,84186.06,2.66,23.56,3.69,6.75,182.71,4.27,326.63,October,10
2026-10-17 05:15:59.951990,Diwali Campaign,Facebook,35-44,Male,Kolkata,Returning,55419,5107,536,84,39730,87140.76,9.22,10.5,1.64,7.78,472.98,2.19,119.33,October,10
2026-10-17 07:00:51.130226,Diwali Campaign,Facebook,25-34,Other,Pune,Returning,97490,2021,282,41,21307,22569.53,2.07,13.95,2.03,10.54,519.68,1.06,5.93,October,10
2026-10-17 08:45:42.308461,Winter Sale,Instagram,55+,Female,Mumbai,New,89363,5549,1531,379,48460,279871.32,6.21,27.59,6.83,8.73,127.86,5.78,477.53,October,10
2026-10-17 10:30:33.486697,New Year Offer,Facebook,45-54,Female,Kolkata,New,84501,3305,290,67,27443,80633.07,3.91,8.77,2.03,8.3,409.6,2.94,193.82,October,10
2026-10-17 12:15:24.664932,Summer Sale,Facebook,25-34,Female,Mumbai,Returning,108632,6515,1797,278,26712,203577.63,6.0,27.58,4.27,4.1,96.09,7.62,662.12,October,10
2026-10-17 14:00:15.843168,Monsoon Offer,Google Ads,45-54,Female,Delhi,Returning,18985,591,192,21,3042,55971.27,3.11,32.49,3.55,5.15,144.86,18.4,1739.95,October,10
2026-10-17 15:45:07.021404,Summer Sale,Google Ads,35-44,Other,Bangalore,Returning,147045,7351,699,135,47505,89799.9,5.0,9.51,1.84,6.46,351.89,1.89,89.03,October,10
2026-10-17 17:29:58.199639,Festival Campaign,Email,45-54,Female,Pune,New,76673,6751,879,248,8877,657809.89,8.8,13.02,3.67,1.31,35.79,74.1,7310.27,October,10
2026-10-17 19:14:49.377875,Clearance Sale,Instagram,25-34,Female,Kolkata,Returning,112776,4946,398,42,29881,107400.31,4.39,8.05,0.85,6.04,711.45,3.59,259.43,October,10
2026-10-17 20:59:40.556111,Summer Sale,Facebook,55+,Female,Hyderabad,Returning,66718,2786,304,74,8974,55640.89,4.18,10.91,2.66,3.22,121.27,6.2,520.02,October,10
2026-10-17 22:44:31.734346,Clearance Sale,Instagram,18-24,Other,Mumbai,Returning,111578,5595,1379,292,18518,164389.66,5.01,24.65,5.22,3.31,63.42,8.88,787.73,October,10
2026-10-18 00:29:22.912582,Clearance Sale,YouTube,45-54,Male,Ahmedabad,Returning,78809,1500,138,28,18491,17499.44,1.9,9.2,1.87,12.33,660.39,0.95,-5.36,October,10
2026-10-18 02:14:14.090818,Festival Campaign,Facebook,18-24,Female,Nagpur,New,32627,1463,285,81,35344,160051.56,4.48,19.48,5.54,24.16,436.35,4.53,352.84,October,10
2026-10-18 03:59:05.269053,Festival Campaign,Instagram,45-54,Other,Kolkata,New,62621,665,143,41,16356,89211.25,1.06,21.5,6.17,24.6,398.93,5.45,445.43,October,10
2026-10-18 05:43:56.447289,Festival Campaign,Email,45-54,Other,Bangalore,New,107729,5958,1935,258,47352,529321.44,5.53,32.48,4.33,7.95,183.53,11.18,1017.84,October,10
2026-10-18 07:28:47.625525,Summer Sale,Email,55+,Female,Pune,Returning,25151,2170,451,116,49069,215028.29,8.63,20.78,5.35,22.61,423.01,4.38,338.22,October,10
2026-10-18 09:13:38.803760,Diwali Campaign,Facebook,35-44,Male,Kolkata,New,85691,5114,605,131,49273,122709.04,5.97,11.83,2.56,9.63,376.13,2.49,149.04,October,10
2026-10-18 10:58:29.981996,Festival Campaign,YouTube,25-34,Male,Pune,Returning,98484,6371,1007,171,33213,445007.79,6.47,15.81,2.68,5.21,194.23,13.4,1239.86,October,10
2026-10-18 12:43:21.160232,Monsoon Offer,Email,25-34,Male,Chennai,Returning,80172,1022,267,60,15817,79133.24,1.27,26.13,5.87,15.48,263.62,5.0,400.3,October,10
2026-10-18 14:28:12.338467,Summer Sale,Email,25-34,Other,Mumbai,New,107185,9363,1032,299,14560,886668.2,8.74,11.02,3.19,1.56,48.7,60.9,5989.75,October,10
2026-10-18 16:13:03.516703,Festival Campaign,YouTube,35-44,Female,Kolkata,Returning,119242,5324,759,147,18860,214935.24,4.46,14.26,2.76,3.54,128.3,11.4,1039.64,October,10
2026-10-18 17:57:54.694938,Product Launch,Instagram,18-24,Female,Kolkata,Returning,47236,4616,1610,461,19896,533613.08,9.77,34.88,9.99,4.31,43.16,26.82,2582.01,October,10
2026-10-18 19:42:45.873174,Clearance Sale,Email,25-34,Other,Bangalore,Returning,11042,230,18,3,25497,8206.88,2.08,7.83,1.3,110.86,8499.0,0.32,-67.81,October,10
2026-10-18 21:27:37.051410,Monsoon Offer,Google Ads,18-24,Female,Bangalore,New,112035,10645,1288,239,19566,458529.96,9.5,12.1,2.25,1.84,81.87,23.44,2243.5,October,10
2026-10-18 23:12:28.229645,Festival Campaign,Email,35-44,Female,Nagpur,New,118069,7920,2437,540,19258,1244498.09,6.71,30.77,6.82,2.43,35.66,64.62,6362.24,October,10
2026-10-19 00:57:19.407881,Winter Sale,Instagram,35-44,Male,Hyderabad,New,82838,1218,130,27,37869,41066.92,1.47,10.67,2.22,31.09,1402.56,1.08,8.44,October,10
2026-10-19 02:42:10.586117,Clearance Sale,Instagram,55+,Female,Pune,New,125148,12196,1086,187,45064,508133.0,9.75,8.9,1.53,3.69,240.98,11.28,1027.58,October,10
2026-10-19 04:27:01.764352,Clearance Sale,Facebook,25-34,Female,Jaipur,New,70650,794,89,18,19543,50297.63,1.12,11.21,2.27,24.61,1085.72,2.57,157.37,October,10
2026-10-19 06:11:52.942588,Festival Campaign,Google Ads,55+,Other,Nagpur,New,143374,10862,2903,681,33679,1084099.11,7.58,26.73,6.27,3.1,49.46,32.19,3118.92,October,10
2026-10-19 07:56:44.120824,Diwali Campaign,Instagram,25-34,Other,Bangalore,New,52311,4711,1640,433,47417,477083.55,9.01,34.81,9.19,10.07,109.51,10.06,906.14,October,10
2026-10-19 09:41:35.299059,New Year Offer,YouTube,35-44,Male,Jaipur,New,141433,3652,874,128,8568,271254.84,2.58,23.93,3.5,2.35,66.94,31.66,3065.91,October,10
2026-10-19 11:26:26.477295,Diwali Campaign,Google Ads,35-44,Other,Delhi,New,48261,1973,224,18,44697,51956.3,4.09,11.35,0.91,22.65,2483.17,1.16,16.24,October,10
2026-10-19 13:11:17.655531,Festival Campaign,Google Ads,45-54,Male,Jaipur,New,131834,7977,1033,207,46271,425616.04,6.05,12.95,2.59,5.8,223.53,9.2,819.83,October,10
2026-10-19 14:56:08.833766,Clearance Sale,YouTube,45-54,Male,Mumbai,Returning,27171,1934,435,81,22052,233730.04,7.12,22.49,4.19,11.4,272.25,10.6,959.9,October,10
2026-10-19 16:41:00.012002,Monsoon Offer,Email,35-44,Female,Kolkata,New,51226,4531,1237,113,47013,153625.75,8.85,27.3,2.49,10.38,416.04,3.27,226.77,October,10
2026-10-19 18:25:51.190238,Winter Sale,YouTube,35-44,Male,Bangalore,Returning,39327,3087,799,175,39148,487847.09,7.85,25.88,5.67,12.68,223.7,12.46,1146.16,October,10
2026-10-19 20:10:42.368473,Monsoon Offer,YouTube,18-24,Female,Kolkata,Returning,80628,3442,809,232,22499,181288.76,4.27,23.5,6.74,6.54,96.98,8.06,705.76,October,10
2026-10-19 21:55:33.546709,Monsoon Offer,Email,18-24,Male,Nagpur,New,92473,7763,2688,452,27776,631482.89,8.39,34.63,5.82,3.58,61.45,22.73,2173.48,October,10
2026-10-19 23:40:24.724944,Clearance Sale,Email,55+,Other,Chennai,New,74223,7195,960,265,4307,460087.19,9.69,13.34,3.68,0.6,16.25,106.82,10582.31,October,10
2026-10-20 01:25:15.903180,Diwali Campaign,Email,45-54,Other,Bangalore,Returning,85315,2596,328,84,13386,179153.17,3.04,12.63,3.24,5.16,159.36,13.38,1238.36,October,10
2026-10-20 03:10:07.081416,Winter Sale,Email,45-54,Other,Bangalore,New,114755,1912,596,68,24943,84003.67,1.67,31.17,3.56,13.05,366.81,3.37,236.78,October,10
2026-10-20 04:54:58.259651,Summer Sale,Email,35-44,Male,Ahmedabad,New,73624,3563,564,142,14667,399104.95,4.84,15.83,3.99,4.12,103.29,27.21,2621.11,October,10
2026-10-20 06:39:49.437887,Product Launch,YouTube,35-44,Male,Kolkata,Returning,105650,9437,1602,310,24190,855209.56,8.93,16.98,3.28,2.56,78.03,35.35,3435.38,October,10
2026-10-20 08:24:40.616123,Clearance Sale,Facebook,55+,Female,Bangalore,New,44281,1041,237,66,12961,164890.54,2.35,22.77,6.34,12.45,196.38,12.72,1172.21,October,10
2026-10-20 10:09:31.794358,Festival Campaign,Facebook,45-54,Female,Chennai,New,69270,6215,1136,138,22639,108455.07,8.97,18.28,2.22,3.64,164.05,4.79,379.06,October,10
2026-10-20 11:54:22.972594,Summer Sale,Instagram,18-24,Female,Chennai,Returning,99345,9864,1555,167,38362,116186.47,9.93,15.76,1.69,3.89,229.71,3.03,202.87,October,10
2026-10-20 13:39:14.150830,Product Launch,Facebook,25-34,Female,Mumbai,Returning,31735,471,154,20,20616,34906.57,1.48,32.7,4.25,43.77,1030.8,1.69,69.32,October,10
2026-10-20 15:24:05.329065,Festival Campaign,Facebook,55+,Male,Pune,Returning,119899,6543,751,69,7967,166521.8,5.46,11.48,1.05,1.22,115.46,20.9,1990.14,October,10
2026-10-20 17:08:56.507301,Monsoon Offer,YouTube,25-34,Male,Bangalore,New,103173,4085,772,116,44534,93738.41,3.96,18.9,2.84,10.9,383.91,2.1,110.49,October,10
2026-10-20 18:53:47.685537,New Year Offer,Email,18-24,Female,Chennai,Returning,148077,6727,543,77,19465,161976.71,4.54,8.07,1.14,2.89,252.79,8.32,732.14,October,10
2026-10-20 20:38:38.863772,Festival Campaign,Email,18-24,Male,Chennai,New,67564,3421,1019,174,44245,316617.1,5.06,29.79,5.09,12.93,254.28,7.16,615.6,October,10
2026-10-20 22:23:30.042008,Winter Sale,YouTube,25-34,Male,Mumbai,New,61496,4708,590,107,15182,247702.17,7.66,12.53,2.27,3.22,141.89,16.32,1531.55,October,10
2026-10-21 00:08:21.220244,Winter Sale,Facebook,55+,Male,Ahmedabad,New,39898,2522,728,81,22929,128663.48,6.32,28.87,3.21,9.09,283.07,5.61,461.14,October,10
2026-10-21 01:53:12.398479,New Year Offer,YouTube,25-34,Male,Pune,Returning,126659,12223,1468,317,25830,707937.55,9.65,12.01,2.59,2.11,81.48,27.41,2640.76,October,10
2026-10-21 03:38:03.576715,Summer Sale,Instagram,55+,Female,Hyderabad,New,112742,4503,866,111,23685,99791.41,3.99,19.23,2.47,5.26,213.38,4.21,321.33,October,10
2026-10-21 05:22:54.754950,Product Launch,Email,55+,Female,Bangalore,New,121184,7117,1968,210,19478,217661.99,5.87,27.65,2.95,2.74,92.75,11.17,1017.48,October,10
2026-10-21 07:07:45.933186,Festival Campaign,Google Ads,35-44,Male,Hyderabad,Returning,55024,4577,700,165,33071,455125.3,8.32,15.29,3.6,7.23,200.43,13.76,1276.21,October,10
2026-10-21 08:52:37.111422,Winter Sale,Instagram,45-54,Other,Hyderabad,Returning,39378,1715,282,23,35904,30439.07,4.36,16.44,1.34,20.94,1561.04,0.85,-15.22,October,10
2026-10-21 10:37:28.289657,Summer Sale,Instagram,45-54,Female,Nagpur,New,122591,6359,1654,266,18988,788361.37,5.19,26.01,4.18,2.99,71.38,41.52,4051.89,October,10
2026-10-21 12:22:19.467893,New Year Offer,YouTube,18-24,Female,Ahmedabad,Returning,129849,9303,1215,135,34422,83094.05,7.16,13.06,1.45,3.7,254.98,2.41,141.4,October,10
2026-10-21 14:07:10.646129,Diwali Campaign,Facebook,35-44,Other,Nagpur,New,103638,9064,3054,837,13441,1456120.14,8.75,33.69,9.23,1.48,16.06,108.33,10733.42,October,10
2026-10-21 15:52:01.824364,Clearance Sale,Email,45-54,Female,Kolkata,New,88580,4199,549,143,32614,187682.91,4.74,13.07,3.41,7.77,228.07,5.75,475.47,October,10
2026-10-21 17:36:53.002600,Diwali Campaign,Google Ads,55+,Other,Jaipur,New,143507,8305,2346,218,18609,651800.95,5.79,28.25,2.62,2.24,85.36,35.03,3402.61,October,10
2026-10-21 19:21:44.180836,Diwali Campaign,Instagram,55+,Other,Mumbai,Returning,119470,11679,3465,696,6670,2070660.48,9.78,29.67,5.96,0.57,9.58,310.44,30944.39,October,10
2026-10-21 21:06:35.359071,Winter Sale,Google Ads,25-34,Male,Chennai,Returning,144458,1996,361,52,12537,56581.63,1.38,18.09,2.61,6.28,241.1,4.51,351.32,October,10
2026-10-21 22:51:26.537307,Monsoon Offer,Facebook,25-34,Female,Chennai,New,55503,2794,341,41,24028,47893.83,5.03,12.2,1.47,8.6,586.05,1.99,99.33,October,10
2026-10-22 00:36:17.715543,Monsoon Offer,Facebook,55+,Other,Pune,New,118312,7955,992,147,12191,349004.54,6.72,12.47,1.85,1.53,82.93,28.63,2762.8,October,10
2026-10-22 02:21:08.893778,New Year Offer,Google Ads,55+,Male,Ahmedabad,New,126465,1360,470,121,30813,329626.52,1.08,34.56,8.9,22.66,254.65,10.7,969.76,October,10
2026-10-22 04:06:00.072014,Festival Campaign,Email,25-34,Female,Chennai,New,82939,5284,1457,135,12216,291497.73,6.37,27.57,2.55,2.31,90.49,23.86,2286.2,October,10
2026-10-22 05:50:51.250250,Monsoon Offer,Facebook,45-54,Male,Nagpur,Returning,78475,1181,237,52,17255,138412.16,1.5,20.07,4.4,14.61,331.83,8.02,702.16,October,10
2026-10-22 07:35:42.428485,Diwali Campaign,Google Ads,18-24,Male,Jaipur,Returning,92758,8086,1208,339,24841,223140.36,8.72,14.94,4.19,3.07,73.28,8.98,798.27,October,10
2026-10-22 09:20:33.606721,Monsoon Offer,Instagram,25-34,Other,Nagpur,Returning,130413,10777,917,163,15578,342515.36,8.26,8.51,1.51,1.45,95.57,21.99,2098.71,October,10
2026-10-22 11:05:24.784956,Diwali Campaign,Google Ads,45-54,Female,Hyderabad,Returning,96679,1247,325,90,23550,202538.45,1.29,26.06,7.22,18.89,261.67,8.6,760.04,October,10
2026-10-22 12:50:15.963192,Product Launch,Google Ads,45-54,Male,Kolkata,Returning,64012,921,311,86,7203,83918.6,1.44,33.77,9.34,7.82,83.76,11.65,1065.05,October,10
2026-10-22 14:35:07.141428,Winter Sale,YouTube,45-54,Other,Chennai,New,144210,11223,1221,261,37601,638125.56,7.78,10.88,2.33,3.35,144.07,16.97,1597.1,October,10
2026-10-22 16:19:58.319663,Winter Sale,Facebook,35-44,Other,Hyderabad,Returning,12752,551,156,28,8384,80098.56,4.32,28.31,5.08,15.22,299.43,9.55,855.37,October,10
2026-10-22 18:04:49.497899,Festival Campaign,Email,35-44,Male,Chennai,New,35765,2208,267,64,38018,175674.64,6.17,12.09,2.9,17.22,594.03,4.62,362.08,October,10
2026-10-22 19:49:40.676135,Monsoon Offer,Email,45-54,Male,Bangalore,New,121193,4160,1222,344,23018,382671.98,3.43,29.38,8.27,5.53,66.91,16.62,1562.49,October,10
2026-10-22 21:34:31.854370,Monsoon Offer,YouTube,55+,Other,Delhi,Returning,10837,277,49,11,29074,14409.8,2.56,17.69,3.97,104.96,2643.09,0.5,-50.44,October,10
2026-10-22 23:19:23.032606,Clearance Sale,Email,35-44,Male,Mumbai,Returning,104010,3811,1037,130,9119,227373.69,3.66,27.21,3.41,2.39,70.15,24.93,2393.41,October,10
2026-10-23 01:04:14.210842,Summer Sale,Google Ads,25-34,Male,Mumbai,New,137977,4443,1466,381,19952,341339.03,3.22,33.0,8.58,4.49,52.37,17.11,1610.8,October,10
2026-10-23 02:49:05.389077,Product Launch,YouTube,35-44,Female,Chennai,New,66997,3373,834,241,40969,695256.78,5.03,24.73,7.14,12.15,170.0,16.97,1597.03,October,10
2026-10-23 04:33:56.567313,Winter Sale,Instagram,55+,Other,Jaipur,New,99608,7689,2526,430,31835,388716.38,7.72,32.85,5.59,4.14,74.03,12.21,1121.03,October,10
2026-10-23 06:18:47.745549,Product Launch,Facebook,18-24,Male,Ahmedabad,Returning,113510,6796,974,227,24409,545607.53,5.99,14.33,3.34,3.59,107.53,22.35,2135.27,October,10
2026-10-23 08:03:38.923784,Winter Sale,Facebook,35-44,Other,Pune,Returning,131907,8551,2942,570,20676,771535.12,6.48,34.41,6.67,2.42,36.27,37.32,3631.55,October,10
2026-10-23 09:48:30.102020,Product Launch,Facebook,45-54,Female,Jaipur,Returning,70594,3692,1165,121,32878,234050.54,5.23,31.55,3.28,8.91,271.72,7.12,611.88,October,10
2026-10-23 11:33:21.280256,New Year Offer,Google Ads,45-54,Other,Ahmedabad,Returning,95269,3737,407,63,7275,38929.88,3.92,10.89,1.69,1.95,115.48,5.35,435.12,October,10
2026-10-23 13:18:12.458491,Diwali Campaign,Instagram,45-54,Other,Jaipur,New,111614,2557,490,56,35733,56701.66,2.29,19.16,2.19,13.97,638.09,1.59,58.68,October,10
2026-10-23 15:03:03.636727,Winter Sale,YouTube,18-24,Other,Bangalore,Returning,47448,1988,656,149,10963,240035.74,4.19,33.0,7.49,5.51,73.58,21.9,2089.51,October,10
2026-10-23 16:47:54.814962,Product Launch,YouTube,55+,Female,Jaipur,New,112979,7893,797,165,5645,361841.38,6.99,10.1,2.09,0.72,34.21,64.1,6309.94,October,10
2026-10-23 18:32:45.993198,Monsoon Offer,Facebook,25-34,Female,Pune,Returning,88340,6717,1360,118,44431,288380.77,7.6,20.25,1.76,6.61,376.53,6.49,549.05,October,10
2026-10-23 20:17:37.171434,Summer Sale,Instagram,55+,Other,Mumbai,Returning,91746,4791,1319,123,10837,70768.21,5.22,27.53,2.57,2.26,88.11,6.53,553.02,October,10
2026-10-23 22:02:28.349669,New Year Offer,Instagram,18-24,Other,Jaipur,Returning,149384,10165,904,124,18404,109271.97,6.8,8.89,1.22,1.81,148.42,5.94,493.74,October,10
2026-10-23 23:47:19.527905,New Year Offer,Instagram,45-54,Female,Nagpur,New,64994,1881,532,129,28107,299857.84,2.89,28.28,6.86,14.94,217.88,10.67,966.84,October,10
2026-10-24 01:32:10.706141,Summer Sale,Email,55+,Male,Ahmedabad,New,95765,8370,1485,160,45949,405222.17,8.74,17.74,1.91,5.49,287.18,8.82,781.9,October,10
2026-10-24 03:17:01.884376,Product Launch,Email,25-34,Female,Kolkata,Returning,12884,1132,166,20,34150,21828.58,8.79,14.66,1.77,30.17,1707.5,0.64,-36.08,October,10
2026-10-24 05:01:53.062612,Monsoon Offer,Facebook,45-54,Other,Ahmedabad,New,119113,4625,1089,304,10525,326536.32,3.88,23.55,6.57,2.28,34.62,31.02,3002.48,October,10
2026-10-24 06:46:44.240848,Festival Campaign,Instagram,25-34,Male,Mumbai,New,30522,1809,410,82,45042,59046.04,5.93,22.66,4.53,24.9,549.29,1.31,31.09,October,10
2026-10-24 08:31:35.419083,Summer Sale,Instagram,35-44,Male,Jaipur,Returning,15623,1009,318,68,28550,59549.98,6.46,31.52,6.74,28.3,419.85,2.09,108.58,October,10
2026-10-24 10:16:26.597319,Product Launch,YouTube,25-34,Male,Nagpur,Returning,21460,1127,295,53,40087,27562.11,5.25,26.18,4.7,35.57,756.36,0.69,-31.24,October,10
2026-10-24 12:01:17.775555,Summer Sale,YouTube,45-54,Female,Jaipur,New,20234,1861,360,52,9953,102678.06,9.2,19.34,2.79,5.35,191.4,10.32,931.63,October,10
2026-10-24 13:46:08.953790,Summer Sale,Facebook,35-44,Female,Jaipur,Returning,56905,4357,1113,150,31730,413959.25,7.66,25.55,3.44,7.28,211.53,13.05,1204.63,October,10
2026-10-24 15:31:00.132026,Winter Sale,Instagram,45-54,Female,Chennai,New,141454,9976,2818,590,40895,515624.75,7.05,28.25,5.91,4.1,69.31,12.61,1160.85,October,10
2026-10-24 17:15:51.310262,Product Launch,Facebook,45-54,Female,Bangalore,New,125492,7128,2374,435,24304,1034694.98,5.68,33.31,6.1,3.41,55.87,42.57,4157.3,October,10
2026-10-24 19:00:42.488497,Festival Campaign,YouTube,35-44,Other,Pune,Returning,48353,852,230,38,32077,73497.58,1.76,27.0,4.46,37.65,844.13,2.29,129.13,October,10
2026-10-24 20:45:33.666733,Diwali Campaign,YouTube,25-34,Male,Bangalore,New,44985,886,200,46,41739,131091.02,1.97,22.57,5.19,47.11,907.37,3.14,214.07,October,10
2026-10-24 22:30:24.844968,Winter Sale,Email,18-24,Other,Kolkata,Returning,52255,1928,348,58,31119,144727.77,3.69,18.05,3.01,16.14,536.53,4.65,365.08,October,10
2026-10-25 00:15:16.023204,Summer Sale,Facebook,18-24,Female,Mumbai,New,99197,2880,923,81,44343,213177.63,2.9,32.05,2.81,15.4,547.44,4.81,380.75,October,10
2026-10-25 02:00:07.201440,Diwali Campaign,Facebook,18-24,Female,Jaipur,New,71590,6853,2014,533,27987,1118156.92,9.57,29.39,7.78,4.08,52.51,39.95,3895.27,October,10
2026-10-25 03:44:58.379675,Clearance Sale,Instagram,18-24,Other,Delhi,New,131282,6154,620,93,9038,235135.65,4.69,10.07,1.51,1.47,97.18,26.02,2501.63,October,10
2026-10-25 05:29:49.557911,Diwali Campaign,Instagram,55+,Male,Bangalore,New,57883,5145,1383,398,5775,548115.16,8.89,26.88,7.74,1.12,14.51,94.91,9391.17,October,10
2026-10-25 07:14:40.736147,Summer Sale,Email,18-24,Male,Hyderabad,New,61566,5148,1160,317,10477,324146.44,8.36,22.53,6.16,2.04,33.05,30.94,2993.89,October,10
2026-10-25 08:59:31.914382,Summer Sale,Google Ads,35-44,Female,Delhi,New,10650,885,95,12,9374,33375.6,8.31,10.73,1.36,10.59,781.17,3.56,256.04,October,10
2026-10-25 10:44:23.092618,Monsoon Offer,Google Ads,18-24,Female,Bangalore,Returning,31299,920,213,62,5283,144822.06,2.94,23.15,6.74,5.74,85.21,27.41,2641.28,October,10
2026-10-25 12:29:14.270854,Product Launch,Google Ads,45-54,Female,Hyderabad,New,36862,1852,244,65,20046,47239.22,5.02,13.17,3.51,10.82,308.4,2.36,135.65,October,10
2026-10-25 14:14:05.449089,Product Launch,Facebook,18-24,Female,Mumbai,New,26312,1016,275,81,16891,216049.18,3.86,27.07,7.97,16.62,208.53,12.79,1179.08,October,10
2026-10-25 15:58:56.627325,Winter Sale,Facebook,25-34,Male,Jaipur,New,20943,2038,316,72,23525,98802.71,9.73,15.51,3.53,11.54,326.74,4.2,319.99,October,10
2026-10-25 17:43:47.805561,Festival Campaign,YouTube,35-44,Other,Nagpur,Returning,78734,7000,844,240,44181,298966.67,8.89,12.06,3.43,6.31,184.09,6.77,576.69,October,10
2026-10-25 19:28:38.983796,Winter Sale,Facebook,35-44,Male,Nagpur,New,135560,4404,449,104,3751,214061.53,3.25,10.2,2.36,0.85,36.07,57.07,5606.79,October,10
2026-10-25 21:13:30.162032,New Year Offer,Facebook,55+,Other,Bangalore,New,62879,2403,510,136,17491,261323.54,3.82,21.22,5.66,7.28,128.61,14.94,1394.05,October,10
2026-10-25 22:58:21.340268,Summer Sale,Facebook,45-54,Female,Jaipur,New,129652,7468,999,214,30742,394967.35,5.76,13.38,2.87,4.12,143.65,12.85,1184.78,October,10
2026-10-26 00:43:12.518503,Diwali Campaign,Email,35-44,Female,Bangalore,Returning,144078,5053,1570,446,38922,507188.06,3.51,31.07,8.83,7.7,87.27,13.03,1203.09,October,10
2026-10-26 02:28:03.696739,Clearance Sale,Facebook,25-34,Other,Mumbai,Returning,71876,6052,489,94,42486,272546.83,8.42,8.08,1.55,7.02,451.98,6.41,541.5,October,10
2026-10-26 04:12:54.874974,Summer Sale,Instagram,18-24,Female,Hyderabad,Returning,18505,1549,476,115,46096,330659.77,8.37,30.73,7.42,29.76,400.83,7.17,617.33,October,10
2026-10-26 05:57:46.053210,Summer Sale,Instagram,35-44,Male,Jaipur,New,30498,2293,506,142,27228,72477.58,7.52,22.07,6.19,11.87,191.75,2.66,166.19,October,10
2026-10-26 07:42:37.231446,Winter Sale,YouTube,25-34,Female,Delhi,New,117679,8477,2788,482,34628,648082.29,7.2,32.89,5.69,4.08,71.84,18.72,1771.56,October,10
2026-10-26 09:27:28.409681,Clearance Sale,Email,18-24,Female,Hyderabad,New,147675,8750,1183,101,21757,62001.04,5.93,13.52,1.15,2.49,215.42,2.85,184.97,October,10
2026-10-26 11:12:19.587917,Clearance Sale,Instagram,55+,Female,Delhi,Returning,34744,1432,154,16,13525,42009.95,4.12,10.75,1.12,9.44,845.31,3.11,210.61,October,10
2026-10-26 12:57:10.766153,Clearance Sale,Email,35-44,Female,Delhi,New,63273,5398,1342,394,27790,1070220.46,8.53,24.86,7.3,5.15,70.53,38.51,3751.1,October,10
2026-10-26 14:42:01.944388,Winter Sale,Email,35-44,Male,Mumbai,Returning,89095,7777,2106,573,13063,1028962.29,8.73,27.08,7.37,1.68,22.8,78.77,7776.92,October,10
2026-10-26 16:26:53.122624,Summer Sale,YouTube,25-34,Other,Pune,Returning,38544,557,100,18,32767,46785.51,1.45,17.95,3.23,58.83,1820.39,1.43,42.78,October,10
2026-10-26 18:11:44.300860,Winter Sale,Email,45-54,Female,Pune,New,16864,773,64,18,8327,40651.21,4.58,8.28,2.33,10.77,462.61,4.88,388.19,October,10
2026-10-26 19:56:35.479095,Product Launch,Facebook,55+,Female,Jaipur,New,99314,1231,233,28,35501,48970.18,1.24,18.93,2.27,28.84,1267.89,1.38,37.94,October,10
2026-10-26 21:41:26.657331,Product Launch,Email,45-54,Male,Kolkata,Returning,89770,7680,1099,114,47410,160686.25,8.56,14.31,1.48,6.17,415.88,3.39,238.93,October,10
2026-10-26 23:26:17.835567,Winter Sale,YouTube,35-44,Male,Ahmedabad,New,38593,1001,173,36,37432,41960.25,2.59,17.28,3.6,37.39,1039.78,1.12,12.1,October,10
2026-10-27 01:11:09.013802,Clearance Sale,YouTube,45-54,Male,Pune,Returning,11729,828,179,29,44571,33308.61,7.06,21.62,3.5,53.83,1536.93,0.75,-25.27,October,10
2026-10-27 02:56:00.192038,Monsoon Offer,YouTube,18-24,Female,Jaipur,Returning,54515,2298,619,95,15644,180990.29,4.22,26.94,4.13,6.81,164.67,11.57,1056.93,October,10
2026-10-27 04:40:51.370274,Summer Sale,Instagram,55+,Other,Delhi,New,44936,3749,1274,307,34097,281525.77,8.34,33.98,8.19,9.09,111.07,8.26,725.66,October,10
2026-10-27 06:25:42.548509,Winter Sale,Facebook,45-54,Male,Nagpur,New,22413,1252,148,16,16627,14991.68,5.59,11.82,1.28,13.28,1039.19,0.9,-9.84,October,10
2026-10-27 08:10:33.726745,Winter Sale,Instagram,18-24,Male,Pune,New,57652,2259,595,149,29481,78371.52,3.92,26.34,6.6,13.05,197.86,2.66,165.84,October,10
2026-10-27 09:55:24.904980,Winter Sale,Google Ads,25-34,Male,Mumbai,New,39764,1556,222,35,43597,71166.21,3.91,14.27,2.25,28.02,1245.63,1.63,63.24,October,10
2026-10-27 11:40:16.083216,Monsoon Offer,Facebook,45-54,Other,Jaipur,New,73784,2908,405,120,33794,358303.26,3.94,13.93,4.13,11.62,281.62,10.6,960.26,October,10
2026-10-27 13:25:07.261452,Monsoon Offer,Email,55+,Female,Ahmedabad,New,88796,7190,1805,465,32794,1266217.52,8.1,25.1,6.47,4.56,70.52,38.61,3761.13,October,10
2026-10-27 15:09:58.439687,New Year Offer,YouTube,18-24,Female,Bangalore,New,86844,6426,1860,413,34630,935124.72,7.4,28.94,6.43,5.39,83.85,27.0,2600.33,October,10
2026-10-27 16:54:49.617923,Product Launch,Google Ads,45-54,Female,Kolkata,Returning,137610,5329,1833,239,8874,588851.37,3.87,34.4,4.48,1.67,37.13,66.36,6535.69,October,10
2026-10-27 18:39:40.796159,Diwali Campaign,Facebook,25-34,Male,Delhi,New,134887,7299,2099,609,4106,939158.26,5.41,28.76,8.34,0.56,6.74,228.73,22772.83,October,10
2026-10-27 20:24:31.974394,Clearance Sale,Instagram,45-54,Female,Delhi,New,84432,1423,174,15,49884,18677.98,1.69,12.23,1.05,35.06,3325.6,0.37,-62.56,October,10
2026-10-27 22:09:23.152630,Festival Campaign,YouTube,18-24,Male,Bangalore,New,114944,9709,1367,176,16893,250196.44,8.45,14.08,1.81,1.74,95.98,14.81,1381.07,October,10
2026-10-27 23:54:14.330866,Monsoon Offer,Instagram,45-54,Other,Pune,New,35282,1197,341,30,11419,21106.66,3.39,28.49,2.51,9.54,380.63,1.85,84.84,October,10
2026-10-28 01:39:05.509101,Diwali Campaign,Facebook,55+,Other,Nagpur,Returning,83210,7491,1665,487,35427,1015145.65,9.0,22.23,6.5,4.73,72.75,28.65,2765.46,October,10
2026-10-28 03:23:56.687337,Monsoon Offer,Facebook,35-44,Female,Bangalore,New,62984,4012,640,173,43908,162129.12,6.37,15.95,4.31,10.94,253.8,3.69,269.25,October,10
2026-10-28 05:08:47.865573,Clearance Sale,Google Ads,18-24,Male,Nagpur,Returning,107496,6568,1362,394,41787,948435.04,6.11,20.74,6.0,6.36,106.06,22.7,2169.69,October,10
2026-10-28 06:53:39.043808,Festival Campaign,Email,18-24,Male,Delhi,Returning,14721,362,118,28,24024,27298.35,2.46,32.6,7.73,66.36,858.0,1.14,13.63,October,10
2026-10-28 08:38:30.222044,New Year Offer,Instagram,18-24,Female,Ahmedabad,Returning,39197,637,180,15,27819,16054.65,1.63,28.26,2.35,43.67,1854.6,0.58,-42.29,October,10
2026-10-28 10:23:21.400280,Winter Sale,Google Ads,18-24,Other,Pune,Returning,11066,661,133,37,45209,107050.77,5.97,20.12,5.6,68.39,1221.86,2.37,136.79,October,10
2026-10-28 12:08:12.578515,New Year Offer,YouTube,45-54,Other,Jaipur,Returning,118442,6173,2128,367,25755,280200.75,5.21,34.47,5.95,4.17,70.18,10.88,987.95,October,10
2026-10-28 13:53:03.756751,Monsoon Offer,Email,55+,Other,Delhi,New,69418,1441,424,68,35660,118803.23,2.08,29.42,4.72,24.75,524.41,3.33,233.16,October,10
2026-10-28 15:37:54.934986,New Year Offer,Google Ads,25-34,Other,Bangalore,Returning,77454,6599,538,76,44574,49910.44,8.52,8.15,1.15,6.75,586.5,1.12,11.97,October,10
2026-10-28 17:22:46.113222,Diwali Campaign,Instagram,55+,Other,Nagpur,Returning,86262,4101,452,64,31356,46462.56,4.75,11.02,1.56,7.65,489.94,1.48,48.18,October,10
2026-10-28 19:07:37.291458,Summer Sale,Facebook,18-24,Female,Nagpur,New,76678,2564,588,150,41700,312562.64,3.34,22.93,5.85,16.26,278.0,7.5,649.55,October,10
2026-10-28 20:52:28.469693,Monsoon Offer,YouTube,45-54,Female,Delhi,Returning,127911,10353,1806,246,14724,510897.27,8.09,17.44,2.38,1.42,59.85,34.7,3369.83,October,10
2026-10-28 22:37:19.647929,Monsoon Offer,Instagram,45-54,Female,Delhi,New,95768,8827,2642,340,12127,334152.24,9.22,29.93,3.85,1.37,35.67,27.55,2655.44,October,10
2026-10-29 00:22:10.826165,Diwali Campaign,Email,18-24,Other,Ahmedabad,New,76951,2888,929,216,45704,579142.72,3.75,32.17,7.48,15.83,211.59,12.67,1167.16,October,10
2026-10-29 02:07:02.004400,Product Launch,Email,45-54,Other,Ahmedabad,New,16374,1307,189,27,15669,60897.62,7.98,14.46,2.07,11.99,580.33,3.89,288.65,October,10
2026-10-29 03:51:53.182636,Festival Campaign,Facebook,18-24,Female,Chennai,New,36974,2541,726,60,34935,75091.59,6.87,28.57,2.36,13.75,582.25,2.15,114.95,October,10
2026-10-29 05:36:44.360872,Winter Sale,Facebook,55+,Female,Bangalore,Returning,41914,4152,932,265,13878,297056.09,9.91,22.45,6.38,3.34,52.37,21.4,2040.48,October,10
2026-10-29 07:21:35.539107,Diwali Campaign,YouTube,35-44,Other,Mumbai,Returning,60014,1701,316,47,44481,112128.52,2.83,18.58,2.76,26.15,946.4,2.52,152.08,October,10
2026-10-29 09:06:26.717343,Festival Campaign,YouTube,45-54,Male,Bangalore,Returning,19347,1866,545,135,40705,315098.07,9.64,29.21,7.23,21.81,301.52,7.74,674.1,October,10
2026-10-29 10:51:17.895579,Clearance Sale,Facebook,18-24,Female,Ahmedabad,New,100468,3855,896,164,37644,143021.08,3.84,23.24,4.25,9.76,229.54,3.8,279.93,October,10
2026-10-29 12:36:09.073814,Festival Campaign,Facebook,18-24,Other,Chennai,New,99129,4666,1173,128,39800,175740.11,4.71,25.14,2.74,8.53,310.94,4.42,341.56,October,10
2026-10-29 14:21:00.252050,Clearance Sale,Email,45-54,Other,Pune,New,102103,4318,418,94,5205,97919.15,4.23,9.68,2.18,1.21,55.37,18.81,1781.25,October,10
2026-10-29 16:05:51.430286,Diwali Campaign,Facebook,25-34,Female,Delhi,Returning,87599,2992,712,93,27401,114888.53,3.42,23.8,3.11,9.16,294.63,4.19,319.29,October,10
2026-10-29 17:50:42.608521,Monsoon Offer,Google Ads,18-24,Male,Kolkata,New,140774,10190,1642,235,36314,286443.83,7.24,16.11,2.31,3.56,154.53,7.89,688.8,October,10
2026-10-29 19:35:33.786757,Monsoon Offer,Instagram,45-54,Other,Bangalore,Returning,144212,9088,1937,168,46513,493929.95,6.3,21.31,1.85,5.12,276.86,10.62,961.92,October,10
2026-10-29 21:20:24.964992,Product Launch,Facebook,18-24,Female,Bangalore,Returning,84266,3161,442,36,27742,85519.02,3.75,13.98,1.14,8.78,770.61,3.08,208.27,October,10
2026-10-29 23:05:16.143228,Diwali Campaign,YouTube,25-34,Other,Hyderabad,New,134737,2950,725,139,5069,340568.09,2.19,24.58,4.71,1.72,36.47,67.19,6618.64,October,10
2026-10-30 00:50:07.321464,Clearance Sale,Google Ads,35-44,Other,Ahmedabad,New,24057,927,111,10,34331,11935.58,3.85,11.97,1.08,37.03,3433.1,0.35,-65.23,October,10
2026-10-30 02:34:58.499699,Festival Campaign,YouTube,25-34,Other,Kolkata,New,39114,1733,196,24,32519,12031.63,4.43,11.31,1.38,18.76,1354.96,0.37,-63.0,October,10
2026-10-30 04:19:49.677935,Festival Campaign,Google Ads,55+,Other,Jaipur,New,28580,1264,165,46,18971,29688.06,4.42,13.05,3.64,15.01,412.41,1.56,56.49,October,10
2026-10-30 06:04:40.856171,Clearance Sale,Facebook,45-54,Male,Hyderabad,New,19802,834,250,24,26114,45179.99,4.21,29.98,2.88,31.31,1088.08,1.73,73.01,October,10
2026-10-30 07:49:32.034406,New Year Offer,Instagram,25-34,Female,Mumbai,Returning,97857,1407,125,17,35784,20632.95,1.44,8.88,1.21,25.43,2104.94,0.58,-42.34,October,10
2026-10-30 09:34:23.212642,Product Launch,YouTube,35-44,Female,Bangalore,Returning,111467,5769,1597,383,30282,376254.03,5.18,27.68,6.64,5.25,79.07,12.43,1142.5,October,10
2026-10-30 11:19:14.390878,Summer Sale,Google Ads,18-24,Female,Chennai,New,112767,9614,915,251,5809,156649.68,8.53,9.52,2.61,0.6,23.14,26.97,2596.67,October,10
2026-10-30 13:04:05.569113,Monsoon Offer,Email,45-54,Female,Chennai,New,145747,3823,916,82,48310,220555.76,2.62,23.96,2.14,12.64,589.15,4.57,356.54,October,10
2026-10-30 14:48:56.747349,Winter Sale,Facebook,25-34,Female,Jaipur,New,99450,2298,663,80,30835,160025.47,2.31,28.85,3.48,13.42,385.44,5.19,418.97,October,10
2026-10-30 16:33:47.925585,Festival Campaign,Instagram,35-44,Male,Nagpur,Returning,116039,6088,866,143,11519,109885.92,5.25,14.22,2.35,1.89,80.55,9.54,853.95,October,10
2026-10-30 18:18:39.103820,Winter Sale,Facebook,25-34,Other,Hyderabad,Returning,38695,1677,222,35,45957,84560.35,4.33,13.24,2.09,27.4,1313.06,1.84,84.0,October,10
2026-10-30 20:03:30.282056,Summer Sale,Email,55+,Other,Hyderabad,Returning,105970,6412,1013,145,27921,346486.78,6.05,15.8,2.26,4.35,192.56,12.41,1140.95,October,10
2026-10-30 21:48:21.460292,Diwali Campaign,Instagram,45-54,Female,Chennai,Returning,40185,3827,1029,137,41360,167620.75,9.52,26.89,3.58,10.81,301.9,4.05,305.27,October,10
2026-10-30 23:33:12.638527,Winter Sale,Email,18-24,Other,Chennai,New,99692,7823,1164,161,5354,156341.82,7.85,14.88,2.06,0.68,33.25,29.2,2820.09,October,10
2026-10-31 01:18:03.816763,Summer Sale,Facebook,35-44,Other,Delhi,Returning,55908,4016,865,94,15463,238285.74,7.18,21.54,2.34,3.85,164.5,15.41,1441.01,October,10
2026-10-31 03:02:54.994999,Monsoon Offer,Google Ads,25-34,Other,Chennai,Returning,126710,6010,698,80,17648,105912.95,4.74,11.61,1.33,2.94,220.6,6.0,500.14,October,10
2026-10-31 04:47:46.173234,Clearance Sale,Facebook,45-54,Female,Ahmedabad,New,12078,433,88,18,18241,47134.26,3.59,20.32,4.16,42.13,1013.39,2.58,158.4,October,10
2026-10-31 06:32:37.351470,New Year Offer,Facebook,25-34,Female,Chennai,New,105886,6207,1543,222,44503,135226.65,5.86,24.86,3.58,7.17,200.46,3.04,203.86,October,10
2026-10-31 08:17:28.529705,Monsoon Offer,Facebook,45-54,Male,Hyderabad,Returning,16011,1436,142,23,22834,40209.11,8.97,9.89,1.6,15.9,992.78,1.76,76.09,October,10
2026-10-31 10:02:19.707941,Festival Campaign,YouTube,55+,Female,Delhi,New,127124,11302,3392,578,23089,548515.18,8.89,30.01,5.11,2.04,39.95,23.76,2275.66,October,10
2026-10-31 11:47:10.886177,Summer Sale,Email,25-34,Male,Mumbai,New,85532,4284,1427,148,43475,322656.58,5.01,33.31,3.45,10.15,293.75,7.42,642.17,October,10
2026-10-31 13:32:02.064412,Winter Sale,Email,55+,Female,Hyderabad,New,56845,1828,241,62,42811,185568.13,3.22,13.18,3.39,23.42,690.5,4.33,333.46,October,10
2026-10-31 15:16:53.242648,Festival Campaign,Email,35-44,Other,Chennai,Returning,97030,2938,837,243,5748,372100.45,3.03,28.49,8.27,1.96,23.65,64.74,6373.56,October,10
2026-10-31 17:01:44.420884,New Year Offer,YouTube,55+,Male,Chennai,Returning,16618,217,35,4,45316,3003.11,1.31,16.13,1.84,208.83,11329.0,0.07,-93.37,October,10
2026-10-31 18:46:35.599119,Clearance Sale,Google Ads,45-54,Male,Chennai,New,82435,7076,1858,268,24643,346840.99,8.58,26.26,3.79,3.48,91.95,14.07,1307.46,October,10
2026-10-31 20:31:26.777355,Diwali Campaign,Facebook,35-44,Male,Delhi,New,128158,4336,705,163,32980,444788.9,3.38,16.26,3.76,7.61,202.33,13.49,1248.66,October,10
2026-10-31 22:16:17.955591,Festival Campaign,Google Ads,25-34,Female,Bangalore,Returning,88014,3723,1164,113,45326,272827.49,4.23,31.27,3.04,12.17,401.12,6.02,501.92,October,10
2026-11-01 00:01:09.133826,Diwali Campaign,YouTube,25-34,Male,Delhi,Returning,135713,11241,1952,545,9412,588888.39,8.28,17.37,4.85,0.84,17.27,62.57,6156.78,November,11
2026-11-01 01:46:00.312062,Summer Sale,Email,45-54,Female,Pune,New,121550,2528,781,83,30429,239371.73,2.08,30.89,3.28,12.04,366.61,7.87,686.66,November,11
2026-11-01 03:30:51.490298,New Year Offer,Facebook,18-24,Male,Ahmedabad,New,101965,5252,1506,363,11377,746135.55,5.15,28.67,6.91,2.17,31.34,65.58,6458.28,November,11
2026-11-01 05:15:42.668533,Winter Sale,Instagram,18-24,Female,Kolkata,Returning,125503,2636,350,50,28342,46006.18,2.1,13.28,1.9,10.75,566.84,1.62,62.33,November,11
2026-11-01 07:00:33.846769,New Year Offer,Instagram,25-34,Male,Ahmedabad,New,48380,2407,294,44,43871,84955.44,4.98,12.21,1.83,18.23,997.07,1.94,93.65,November,11
2026-11-01 08:45:25.025005,New Year Offer,Google Ads,45-54,Other,Chennai,Returning,105877,1507,437,48,39683,78153.22,1.42,29.0,3.19,26.33,826.73,1.97,96.94,November,11
2026-11-01 10:30:16.203240,Product Launch,Email,18-24,Other,Kolkata,New,70857,4009,743,165,8341,420625.29,5.66,18.53,4.12,2.08,50.55,50.43,4942.86,November,11
2026-11-01 12:15:07.381476,New Year Offer,Instagram,55+,Male,Mumbai,Returning,31259,2551,857,218,43708,296567.22,8.16,33.59,8.55,17.13,200.5,6.79,578.52,November,11
2026-11-01 13:59:58.559711,New Year Offer,Google Ads,25-34,Female,Nagpur,New,82622,5855,1959,566,31161,1521094.32,7.09,33.46,9.67,5.32,55.05,48.81,4781.4,November,11
2026-11-01 15:44:49.737947,Monsoon Offer,YouTube,55+,Female,Hyderabad,Returning,142221,7939,2121,324,41633,819696.01,5.58,26.72,4.08,5.24,128.5,19.69,1868.86,November,11
2026-11-01 17:29:40.916183,Festival Campaign,Google Ads,45-54,Female,Bangalore,New,32792,2773,596,129,20181,282059.61,8.46,21.49,4.65,7.28,156.44,13.98,1297.65,November,11
2026-11-01 19:14:32.094418,Winter Sale,Google Ads,55+,Other,Nagpur,New,103651,3161,419,71,26650,81402.78,3.05,13.26,2.25,8.43,375.35,3.05,205.45,November,11
2026-11-01 20:59:23.272654,Monsoon Offer,Google Ads,18-24,Other,Delhi,New,99583,8441,2686,544,23040,1591648.22,8.48,31.82,6.44,2.73,42.35,69.08,6808.2,November,11
2026-11-01 22:44:14.450890,Monsoon Offer,Facebook,18-24,Other,Pune,New,92614,3229,329,38,25736,71123.34,3.49,10.19,1.18,7.97,677.26,2.76,176.36,November,11
2026-11-02 00:29:05.629125,Festival Campaign,Google Ads,35-44,Female,Jaipur,Returning,24263,1034,186,38,12851,105213.83,4.26,17.99,3.68,12.43,338.18,8.19,718.72,November,11
2026-11-02 02:13:56.807361,Festival Campaign,Google Ads,25-34,Female,Ahmedabad,New,70309,1515,251,66,35805,68595.43,2.15,16.57,4.36,23.63,542.5,1.92,91.58,November,11
2026-11-02 03:58:47.985597,Summer Sale,Facebook,45-54,Female,Nagpur,Returning,62451,1196,405,109,37746,322470.59,1.92,33.86,9.11,31.56,346.29,8.54,754.32,November,11
2026-11-02 05:43:39.163832,Festival Campaign,Facebook,25-34,Male,Pune,Returning,80379,7546,844,157,17429,398803.25,9.39,11.18,2.08,2.31,111.01,22.88,2188.16,November,11
2026-11-02 07:28:30.342068,Product Launch,YouTube,55+,Male,Chennai,New,87969,2383,763,100,18592,287306.72,2.71,32.02,4.2,7.8,185.92,15.45,1445.32,November,11
2026-11-02 09:13:21.520304,Product Launch,Email,45-54,Male,Delhi,Returning,132425,5296,1076,284,34558,292779.67,4.0,20.32,5.36,6.53,121.68,8.47,747.21,November,11
2026-11-02 10:58:12.698539,Monsoon Offer,Instagram,45-54,Other,Delhi,New,73728,4248,394,118,33961,186044.13,5.76,9.27,2.78,7.99,287.81,5.48,447.82,November,11
2026-11-02 12:43:03.876775,Diwali Campaign,Instagram,18-24,Other,Hyderabad,Returning,14952,617,170,27,46689,20090.29,4.13,27.55,4.38,75.67,1729.22,0.43,-56.97,November,11
2026-11-02 14:27:55.055011,Summer Sale,Google Ads,55+,Female,Kolkata,New,71726,6334,679,192,42009,161745.41,8.83,10.72,3.03,6.63,218.8,3.85,285.03,November,11
2026-11-02 16:12:46.233246,Diwali Campaign,YouTube,18-24,Male,Kolkata,New,129735,11814,1701,504,35688,609787.92,9.11,14.4,4.27,3.02,70.81,17.09,1608.66,November,11
2026-11-02 17:57:37.411482,Diwali Campaign,Google Ads,18-24,Female,Nagpur,Returning,50610,1990,588,98,6454,282148.29,3.93,29.55,4.92,3.24,65.86,43.72,4271.68,November,11
2026-11-02 19:42:28.589717,Monsoon Offer,Instagram,35-44,Male,Mumbai,Returning,96467,1763,214,50,40442,108398.96,1.83,12.14,2.84,22.94,808.84,2.68,168.04,November,11
2026-11-02 21:27:19.767953,Clearance Sale,Facebook,18-24,Male,Kolkata,New,143225,4141,695,144,39128,185267.63,2.89,16.78,3.48,9.45,271.72,4.73,373.49,November,11
2026-11-02 23:12:10.946189,Monsoon Offer,Email,25-34,Female,Kolkata,Returning,104447,5503,976,233,23620,672538.96,5.27,17.74,4.23,4.29,101.37,28.47,2747.33,November,11
2026-11-03 00:57:02.124424,Winter Sale,YouTube,45-54,Female,Chennai,New,149091,5361,1281,145,40066,340652.63,3.6,23.89,2.7,7.47,276.32,8.5,750.23,November,11
2026-11-03 02:41:53.302660,Winter Sale,Facebook,18-24,Male,Chennai,New,116827,5936,1740,279,49567,772117.86,5.08,29.31,4.7,8.35,177.66,15.58,1457.73,November,11
2026-11-03 04:26:44.480896,Festival Campaign,Email,25-34,Male,Pune,Returning,107167,8389,1193,111,6475,312803.77,7.83,14.22,1.32,0.77,58.33,48.31,4730.95,November,11
2026-11-03 06:11:35.659131,Festival Campaign,YouTube,55+,Other,Delhi,New,138890,6646,900,193,42328,458746.4,4.79,13.54,2.9,6.37,219.32,10.84,983.79,November,11
2026-11-03 07:56:26.837367,Clearance Sale,YouTube,45-54,Female,Delhi,Returning,47929,1329,185,52,24425,57607.35,2.77,13.92,3.91,18.38,469.71,2.36,135.85,November,11
2026-11-03 09:41:18.015603,Festival Campaign,Instagram,55+,Female,Delhi,New,44620,1883,344,69,21568,206411.59,4.22,18.27,3.66,11.45,312.58,9.57,857.03,November,11
2026-11-03 11:26:09.193838,Winter Sale,Facebook,25-34,Female,Pune,New,128818,9902,2222,212,48830,278298.15,7.69,22.44,2.14,4.93,230.33,5.7,469.93,November,11
2026-11-03 13:11:00.372074,Diwali Campaign,YouTube,55+,Female,Jaipur,New,135803,6541,547,155,48673,337785.98,4.82,8.36,2.37,7.44,314.02,6.94,593.99,November,11
2026-11-03 14:55:51.550310,Monsoon Offer,YouTube,55+,Male,Chennai,Returning,20623,669,194,21,32593,54852.61,3.24,29.0,3.14,48.72,1552.05,1.68,68.3,November,11
2026-11-03 16:40:42.728545,New Year Offer,Email,55+,Other,Pune,New,95504,4628,1528,419,43065,392970.67,4.85,33.02,9.05,9.31,102.78,9.13,812.51,November,11
2026-11-03 18:25:33.906781,Product Launch,Instagram,18-24,Female,Delhi,New,13809,703,216,51,49852,103152.81,5.09,30.73,7.25,70.91,977.49,2.07,106.92,November,11
2026-11-03 20:10:25.085017,New Year Offer,Google Ads,18-24,Male,Nagpur,Returning,133690,4902,441,97,30248,139479.4,3.67,9.0,1.98,6.17,311.84,4.61,361.12,November,11
2026-11-03 21:55:16.263252,New Year Offer,Instagram,18-24,Male,Chennai,New,102907,10250,2271,474,18169,526482.55,9.96,22.16,4.62,1.77,38.33,28.98,2797.7,November,11
2026-11-03 23:40:07.441488,Winter Sale,Google Ads,45-54,Male,Bangalore,Returning,119502,9450,2832,308,7233,163064.3,7.91,29.97,3.26,0.77,23.48,22.54,2154.45,November,11
2026-11-04 01:24:58.619723,New Year Offer,Facebook,25-34,Male,Kolkata,Returning,72496,5242,906,172,5462,460948.85,7.23,17.28,3.28,1.04,31.76,84.39,8339.2,November,11
2026-11-04 03:09:49.797959,Monsoon Offer,Facebook,18-24,Male,Chennai,Returning,148049,12871,4147,511,22616,429088.68,8.69,32.22,3.97,1.76,44.26,18.97,1797.28,November,11
2026-11-04 04:54:40.976195,Clearance Sale,YouTube,55+,Female,Chennai,New,145206,10161,3246,668,46627,1800455.66,7.0,31.95,6.57,4.59,69.8,38.61,3761.4,November,11
2026-11-04 06:39:32.154430,Summer Sale,Facebook,55+,Female,Delhi,Returning,39431,3201,378,67,27823,134115.68,8.12,11.81,2.09,8.69,415.27,4.82,382.03,November,11
2026-11-04 08:24:23.332666,Festival Campaign,YouTube,55+,Other,Ahmedabad,New,59565,2807,598,137,27430,281211.53,4.71,21.3,4.88,9.77,200.22,10.25,925.2,November,11
2026-11-04 10:09:14.510902,Summer Sale,Instagram,55+,Female,Jaipur,Returning,57312,3154,274,81,34877,208301.99,5.5,8.69,2.57,11.06,430.58,5.97,497.25,November,11
2026-11-04 11:54:05.689137,Diwali Campaign,Facebook,35-44,Male,Chennai,New,120613,1716,267,42,33285,74491.32,1.42,15.56,2.45,19.4,792.5,2.24,123.8,November,11
2026-11-04 13:38:56.867373,Monsoon Offer,Instagram,45-54,Other,Pune,Returning,48916,1724,515,111,35014,154646.47,3.52,29.87,6.44,20.31,315.44,4.42,341.67,November,11
2026-11-04 15:23:48.045609,Monsoon Offer,Instagram,25-34,Male,Mumbai,Returning,92839,4003,1374,371,24214,314243.2,4.31,34.32,9.27,6.05,65.27,12.98,1197.77,November,11
2026-11-04 17:08:39.223844,Product Launch,Facebook,25-34,Male,Delhi,Returning,60058,3981,1300,130,32392,250385.0,6.63,32.66,3.27,8.14,249.17,7.73,672.98,November,11
2026-11-04 18:53:30.402080,Monsoon Offer,Instagram,18-24,Female,Delhi,New,53324,2761,252,64,43874,120506.73,5.18,9.13,2.32,15.89,685.53,2.75,174.67,November,11
2026-11-04 20:38:21.580316,Festival Campaign,Facebook,35-44,Male,Ahmedabad,Returning,100687,6514,2151,285,36230,351901.25,6.47,33.02,4.38,5.56,127.12,9.71,871.3,November,11
2026-11-04 22:23:12.758551,Monsoon Offer,Facebook,25-34,Female,Hyderabad,New,38147,2830,854,169,22347,338024.05,7.42,30.18,5.97,7.9,132.23,15.13,1412.61,November,11
2026-11-05 00:08:03.936787,New Year Offer,Facebook,45-54,Male,Mumbai,New,87914,1217,382,113,48076,180621.15,1.38,31.39,9.29,39.5,425.45,3.76,275.7,November,11
2026-11-05 01:52:55.115023,Product Launch,Google Ads,55+,Other,Bangalore,New,132879,4417,1444,428,8916,1075917.26,3.32,32.69,9.69,2.02,20.83,120.67,11967.26,November,11
2026-11-05 03:37:46.293258,Festival Campaign,Instagram,18-24,Male,Kolkata,New,88593,2248,476,71,13170,134808.81,2.54,21.17,3.16,5.86,185.49,10.24,923.61,November,11
2026-11-05 05:22:37.471494,Clearance Sale,Email,45-54,Female,Hyderabad,New,142432,3827,524,57,15735,161549.2,2.69,13.69,1.49,4.11,276.05,10.27,926.69,November,11
2026-11-05 07:07:28.649729,Clearance Sale,Facebook,25-34,Male,Nagpur,New,12048,666,57,16,35348,28719.32,5.53,8.56,2.4,53.08,2209.25,0.81,-18.75,November,11
2026-11-05 08:52:19.827965,Clearance Sale,Instagram,35-44,Female,Chennai,Returning,53935,4131,356,98,29539,266436.35,7.66,8.62,2.37,7.15,301.42,9.02,801.98,November,11
2026-11-05 10:37:11.006201,Clearance Sale,YouTube,18-24,Female,Nagpur,Returning,127884,4418,1119,241,15542,434116.4,3.45,25.33,5.45,3.52,64.49,27.93,2693.18,November,11
2026-11-05 12:22:02.184436,New Year Offer,Facebook,25-34,Other,Bangalore,New,101199,8520,1457,126,36070,238780.96,8.42,17.1,1.48,4.23,286.27,6.62,561.99,November,11
2026-11-05 14:06:53.362672,Monsoon Offer,Facebook,18-24,Female,Pune,New,119982,10836,2317,568,25267,804867.35,9.03,21.38,5.24,2.33,44.48,31.85,3085.45,November,11
2026-11-05 15:51:44.540908,Summer Sale,Email,25-34,Other,Jaipur,Returning,65885,2737,316,36,3776,54015.22,4.15,11.55,1.32,1.38,104.89,14.3,1330.49,November,11
2026-11-05 17:36:35.719143,Festival Campaign,Google Ads,55+,Other,Pune,Returning,28061,2001,687,197,47219,558052.48,7.13,34.33,9.85,23.6,239.69,11.82,1081.84,November,11
2026-11-05 19:21:26.897379,New Year Offer,Google Ads,35-44,Male,Pune,New,87015,1786,205,36,3623,38095.42,2.05,11.48,2.02,2.03,100.64,10.51,951.49,November,11
2026-11-05 21:06:18.075615,Clearance Sale,Facebook,55+,Other,Pune,Returning,119508,9197,1840,396,37227,318243.14,7.7,20.01,4.31,4.05,94.01,8.55,754.87,November,11
2026-11-05 22:51:09.253850,Diwali Campaign,Instagram,25-34,Female,Mumbai,New,127700,3173,633,89,22770,229221.93,2.48,19.95,2.8,7.18,255.84,10.07,906.68,November,11
2026-11-06 00:36:00.432086,Monsoon Offer,YouTube,45-54,Female,Delhi,Returning,33931,2438,200,36,42798,69921.97,7.19,8.2,1.48,17.55,1188.83,1.63,63.38,November,11
2026-11-06 02:20:51.610322,Summer Sale,YouTube,55+,Other,Chennai,Returning,110175,5285,1375,338,17723,409526.98,4.8,26.02,6.4,3.35,52.43,23.11,2210.71,November,11
2026-11-06 04:05:42.788557,Diwali Campaign,Instagram,45-54,Male,Kolkata,Returning,34654,3242,730,137,40543,216597.08,9.36,22.52,4.23,12.51,295.93,5.34,434.24,November,11
2026-11-06 05:50:33.966793,Product Launch,Facebook,25-34,Other,Mumbai,Returning,98478,5101,1093,291,28055,527368.55,5.18,21.43,5.7,5.5,96.41,18.8,1779.77,November,11
2026-11-06 07:35:25.145029,Diwali Campaign,YouTube,35-44,Other,Hyderabad,Returning,63886,816,245,58,34327,114860.34,1.28,30.02,7.11,42.07,591.84,3.35,234.61,November,11
2026-11-06 09:20:16.323264,Product Launch,Google Ads,45-54,Female,Hyderabad,New,130477,6949,1008,97,36829,247604.87,5.33,14.51,1.4,5.3,379.68,6.72,572.31,November,11
2026-11-06 11:05:07.501500,Product Launch,Instagram,25-34,Male,Mumbai,New,82470,6729,2102,448,36055,665674.61,8.16,31.24,6.66,5.36,80.48,18.46,1746.28,November,11
2026-11-06 12:49:58.679735,Clearance Sale,Email,45-54,Male,Bangalore,Returning,110029,7508,2353,505,32764,1106585.18,6.82,31.34,6.73,4.36,64.88,33.77,3277.44,November,11
2026-11-06 14:34:49.857971,Product Launch,Facebook,55+,Male,Nagpur,New,75324,7304,2214,362,26618,936464.11,9.7,30.31,4.96,3.64,73.53,35.18,3418.16,November,11
2026-11-06 16:19:41.036207,Winter Sale,Instagram,25-34,Male,Mumbai,New,115520,9922,1708,257,43723,670624.45,8.59,17.21,2.59,4.41,170.13,15.34,1433.8,November,11
2026-11-06 18:04:32.214442,Festival Campaign,YouTube,55+,Female,Mumbai,Returning,75027,4305,533,50,25719,56780.65,5.74,12.38,1.16,5.97,514.38,2.21,120.77,November,11
2026-11-06 19:49:23.392678,Festival Campaign,Facebook,18-24,Male,Kolkata,New,11425,326,67,11,36911,15129.76,2.85,20.55,3.37,113.22,3355.55,0.41,-59.01,November,11
2026-11-06 21:34:14.570914,Clearance Sale,Google Ads,25-34,Male,Kolkata,New,142805,1476,221,34,42312,67567.01,1.03,14.97,2.3,28.67,1244.47,1.6,59.69,November,11
2026-11-06 23:19:05.749149,Winter Sale,Facebook,45-54,Male,Delhi,Returning,74411,7310,687,198,12615,537457.33,9.82,9.4,2.71,1.73,63.71,42.6,4160.46,November,11
2026-11-07 01:03:56.927385,Diwali Campaign,Facebook,18-24,Female,Kolkata,New,20603,1945,302,68,18882,168375.83,9.44,15.53,3.5,9.71,277.68,8.92,791.73,November,11
2026-11-07 02:48:48.105621,New Year Offer,Google Ads,55+,Female,Delhi,Returning,22152,768,158,28,16196,54877.4,3.47,20.57,3.65,21.09,578.43,3.39,238.83,November,11
2026-11-07 04:33:39.283856,Diwali Campaign,Google Ads,55+,Male,Pune,Returning,66318,4472,493,121,44617,358079.42,6.74,11.02,2.71,9.98,368.74,8.03,702.56,November,11
2026-11-07 06:18:30.462092,Monsoon Offer,Facebook,45-54,Female,Nagpur,New,118051,8928,2990,751,43481,1199698.52,7.56,33.49,8.41,4.87,57.9,27.59,2659.13,November,11
2026-11-07 08:03:21.640328,New Year Offer,Google Ads,18-24,Other,Bangalore,Returning,31068,1926,495,91,16909,237157.5,6.2,25.7,4.72,8.78,185.81,14.03,1302.55,November,11
2026-11-07 09:48:12.818563,Product Launch,Instagram,35-44,Male,Nagpur,New,23531,2020,235,22,30092,56013.12,8.58,11.63,1.09,14.9,1367.82,1.86,86.14,November,11
2026-11-07 11:33:03.996799,Summer Sale,Google Ads,45-54,Female,Delhi,New,122289,2079,622,156,24673,432134.94,1.7,29.92,7.5,11.87,158.16,17.51,1651.45,November,11
2026-11-07 13:17:55.175035,New Year Offer,Google Ads,55+,Male,Kolkata,Returning,44288,4016,1327,132,44638,391933.86,9.07,33.04,3.29,11.12,338.17,8.78,778.03,November,11
2026-11-07 15:02:46.353270,Summer Sale,Facebook,25-34,Male,Mumbai,New,110694,5012,756,201,22841,349587.59,4.53,15.08,4.01,4.56,113.64,15.31,1430.53,November,11
2026-11-07 16:47:37.531506,Festival Campaign,Instagram,18-24,Female,Chennai,New,101762,5420,643,98,38512,96929.26,5.33,11.86,1.81,7.11,392.98,2.52,151.69,November,11
2026-11-07 18:32:28.709741,Summer Sale,Email,35-44,Other,Pune,New,108197,5412,904,199,21737,328795.44,5.0,16.7,3.68,4.02,109.23,15.13,1412.61,November,11
2026-11-07 20:17:19.887977,Festival Campaign,Email,25-34,Male,Ahmedabad,New,114445,6616,2015,489,21032,1288374.26,5.78,30.46,7.39,3.18,43.01,61.26,6025.78,November,11
2026-11-07 22:02:11.066213,Winter Sale,YouTube,18-24,Other,Hyderabad,New,116243,7420,944,82,37447,212401.86,6.38,12.72,1.11,5.05,456.67,5.67,467.21,November,11
2026-11-07 23:47:02.244448,Winter Sale,Google Ads,45-54,Female,Delhi,New,80313,5937,1724,283,35061,379198.71,7.39,29.04,4.77,5.91,123.89,10.82,981.54,November,11
2026-11-08 01:31:53.422684,Clearance Sale,Google Ads,45-54,Male,Nagpur,New,137286,7858,2148,457,17689,282548.03,5.72,27.34,5.82,2.25,38.71,15.97,1497.31,November,11
2026-11-08 03:16:44.600920,Clearance Sale,Instagram,18-24,Female,Kolkata,Returning,13801,988,252,67,40770,118898.55,7.16,25.51,6.78,41.27,608.51,2.92,191.63,November,11
2026-11-08 05:01:35.779155,Product Launch,Email,35-44,Female,Pune,New,82593,3340,657,156,24714,262899.36,4.04,19.67,4.67,7.4,158.42,10.64,963.77,November,11
2026-11-08 06:46:26.957391,New Year Offer,YouTube,18-24,Female,Hyderabad,Returning,83635,7886,1411,391,6966,279334.29,9.43,17.89,4.96,0.88,17.82,40.1,3909.97,November,11
2026-11-08 08:31:18.135627,Product Launch,Instagram,25-34,Female,Ahmedabad,Returning,90729,1434,147,14,34517,34821.15,1.58,10.25,0.98,24.07,2465.5,1.01,0.88,November,11
2026-11-08 10:16:09.313862,Festival Campaign,Google Ads,25-34,Male,Mumbai,New,65233,3855,680,65,49534,78583.42,5.91,17.64,1.69,12.85,762.06,1.59,58.65,November,11
2026-11-08 12:01:00.492098,Product Launch,Email,45-54,Other,Mumbai,Returning,30011,536,129,30,20237,63431.41,1.79,24.07,5.6,37.76,674.57,3.13,213.44,November,11
2026-11-08 13:45:51.670334,Summer Sale,YouTube,18-24,Other,Delhi,Returning,58900,2936,946,158,9335,119087.71,4.98,32.22,5.38,3.18,59.08,12.76,1175.71,November,11
2026-11-08 15:30:42.848569,Festival Campaign,Facebook,45-54,Male,Delhi,Returning,90085,2989,911,169,44552,448147.09,3.32,30.48,5.65,14.91,263.62,10.06,905.9,November,11
2026-11-08 17:15:34.026805,Clearance Sale,Email,35-44,Male,Kolkata,New,148032,13962,1238,263,22790,617572.99,9.43,8.87,1.88,1.63,86.65,27.1,2609.84,November,11
2026-11-08 19:00:25.205041,Winter Sale,YouTube,25-34,Other,Chennai,Returning,26583,297,34,10,28595,14710.57,1.12,11.45,3.37,96.28,2859.5,0.51,-48.56,November,11
2026-11-08 20:45:16.383276,Clearance Sale,Instagram,55+,Other,Kolkata,Returning,140283,6341,1959,185,16185,383638.64,4.52,30.89,2.92,2.55,87.49,23.7,2270.33,November,11
2026-11-08 22:30:07.561512,New Year Offer,Facebook,55+,Male,Bangalore,Returning,82532,6634,2213,230,12776,222785.99,8.04,33.36,3.47,1.93,55.55,17.44,1643.79,November,11
2026-11-09 00:14:58.739747,Festival Campaign,YouTube,18-24,Female,Pune,Returning,24201,652,61,16,40679,47416.9,2.69,9.36,2.45,62.39,2542.44,1.17,16.56,November,11
2026-11-09 01:59:49.917983,Festival Campaign,YouTube,18-24,Male,Pune,Returning,70019,5839,1572,132,13806,328715.65,8.34,26.92,2.26,2.36,104.59,23.81,2280.96,November,11
2026-11-09 03:44:41.096219,Summer Sale,Google Ads,55+,Other,Nagpur,Returning,30420,2657,474,84,21255,207677.4,8.73,17.84,3.16,8.0,253.04,9.77,877.08,November,11
2026-11-09 05:29:32.274454,New Year Offer,Email,18-24,Female,Mumbai,New,50602,3730,665,166,20010,146652.79,7.37,17.83,4.45,5.36,120.54,7.33,632.9,November,11
2026-11-09 07:14:23.452690,Winter Sale,Google Ads,25-34,Other,Jaipur,Returning,110156,3174,804,98,39975,53344.71,2.88,25.33,3.09,12.59,407.91,1.33,33.45,November,11
2026-11-09 08:59:14.630926,Diwali Campaign,Facebook,35-44,Female,Kolkata,Returning,59031,2035,607,73,7766,143330.27,3.45,29.83,3.59,3.82,106.38,18.46,1745.61,November,11
2026-11-09 10:44:05.809161,Festival Campaign,YouTube,35-44,Other,Nagpur,New,22629,566,87,12,30754,10323.62,2.5,15.37,2.12,54.34,2562.83,0.34,-66.43,November,11
2026-11-09 12:28:56.987397,Festival Campaign,Google Ads,45-54,Female,Delhi,New,38675,1027,277,31,11217,75983.59,2.66,26.97,3.02,10.92,361.84,6.77,577.4,November,11
2026-11-09 14:13:48.165633,Summer Sale,Email,25-34,Male,Pune,Returning,137652,1828,460,105,38816,161719.99,1.33,25.16,5.74,21.23,369.68,4.17,316.63,November,11
2026-11-09 15:58:39.343868,Product Launch,Facebook,18-24,Male,Delhi,Returning,142734,12440,2732,338,44581,455112.14,8.72,21.96,2.72,3.58,131.9,10.21,920.87,November,11
2026-11-09 17:43:30.522104,Monsoon Offer,Instagram,18-24,Female,Kolkata,New,90270,5196,1260,163,49145,111512.07,5.76,24.25,3.14,9.46,301.5,2.27,126.9,November,11
2026-11-09 19:28:21.700340,Winter Sale,Google Ads,45-54,Female,Hyderabad,Returning,17589,694,58,11,31061,32891.79,3.95,8.36,1.59,44.76,2823.73,1.06,5.89,November,11
2026-11-09 21:13:12.878575,Clearance Sale,Facebook,45-54,Male,Delhi,Returning,118954,4289,347,101,11908,291892.72,3.61,8.09,2.35,2.78,117.9,24.51,2351.23,November,11
2026-11-09 22:58:04.056811,New Year Offer,Instagram,18-24,Male,Jaipur,New,14655,864,197,55,10667,45594.57,5.9,22.8,6.37,12.35,193.95,4.27,327.44,November,11
2026-11-10 00:42:55.235047,Festival Campaign,Google Ads,18-24,Female,Pune,Returning,84285,3320,735,198,43671,263741.74,3.94,22.14,5.96,13.15,220.56,6.04,503.93,November,11
2026-11-10 02:27:46.413282,Festival Campaign,Facebook,25-34,Female,Kolkata,New,16645,1460,144,28,42493,41355.13,8.77,9.86,1.92,29.1,1517.61,0.97,-2.68,November,11
2026-11-10 04:12:37.591518,Clearance Sale,Facebook,45-54,Male,Nagpur,Returning,127379,3692,785,114,23117,141588.31,2.9,21.26,3.09,6.26,202.78,6.12,512.49,November,11
2026-11-10 05:57:28.769753,Winter Sale,Google Ads,25-34,Other,Chennai,Returning,57634,5152,1465,344,34178,975642.96,8.94,28.44,6.68,6.63,99.35,28.55,2754.59,November,11
2026-11-10 07:42:19.947989,Monsoon Offer,Facebook,18-24,Male,Chennai,New,46760,3262,737,122,7464,281009.26,6.98,22.59,3.74,2.29,61.18,37.65,3664.86,November,11
2026-11-10 09:27:11.126225,Product Launch,YouTube,55+,Female,Kolkata,New,38233,3674,807,202,4845,583737.78,9.61,21.97,5.5,1.32,23.99,120.48,11948.25,November,11
2026-11-10 11:12:02.304460,Festival Campaign,Google Ads,55+,Female,Chennai,Returning,60091,682,186,15,15429,40293.95,1.13,27.27,2.2,22.62,1028.6,2.61,161.16,November,11
2026-11-10 12:56:53.482696,Monsoon Offer,Facebook,18-24,Other,Pune,Returning,145510,2229,281,55,43973,131249.46,1.53,12.61,2.47,19.73,799.51,2.98,198.48,November,11
2026-11-10 14:41:44.660932,Winter Sale,Instagram,45-54,Male,Hyderabad,Returning,114602,6312,1284,198,27019,443998.72,5.51,20.34,3.14,4.28,136.46,16.43,1543.28,November,11
2026-11-10 16:26:35.839167,Clearance Sale,Instagram,55+,Female,Delhi,New,94905,8742,1048,141,38526,375822.28,9.21,11.99,1.61,4.41,273.23,9.76,875.5,November,11
2026-11-10 18:11:27.017403,Summer Sale,YouTube,45-54,Male,Jaipur,New,102139,7739,1713,386,19914,853204.65,7.58,22.13,4.99,2.57,51.59,42.84,4184.45,November,11
2026-11-10 19:56:18.195639,Product Launch,Google Ads,55+,Female,Ahmedabad,New,21319,1406,337,75,18162,72884.96,6.6,23.97,5.33,12.92,242.16,4.01,301.3,November,11
2026-11-10 21:41:09.373874,New Year Offer,Facebook,45-54,Other,Nagpur,New,90258,1159,130,11,27325,23323.48,1.28,11.22,0.95,23.58,2484.09,0.85,-14.64,November,11
2026-11-10 23:26:00.552110,Festival Campaign,Facebook,55+,Male,Pune,New,113293,4744,476,137,22262,244888.06,4.19,10.03,2.89,4.69,162.5,11.0,1000.03,November,11
2026-11-11 01:10:51.730346,Winter Sale,Instagram,45-54,Male,Mumbai,New,147100,6049,756,120,6404,354568.4,4.11,12.5,1.98,1.06,53.37,55.37,5436.67,November,11
2026-11-11 02:55:42.908581,Summer Sale,YouTube,25-34,Other,Bangalore,Returning,121930,7167,1707,481,28013,853733.57,5.88,23.82,6.71,3.91,58.24,30.48,2947.63,November,11
2026-11-11 04:40:34.086817,New Year Offer,Instagram,45-54,Female,Bangalore,New,120629,4005,525,109,45249,64978.98,3.32,13.11,2.72,11.3,415.13,1.44,43.6,November,11
2026-11-11 06:25:25.265053,Diwali Campaign,Instagram,25-34,Female,Nagpur,New,35940,1223,188,42,30428,48739.9,3.4,15.37,3.43,24.88,724.48,1.6,60.18,November,11
2026-11-11 08:10:16.443288,Winter Sale,YouTube,25-34,Male,Pune,New,149494,9848,2655,773,8068,2159340.25,6.59,26.96,7.85,0.82,10.44,267.64,26664.26,November,11
2026-11-11 09:55:07.621524,Winter Sale,Google Ads,18-24,Other,Kolkata,New,61651,5857,861,224,49736,650919.55,9.5,14.7,3.82,8.49,222.04,13.09,1208.75,November,11
2026-11-11 11:39:58.799759,New Year Offer,Facebook,25-34,Male,Delhi,Returning,30688,2130,399,44,13229,102134.84,6.94,18.73,2.07,6.21,300.66,7.72,672.05,November,11
2026-11-11 13:24:49.977995,Summer Sale,Google Ads,35-44,Male,Kolkata,New,24472,1716,567,46,26478,29539.35,7.01,33.04,2.68,15.43,575.61,1.12,11.56,November,11
2026-11-11 15:09:41.156231,Diwali Campaign,Email,25-34,Female,Kolkata,Returning,90436,8931,2703,399,14908,222982.53,9.88,30.27,4.47,1.67,37.36,14.96,1395.72,November,11
2026-11-11 16:54:32.334466,Monsoon Offer,Email,45-54,Female,Mumbai,New,45671,1087,161,30,46412,50969.63,2.38,14.81,2.76,42.7,1547.07,1.1,9.82,November,11
2026-11-11 18:39:23.512702,Monsoon Offer,Email,25-34,Female,Chennai,Returning,83299,1086,262,63,26548,188948.39,1.3,24.13,5.8,24.45,421.4,7.12,611.72,November,11
2026-11-11 20:24:14.690938,Clearance Sale,YouTube,45-54,Female,Bangalore,New,20960,1615,419,94,28461,251284.73,7.71,25.94,5.82,17.62,302.78,8.83,782.91,November,11
2026-11-11 22:09:05.869173,Summer Sale,Instagram,45-54,Female,Ahmedabad,New,132652,6565,2120,315,47454,892322.25,4.95,32.29,4.8,7.23,150.65,18.8,1780.39,November,11
2026-11-11 23:53:57.047409,Product Launch,Google Ads,35-44,Other,Ahmedabad,New,134118,6517,1484,295,49739,607361.86,4.86,22.77,4.53,7.63,168.61,12.21,1121.1,November,11
2026-11-12 01:38:48.225645,Festival Campaign,Facebook,25-34,Male,Delhi,New,143146,4334,1003,223,6014,590462.04,3.03,23.14,5.15,1.39,26.97,98.18,9718.13,November,11
2026-11-12 03:23:39.403880,New Year Offer,Email,25-34,Other,Bangalore,Returning,44833,2493,797,153,39942,198784.63,5.56,31.97,6.14,16.02,261.06,4.98,397.68,November,11
2026-11-12 05:08:30.582116,Clearance Sale,Google Ads,55+,Male,Mumbai,Returning,45976,2289,216,50,27884,28420.5,4.98,9.44,2.18,12.18,557.68,1.02,1.92,November,11
2026-11-12 06:53:21.760352,Diwali Campaign,Email,55+,Female,Nagpur,New,117549,4830,1205,225,6104,629015.98,4.11,24.95,4.66,1.26,27.13,103.05,10204.98,November,11
2026-11-12 08:38:12.938587,New Year Offer,Email,18-24,Other,Pune,New,140120,6984,1344,264,22321,276164.21,4.98,19.24,3.78,3.2,84.55,12.37,1137.24,November,11
2026-11-12 10:23:04.116823,New Year Offer,Facebook,45-54,Male,Kolkata,Returning,75658,3370,1097,314,17017,728861.79,4.45,32.55,9.32,5.05,54.19,42.83,4183.14,November,11
2026-11-12 12:07:55.295059,Summer Sale,YouTube,35-44,Female,Kolkata,Returning,60108,5685,1929,319,45673,685026.43,9.46,33.93,5.61,8.03,143.18,15.0,1399.85,November,11
2026-11-12 13:52:46.473294,Festival Campaign,Instagram,55+,Female,Jaipur,Returning,60138,5906,743,182,15063,162964.41,9.82,12.58,3.08,2.55,82.76,10.82,981.89,November,11
2026-11-12 15:37:37.651530,Product Launch,YouTube,25-34,Other,Nagpur,New,19443,1664,259,39,20334,38588.45,8.56,15.56,2.34,12.22,521.38,1.9,89.77,November,11
2026-11-12 17:22:28.829765,Monsoon Offer,Google Ads,18-24,Other,Jaipur,Returning,79969,7927,1219,186,7565,246018.7,9.91,15.38,2.35,0.95,40.67,32.52,3152.06,November,11
2026-11-12 19:07:20.008001,Winter Sale,YouTube,35-44,Other,Jaipur,New,142062,4817,516,146,37306,349279.69,3.39,10.71,3.03,7.74,255.52,9.36,836.26,November,11
2026-11-12 20:52:11.186237,Winter Sale,Google Ads,25-34,Female,Chennai,New,133781,11486,2416,564,46572,337334.39,8.59,21.03,4.91,4.05,82.57,7.24,624.33,November,11
2026-11-12 22:37:02.364472,New Year Offer,Google Ads,25-34,Male,Ahmedabad,Returning,102198,4762,1040,295,16225,447713.2,4.66,21.84,6.19,3.41,55.0,27.59,2659.4,November,11
2026-11-13 00:21:53.542708,Monsoon Offer,Instagram,45-54,Male,Jaipur,New,71336,5503,1291,385,27321,832671.46,7.71,23.46,7.0,4.96,70.96,30.48,2947.73,November,11
2026-11-13 02:06:44.720944,Monsoon Offer,Facebook,45-54,Other,Kolkata,New,39097,1099,284,22,33623,20430.9,2.81,25.84,2.0,30.59,1528.32,0.61,-39.24,November,11
2026-11-13 03:51:35.899179,Festival Campaign,Instagram,55+,Male,Bangalore,Returning,61356,5097,494,146,30627,116587.3,8.31,9.69,2.86,6.01,209.77,3.81,280.67,November,11
2026-11-13 05:36:27.077415,Diwali Campaign,YouTube,55+,Female,Bangalore,New,94744,1659,411,42,48629,61972.29,1.75,24.77,2.53,29.31,1157.83,1.27,27.44,November,11
2026-11-13 07:21:18.255651,Diwali Campaign,Google Ads,25-34,Male,Chennai,Returning,98015,3366,1099,104,30710,126505.4,3.43,32.65,3.09,9.12,295.29,4.12,311.94,November,11
2026-11-13 09:06:09.433886,Clearance Sale,Email,25-34,Female,Bangalore,Returning,85919,7215,1463,364,22748,772677.05,8.4,20.28,5.05,3.15,62.49,33.97,3296.68,November,11
2026-11-13 10:51:00.612122,Summer Sale,Email,55+,Other,Kolkata,Returning,113854,8794,956,150,21499,438588.2,7.72,10.87,1.71,2.44,143.33,20.4,1940.04,November,11
2026-11-13 12:35:51.790358,Festival Campaign,Google Ads,55+,Male,Ahmedabad,New,63034,3473,358,100,44184,51117.23,5.51,10.31,2.88,12.72,441.84,1.16,15.69,November,11
2026-11-13 14:20:42.968593,Festival Campaign,Instagram,25-34,Female,Ahmedabad,Returning,107431,7579,1182,236,3846,650404.15,7.05,15.6,3.11,0.51,16.3,169.11,16811.18,November,11
2026-11-13 16:05:34.146829,Summer Sale,Facebook,35-44,Other,Ahmedabad,Returning,144279,3852,1090,179,35392,283367.31,2.67,28.3,4.65,9.19,197.72,8.01,700.65,November,11
2026-11-13 17:50:25.325065,Monsoon Offer,Instagram,25-34,Other,Pune,New,38234,2680,403,38,35350,82080.73,7.01,15.04,1.42,13.19,930.26,2.32,132.19,November,11
2026-11-13 19:35:16.503300,Diwali Campaign,Google Ads,35-44,Other,Nagpur,New,40568,434,130,23,17582,60434.05,1.07,29.95,5.3,40.51,764.43,3.44,243.73,November,11
2026-11-13 21:20:07.681536,Diwali Campaign,Google Ads,35-44,Other,Pune,Returning,78633,6682,2013,284,39837,549155.65,8.5,30.13,4.25,5.96,140.27,13.79,1278.51,November,11
2026-11-13 23:04:58.859771,Monsoon Offer,Facebook,25-34,Male,Pune,New,127766,7214,1467,142,27031,105545.7,5.65,20.34,1.97,3.75,190.36,3.9,290.46,November,11
2026-11-14 00:49:50.038007,Diwali Campaign,YouTube,18-24,Female,Pune,New,119582,11354,1830,416,29837,354218.98,9.49,16.12,3.66,2.63,71.72,11.87,1087.18,November,11
2026-11-14 02:34:41.216243,New Year Offer,YouTube,55+,Male,Bangalore,New,64703,3431,828,244,9911,603460.83,5.3,24.13,7.11,2.89,40.62,60.89,5988.8,November,11
2026-11-14 04:19:32.394478,Festival Campaign,Facebook,45-54,Female,Hyderabad,New,127634,6251,1868,305,45543,327187.4,4.9,29.88,4.88,7.29,149.32,7.18,618.41,November,11
2026-11-14 06:04:23.572714,Winter Sale,YouTube,25-34,Other,Bangalore,New,109928,5551,540,78,31548,149962.34,5.05,9.73,1.41,5.68,404.46,4.75,375.35,November,11
2026-11-14 07:49:14.750950,Summer Sale,Email,35-44,Male,Hyderabad,Returning,85253,3612,1218,121,24490,189994.36,4.24,33.72,3.35,6.78,202.4,7.76,675.8,November,11
2026-11-14 09:34:05.929185,Diwali Campaign,YouTube,25-34,Other,Bangalore,Returning,126170,3154,802,103,29697,129687.04,2.5,25.43,3.27,9.42,288.32,4.37,336.7,November,11
2026-11-14 11:18:57.107421,Clearance Sale,YouTube,55+,Female,Kolkata,Returning,26642,2285,428,61,26625,150512.55,8.58,18.73,2.67,11.65,436.48,5.65,465.31,November,11
2026-11-14 13:03:48.285657,Diwali Campaign,YouTube,35-44,Other,Nagpur,New,89176,4014,869,135,15912,314285.62,4.5,21.65,3.36,3.96,117.87,19.75,1875.15,November,11
2026-11-14 14:48:39.463892,Diwali Campaign,Email,45-54,Male,Mumbai,New,92373,5322,979,214,12478,452668.25,5.76,18.4,4.02,2.34,58.31,36.28,3527.73,November,11
2026-11-14 16:33:30.642128,Product Launch,YouTube,45-54,Male,Mumbai,Returning,18990,223,42,4,35825,5726.71,1.17,18.83,1.79,160.65,8956.25,0.16,-84.01,November,11
2026-11-14 18:18:21.820364,New Year Offer,Email,45-54,Female,Pune,Returning,14170,218,52,4,12876,4264.7,1.54,23.85,1.83,59.06,3219.0,0.33,-66.88,November,11
2026-11-14 20:03:12.998599,Summer Sale,Facebook,18-24,Female,Mumbai,Returning,146208,9320,897,255,42637,456383.03,6.37,9.62,2.74,4.57,167.2,10.7,970.39,November,11
2026-11-14 21:48:04.176835,Product Launch,Instagram,35-44,Male,Nagpur,New,142784,12726,1620,414,19171,1052702.74,8.91,12.73,3.25,1.51,46.31,54.91,5391.12,November,11
2026-11-14 23:32:55.355071,Product Launch,Facebook,35-44,Male,Nagpur,Returning,83687,4553,643,90,4304,174524.62,5.44,14.12,1.98,0.95,47.82,40.55,3954.94,November,11
2026-11-15 01:17:46.533306,Clearance Sale,Instagram,18-24,Male,Delhi,New,133376,3314,629,138,23687,403698.18,2.48,18.98,4.16,7.15,171.64,17.04,1604.3,November,11
2026-11-15 03:02:37.711542,Festival Campaign,Facebook,35-44,Male,Chennai,Returning,95031,1943,350,73,9003,39317.34,2.04,18.01,3.76,4.63,123.33,4.37,336.71,November,11
2026-11-15 04:47:28.889777,Clearance Sale,Instagram,18-24,Female,Nagpur,Returning,31625,2877,791,192,19796,575206.46,9.1,27.49,6.67,6.88,103.1,29.06,2805.67,November,11
2026-11-15 06:32:20.068013,Festival Campaign,Instagram,25-34,Male,Chennai,New,84454,6177,926,249,8136,554902.13,7.31,14.99,4.03,1.32,32.67,68.2,6720.33,November,11
2026-11-15 08:17:11.246249,Festival Campaign,Google Ads,55+,Female,Mumbai,New,11821,1146,109,17,5777,43888.65,9.69,9.51,1.48,5.04,339.82,7.6,659.71,November,11
2026-11-15 10:02:02.424484,Summer Sale,Instagram,45-54,Male,Chennai,Returning,110120,1917,182,41,3739,54832.62,1.74,9.49,2.14,1.95,91.2,14.67,1366.5,November,11
2026-11-15 11:46:53.602720,Diwali Campaign,Instagram,18-24,Male,Hyderabad,Returning,46200,4215,350,89,32090,157605.95,9.12,8.3,2.11,7.61,360.56,4.91,391.14,November,11
2026-11-15 13:31:44.780956,Summer Sale,Google Ads,18-24,Other,Kolkata,Returning,93889,8084,729,170,29824,423720.43,8.61,9.02,2.1,3.69,175.44,14.21,1320.74,November,11
2026-11-15 15:16:35.959191,New Year Offer,YouTube,18-24,Other,Chennai,New,94304,8523,2657,751,43353,1803619.38,9.04,31.17,8.81,5.09,57.73,41.6,4060.31,November,11
2026-11-15 17:01:27.137427,Festival Campaign,YouTube,25-34,Male,Kolkata,New,46447,488,130,24,49521,32042.07,1.05,26.64,4.92,101.48,2063.38,0.65,-35.3,November,11
2026-11-15 18:46:18.315663,Product Launch,Google Ads,18-24,Female,Pune,Returning,101568,7797,2720,697,31658,913784.83,7.68,34.89,8.94,4.06,45.42,28.86,2786.43,November,11
2026-11-15 20:31:09.493898,Diwali Campaign,Email,55+,Male,Mumbai,Returning,116502,6920,591,165,8621,355909.62,5.94,8.54,2.38,1.25,52.25,41.28,4028.4,November,11
2026-11-15 22:16:00.672134,Winter Sale,Instagram,55+,Other,Kolkata,Returning,114567,7055,2181,441,34825,1249859.25,6.16,30.91,6.25,4.94,78.97,35.89,3488.97,November,11
2026-11-16 00:00:51.850370,New Year Offer,Instagram,45-54,Male,Jaipur,New,27757,1449,388,32,27191,51102.88,5.22,26.78,2.21,18.77,849.72,1.88,87.94,November,11
2026-11-16 01:45:43.028605,Summer Sale,Google Ads,25-34,Other,Pune,Returning,117136,9000,2276,591,15367,816971.51,7.68,25.29,6.57,1.71,26.0,53.16,5216.4,November,11
2026-11-16 03:30:34.206841,Clearance Sale,Google Ads,55+,Male,Kolkata,Returning,102342,10232,1803,479,25716,1310887.73,10.0,17.62,4.68,2.51,53.69,50.98,4997.56,November,11
2026-11-16 05:15:25.385077,New Year Offer,Email,35-44,Male,Delhi,New,98760,7303,1327,222,4503,490096.11,7.39,18.17,3.04,0.62,20.28,108.84,10783.77,November,11
2026-11-16 07:00:16.563312,New Year Offer,YouTube,35-44,Female,Chennai,Returning,144883,10290,3172,413,3827,607394.95,7.1,30.83,4.01,0.37,9.27,158.71,15771.31,November,11
2026-11-16 08:45:07.741548,Diwali Campaign,Facebook,35-44,Other,Delhi,Returning,149709,10314,2812,830,22615,533848.18,6.89,27.26,8.05,2.19,27.25,23.61,2260.59,November,11
2026-11-16 10:29:58.919783,New Year Offer,YouTube,18-24,Other,Nagpur,New,22133,1606,419,84,18089,193512.75,7.26,26.09,5.23,11.26,215.35,10.7,969.78,November,11
2026-11-16 12:14:50.098019,New Year Offer,Instagram,18-24,Other,Hyderabad,New,56986,2324,205,39,12809,53906.43,4.08,8.82,1.68,5.51,328.44,4.21,320.85,November,11
2026-11-16 13:59:41.276255,Winter Sale,Google Ads,35-44,Female,Pune,Returning,65508,2543,329,94,16355,63583.06,3.88,12.94,3.7,6.43,173.99,3.89,288.77,November,11
2026-11-16 15:44:32.454490,Monsoon Offer,Email,45-54,Male,Ahmedabad,New,11401,918,312,52,25236,105597.58,8.05,33.99,5.66,27.49,485.31,4.18,318.44,November,11
2026-11-16 17:29:23.632726,Clearance Sale,YouTube,45-54,Female,Ahmedabad,New,110313,1630,330,87,45644,113753.99,1.48,20.25,5.34,28.0,524.64,2.49,149.22,November,11
2026-11-16 19:14:14.810962,Clearance Sale,Email,18-24,Male,Kolkata,New,146973,11512,3349,784,16947,1055374.76,7.83,29.09,6.81,1.47,21.62,62.28,6127.5,November,11
2026-11-16 20:59:05.989197,Clearance Sale,YouTube,35-44,Female,Chennai,New,79621,6628,1226,359,28085,609555.19,8.32,18.5,5.42,4.24,78.23,21.7,2070.39,November,11
2026-11-16 22:43:57.167433,Festival Campaign,Instagram,45-54,Female,Mumbai,New,129673,7384,2114,368,8632,844076.79,5.69,28.63,4.98,1.17,23.46,97.78,9678.46,November,11
2026-11-17 00:28:48.345669,Product Launch,Facebook,18-24,Other,Ahmedabad,New,136545,12550,1407,393,11886,467994.69,9.19,11.21,3.13,0.95,30.24,39.37,3837.36,November,11
2026-11-17 02:13:39.523904,Monsoon Offer,Email,35-44,Female,Mumbai,New,91299,4800,438,89,23400,62510.47,5.26,9.12,1.85,4.88,262.92,2.67,167.14,November,11
2026-11-17 03:58:30.702140,Clearance Sale,Email,25-34,Male,Ahmedabad,Returning,68171,1774,365,67,32792,104591.31,2.6,20.57,3.78,18.48,489.43,3.19,218.95,November,11
2026-11-17 05:43:21.880376,New Year Offer,Facebook,35-44,Female,Pune,New,20354,865,207,30,33050,19119.41,4.25,23.93,3.47,38.21,1101.67,0.58,-42.15,November,11
2026-11-17 07:28:13.058611,New Year Offer,Email,35-44,Female,Ahmedabad,New,68860,6302,1054,212,25008,475552.31,9.15,16.72,3.36,3.97,117.96,19.02,1801.6,November,11
2026-11-17 09:13:04.236847,Clearance Sale,Email,55+,Male,Nagpur,New,19504,1939,529,108,19282,312995.74,9.94,27.28,5.57,9.94,178.54,16.23,1523.25,November,11
2026-11-17 10:57:55.415083,Diwali Campaign,YouTube,55+,Other,Bangalore,New,144595,6935,1483,411,8523,882374.67,4.8,21.38,5.93,1.23,20.74,103.53,10252.86,November,11
2026-11-17 12:42:46.593318,Clearance Sale,YouTube,25-34,Male,Kolkata,Returning,84243,2107,696,163,12438,193721.61,2.5,33.03,7.74,5.9,76.31,15.57,1457.5,November,11
2026-11-17 14:27:37.771554,New Year Offer,Facebook,25-34,Male,Hyderabad,Returning,138890,4968,511,133,44359,126916.04,3.58,10.29,2.68,8.93,333.53,2.86,186.11,November,11
2026-11-17 16:12:28.949789,Festival Campaign,Instagram,35-44,Male,Ahmedabad,New,96703,5782,566,141,21991,152556.21,5.98,9.79,2.44,3.8,155.96,6.94,593.72,November,11
2026-11-17 17:57:20.128025,Summer Sale,Email,45-54,Female,Chennai,Returning,101407,6235,2022,284,35759,299343.1,6.15,32.43,4.55,5.74,125.91,8.37,737.11,November,11
2026-11-17 19:42:11.306261,Summer Sale,Instagram,25-34,Female,Hyderabad,Returning,33982,2266,590,73,3287,93774.07,6.67,26.04,3.22,1.45,45.03,28.53,2752.88,November,11
2026-11-17 21:27:02.484496,Monsoon Offer,Facebook,35-44,Male,Mumbai,Returning,11049,941,245,33,18796,24531.1,8.52,26.04,3.51,19.97,569.58,1.31,30.51,November,11
2026-11-17 23:11:53.662732,Monsoon Offer,Facebook,18-24,Male,Delhi,Returning,23381,1730,151,16,7532,43828.76,7.4,8.73,0.92,4.35,470.75,5.82,481.9,November,11
2026-11-18 00:56:44.840968,Clearance Sale,YouTube,55+,Other,Nagpur,Returning,58390,1954,651,107,46137,290269.73,3.35,33.32,5.48,23.61,431.19,6.29,529.15,November,11
2026-11-18 02:41:36.019203,Winter Sale,Email,45-54,Female,Jaipur,New,22061,1004,289,64,36208,130437.8,4.55,28.78,6.37,36.06,565.75,3.6,260.25,November,11
2026-11-18 04:26:27.197439,Clearance Sale,Google Ads,35-44,Female,Jaipur,New,81241,6952,1990,394,24996,257991.56,8.56,28.62,5.67,3.6,63.44,10.32,932.13,November,11
2026-11-18 06:11:18.375675,Diwali Campaign,Facebook,18-24,Female,Hyderabad,New,60296,4040,1317,302,7885,758020.56,6.7,32.6,7.48,1.95,26.11,96.13,9513.45,November,11
2026-11-18 07:56:09.553910,Clearance Sale,Email,55+,Female,Delhi,Returning,74535,1861,439,69,24476,45158.53,2.5,23.59,3.71,13.15,354.72,1.85,84.5,November,11
2026-11-18 09:41:00.732146,Monsoon Offer,Instagram,18-24,Male,Chennai,New,109009,4283,799,100,37036,76605.31,3.93,18.66,2.33,8.65,370.36,2.07,106.84,November,11
2026-11-18 11:25:51.910382,Summer Sale,YouTube,35-44,Male,Hyderabad,Returning,75191,6105,1280,159,9864,208805.32,8.12,20.97,2.6,1.62,62.04,21.17,2016.84,November,11
2026-11-18 13:10:43.088617,New Year Offer,Instagram,25-34,Other,Mumbai,New,61576,1569,454,96,17565,151552.88,2.55,28.94,6.12,11.2,182.97,8.63,762.81,November,11
2026-11-18 14:55:34.266853,Clearance Sale,Facebook,55+,Female,Pune,New,38147,2754,791,91,30088,126009.74,7.22,28.72,3.3,10.93,330.64,4.19,318.8,November,11
2026-11-18 16:40:25.445089,New Year Offer,Facebook,18-24,Female,Hyderabad,New,126622,7688,1880,314,3185,286705.38,6.07,24.45,4.08,0.41,10.14,90.02,8901.74,November,11
2026-11-18 18:25:16.623324,New Year Offer,Instagram,25-34,Male,Jaipur,New,78020,1815,252,31,23641,24190.05,2.33,13.88,1.71,13.03,762.61,1.02,2.32,November,11
2026-11-18 20:10:07.801560,Winter Sale,Facebook,45-54,Other,Bangalore,Returning,142817,10282,3095,698,30846,1848679.57,7.2,30.1,6.79,3.0,44.19,59.93,5893.26,November,11
2026-11-18 21:54:58.979795,New Year Offer,Email,35-44,Male,Jaipur,New,51929,1184,301,64,19348,90109.0,2.28,25.42,5.41,16.34,302.31,4.66,365.73,November,11
2026-11-18 23:39:50.158031,Summer Sale,Facebook,35-44,Female,Delhi,New,72637,3331,465,76,46408,79533.88,4.59,13.96,2.28,13.93,610.63,1.71,71.38,November,11
2026-11-19 01:24:41.336267,Festival Campaign,YouTube,55+,Female,Mumbai,Returning,140860,5320,1115,120,39311,206097.41,3.78,20.96,2.26,7.39,327.59,5.24,424.27,November,11
2026-11-19 03:09:32.514502,Festival Campaign,Email,18-24,Other,Chennai,Returning,76313,5502,1921,243,45439,143870.22,7.21,34.91,4.42,8.26,186.99,3.17,216.62,November,11
2026-11-19 04:54:23.692738,Product Launch,Google Ads,45-54,Male,Nagpur,New,19525,1570,264,48,40654,96033.74,8.04,16.82,3.06,25.89,846.96,2.36,136.22,November,11
2026-11-19 06:39:14.870974,Diwali Campaign,Facebook,55+,Female,Kolkata,New,139228,3501,390,114,30638,127819.53,2.51,11.14,3.26,8.75,268.75,4.17,317.19,November,11
2026-11-19 08:24:06.049209,Clearance Sale,Facebook,55+,Female,Bangalore,Returning,53348,4432,380,53,40408,105761.02,8.31,8.57,1.2,9.12,762.42,2.62,161.73,November,11
2026-11-19 10:08:57.227445,Diwali Campaign,YouTube,18-24,Other,Nagpur,Returning,70447,750,97,11,30154,22388.44,1.06,12.93,1.47,40.21,2741.27,0.74,-25.75,November,11
2026-11-19 11:53:48.405681,Summer Sale,YouTube,45-54,Female,Hyderabad,New,120709,6965,908,116,36912,292675.02,5.77,13.04,1.67,5.3,318.21,7.93,692.9,November,11
2026-11-19 13:38:39.583916,New Year Offer,Instagram,18-24,Female,Bangalore,Returning,96030,5426,1691,398,23548,427755.23,5.65,31.16,7.34,4.34,59.17,18.17,1716.52,November,11
2026-11-19 15:23:30.762152,Festival Campaign,Instagram,35-44,Male,Delhi,Returning,143113,9466,1156,325,34012,539065.02,6.61,12.21,3.43,3.59,104.65,15.85,1484.93,November,11
2026-11-19 17:08:21.940388,Diwali Campaign,Instagram,25-34,Other,Mumbai,New,89866,2837,887,85,3634,246901.06,3.16,31.27,3.0,1.28,42.75,67.94,6694.2,November,11
2026-11-19 18:53:13.118623,Summer Sale,YouTube,35-44,Other,Chennai,New,61826,673,69,16,10577,37084.99,1.09,10.25,2.38,15.72,661.06,3.51,250.62,November,11
2026-11-19 20:38:04.296859,Festival Campaign,Instagram,35-44,Other,Nagpur,New,115808,5897,1915,361,20687,1060747.79,5.09,32.47,6.12,3.51,57.3,51.28,5027.61,November,11
2026-11-19 22:22:55.475095,New Year Offer,Instagram,55+,Male,Hyderabad,Returning,137749,2262,337,88,48621,248020.46,1.64,14.9,3.89,21.49,552.51,5.1,410.11,November,11
2026-11-20 00:07:46.653330,Diwali Campaign,Google Ads,35-44,Other,Mumbai,New,105822,9555,2341,404,19916,818856.08,9.03,24.5,4.23,2.08,49.3,41.12,4011.55,November,11
2026-11-20 01:52:37.831566,Festival Campaign,Instagram,45-54,Female,Hyderabad,New,38028,974,119,9,33304,10438.43,2.56,12.22,0.92,34.19,3700.44,0.31,-68.66,November,11
2026-11-20 03:37:29.009801,Clearance Sale,Facebook,35-44,Other,Chennai,New,42887,2070,383,88,22081,210523.31,4.83,18.5,4.25,10.67,250.92,9.53,853.41,November,11
2026-11-20 05:22:20.188037,Monsoon Offer,YouTube,45-54,Female,Nagpur,Returning,75045,3681,379,97,48609,217793.92,4.91,10.3,2.64,13.21,501.12,4.48,348.05,November,11
2026-11-20 07:07:11.366273,Clearance Sale,Email,18-24,Other,Hyderabad,New,114136,6820,1612,448,33620,883556.93,5.98,23.64,6.57,4.93,75.04,26.28,2528.07,November,11
2026-11-20 08:52:02.544508,Product Launch,Google Ads,55+,Other,Mumbai,New,37428,3010,521,106,3952,237924.75,8.04,17.31,3.52,1.31,37.28,60.2,5920.36,November,11
2026-11-20 10:36:53.722744,Product Launch,YouTube,45-54,Male,Hyderabad,Returning,142685,7490,2322,248,38573,504423.58,5.25,31.0,3.31,5.15,155.54,13.08,1207.71,November,11
2026-11-20 12:21:44.900980,Festival Campaign,YouTube,35-44,Other,Nagpur,Returning,58343,718,92,14,26970,25178.27,1.23,12.81,1.95,37.56,1926.43,0.93,-6.64,November,11
2026-11-20 14:06:36.079215,Monsoon Offer,Facebook,55+,Other,Mumbai,New,83159,6602,1027,259,42550,398831.17,7.94,15.56,3.92,6.45,164.29,9.37,837.32,November,11
2026-11-20 15:51:27.257451,Summer Sale,Instagram,55+,Male,Delhi,New,111337,1936,247,46,32099,28141.46,1.74,12.76,2.38,16.58,697.8,0.88,-12.33,November,11
2026-11-20 17:36:18.435687,Clearance Sale,Facebook,45-54,Female,Pune,New,62088,4205,976,228,30398,607442.11,6.77,23.21,5.42,7.23,133.32,19.98,1898.3,November,11
2026-11-20 19:21:09.613922,Summer Sale,Instagram,45-54,Other,Mumbai,Returning,39653,3263,359,29,47175,77251.69,8.23,11.0,0.89,14.46,1626.72,1.64,63.76,November,11
2026-11-20 21:06:00.792158,Monsoon Offer,Instagram,25-34,Other,Bangalore,New,87512,3101,406,39,28555,77419.61,3.54,13.09,1.26,9.21,732.18,2.71,171.12,November,11
2026-11-20 22:50:51.970394,Summer Sale,YouTube,25-34,Female,Pune,New,119122,6006,1580,363,40980,424605.01,5.04,26.31,6.04,6.82,112.89,10.36,936.13,November,11
2026-11-21 00:35:43.148629,Monsoon Offer,Instagram,55+,Male,Hyderabad,Returning,25718,290,29,4,7130,2281.31,1.13,10.0,1.38,24.59,1782.5,0.32,-68.0,November,11
2026-11-21 02:20:34.326865,Festival Campaign,Google Ads,25-34,Other,Nagpur,Returning,84877,6989,1961,324,27326,163157.33,8.23,28.06,4.64,3.91,84.34,5.97,497.08,November,11
2026-11-21 04:05:25.505101,Summer Sale,Google Ads,35-44,Male,Mumbai,New,64219,4706,509,112,46533,76414.07,7.33,10.82,2.38,9.89,415.47,1.64,64.21,November,11
2026-11-21 05:50:16.683336,Clearance Sale,Google Ads,18-24,Female,Nagpur,Returning,123500,3806,906,94,6386,131573.29,3.08,23.8,2.47,1.68,67.94,20.6,1960.34,November,11
2026-11-21 07:35:07.861572,New Year Offer,YouTube,55+,Female,Mumbai,New,36285,1637,571,150,46837,145648.48,4.51,34.88,9.16,28.61,312.25,3.11,210.97,November,11
2026-11-21 09:19:59.039807,Product Launch,Facebook,18-24,Male,Nagpur,New,62310,4522,574,64,45697,74409.29,7.26,12.69,1.42,10.11,714.02,1.63,62.83,November,11
2026-11-21 11:04:50.218043,New Year Offer,Email,25-34,Female,Bangalore,Returning,134246,5669,853,205,29999,461075.94,4.22,15.05,3.62,5.29,146.34,15.37,1436.97,November,11
2026-11-21 12:49:41.396279,Summer Sale,Instagram,45-54,Female,Kolkata,Returning,120545,2967,957,138,46841,399906.67,2.46,32.25,4.65,15.79,339.43,8.54,753.75,November,11
2026-11-21 14:34:32.574514,New Year Offer,Email,55+,Other,Pune,Returning,104873,5942,1480,203,19149,206438.74,5.67,24.91,3.42,3.22,94.33,10.78,978.07,November,11
2026-11-21 16:19:23.752750,Clearance Sale,Facebook,25-34,Male,Pune,Returning,141527,10631,2264,590,34586,981824.8,7.51,21.3,5.55,3.25,58.62,28.39,2738.79,November,11
2026-11-21 18:04:14.930986,Clearance Sale,Facebook,35-44,Other,Mumbai,New,83179,3233,749,150,16294,446804.78,3.89,23.17,4.64,5.04,108.63,27.42,2642.14,November,11
2026-11-21 19:49:06.109221,Summer Sale,YouTube,55+,Male,Hyderabad,Returning,137185,2875,459,57,13727,161263.6,2.1,15.97,1.98,4.77,240.82,11.75,1074.79,November,11
2026-11-21 21:33:57.287457,Festival Campaign,Google Ads,55+,Other,Chennai,Returning,18867,1597,496,39,9090,53850.84,8.46,31.06,2.44,5.69,233.08,5.92,492.42,November,11
2026-11-21 23:18:48.465693,New Year Offer,Google Ads,45-54,Female,Chennai,New,35577,1165,327,96,8495,124725.37,3.27,28.07,8.24,7.29,88.49,14.68,1368.22,November,11
2026-11-22 01:03:39.643928,Festival Campaign,Facebook,55+,Male,Pune,New,101007,5671,1437,251,32025,277462.08,5.61,25.34,4.43,5.65,127.59,8.66,766.39,November,11
2026-11-22 02:48:30.822164,Festival Campaign,YouTube,45-54,Male,Kolkata,New,53314,3850,1276,213,15147,189252.02,7.22,33.14,5.53,3.93,71.11,12.49,1149.44,November,11
2026-11-22 04:33:22.000400,Monsoon Offer,YouTube,25-34,Male,Chennai,Returning,10059,387,91,8,6552,13201.04,3.85,23.51,2.07,16.93,819.0,2.01,101.48,November,11
2026-11-22 06:18:13.178635,Winter Sale,Instagram,35-44,Male,Ahmedabad,New,98231,6716,1465,405,20362,547884.52,6.84,21.81,6.03,3.03,50.28,26.91,2590.72,November,11
2026-11-22 08:03:04.356871,Summer Sale,Google Ads,35-44,Female,Chennai,Returning,131696,6765,2323,257,42315,607058.15,5.14,34.34,3.8,6.25,164.65,14.35,1334.62,November,11
2026-11-22 09:47:55.535107,Product Launch,Facebook,55+,Female,Jaipur,Returning,11794,723,98,15,24897,16382.49,6.13,13.55,2.07,34.44,1659.8,0.66,-34.2,November,11
2026-11-22 11:32:46.713342,Clearance Sale,Email,55+,Female,Nagpur,Returning,136142,8597,1017,175,27978,409645.35,6.31,11.83,2.04,3.25,159.87,14.64,1364.17,November,11
2026-11-22 13:17:37.891578,Clearance Sale,Google Ads,25-34,Other,Pune,Returning,20721,1744,215,55,13996,67120.16,8.42,12.33,3.15,8.03,254.47,4.8,379.57,November,11
2026-11-22 15:02:29.069813,Summer Sale,Instagram,45-54,Female,Kolkata,New,15686,1083,375,59,20898,116927.5,6.9,34.63,5.45,19.3,354.2,5.6,459.52,November,11
2026-11-22 16:47:20.248049,Monsoon Offer,YouTube,35-44,Other,Hyderabad,New,105003,3547,908,178,12739,373101.39,3.38,25.6,5.02,3.59,71.57,29.29,2828.81,November,11
2026-11-22 18:32:11.426285,Diwali Campaign,Facebook,45-54,Other,Mumbai,New,72722,1117,181,31,19777,67563.06,1.54,16.2,2.78,17.71,637.97,3.42,241.62,November,11
2026-11-22 20:17:02.604520,Diwali Campaign,Google Ads,25-34,Female,Delhi,New,49348,502,73,10,16297,9383.47,1.02,14.54,1.99,32.46,1629.7,0.58,-42.42,November,11
2026-11-22 22:01:53.782756,Diwali Campaign,Email,35-44,Female,Bangalore,New,23533,2150,204,58,4743,69993.15,9.14,9.49,2.7,2.21,81.78,14.76,1375.71,November,11
2026-11-22 23:46:44.960992,Monsoon Offer,Instagram,35-44,Female,Pune,Returning,71422,6770,782,199,16536,221942.55,9.48,11.55,2.94,2.44,83.1,13.42,1242.18,November,11
2026-11-23 01:31:36.139227,Product Launch,Instagram,18-24,Other,Kolkata,Returning,144625,2671,868,102,8436,197920.9,1.85,32.5,3.82,3.16,82.71,23.46,2246.15,November,11
2026-11-23 03:16:27.317463,Clearance Sale,Google Ads,25-34,Male,Mumbai,Returning,128360,6910,1947,393,33589,270920.84,5.38,28.18,5.69,4.86,85.47,8.07,706.58,November,11
2026-11-23 05:01:18.495699,Summer Sale,Email,25-34,Female,Delhi,Returning,18144,428,143,36,3421,64643.08,2.36,33.41,8.41,7.99,95.03,18.9,1789.6,November,11
2026-11-23 06:46:09.673934,Monsoon Offer,Instagram,18-24,Other,Jaipur,New,117578,11215,2180,452,42184,324837.77,9.54,19.44,4.03,3.76,93.33,7.7,670.05,November,11
2026-11-23 08:31:00.852170,Clearance Sale,Facebook,45-54,Other,Pune,Returning,101045,3255,788,148,9808,198710.72,3.22,24.21,4.55,3.01,66.27,20.26,1926.01,November,11
2026-11-23 10:15:52.030406,Festival Campaign,Instagram,18-24,Female,Hyderabad,Returning,146509,8079,1701,163,40481,361332.73,5.51,21.05,2.02,5.01,248.35,8.93,792.6,November,11
2026-11-23 12:00:43.208641,New Year Offer,Email,25-34,Other,Bangalore,Returning,100083,2492,792,81,38945,124044.22,2.49,31.78,3.25,15.63,480.8,3.19,218.51,November,11
2026-11-23 13:45:34.386877,New Year Offer,YouTube,45-54,Female,Delhi,Returning,33830,1351,469,62,39544,74452.99,3.99,34.72,4.59,29.27,637.81,1.88,88.28,November,11
2026-11-23 15:30:25.565113,Monsoon Offer,YouTube,35-44,Other,Hyderabad,Returning,120581,4101,1360,262,23774,534386.45,3.4,33.16,6.39,5.8,90.74,22.48,2147.78,November,11
2026-11-23 17:15:16.743348,Clearance Sale,Google Ads,18-24,Male,Chennai,Returning,84285,4449,1074,319,26112,749864.62,5.28,24.14,7.17,5.87,81.86,28.72,2771.72,November,11
2026-11-23 19:00:07.921584,Winter Sale,Email,45-54,Other,Mumbai,New,56553,2702,261,66,26594,75006.51,4.78,9.66,2.44,9.84,402.94,2.82,182.04,November,11
2026-11-23 20:44:59.099819,Product Launch,Instagram,45-54,Female,Pune,New,146987,5845,1442,150,27769,187274.96,3.98,24.67,2.57,4.75,185.13,6.74,574.4,November,11
2026-11-23 22:29:50.278055,Diwali Campaign,Instagram,45-54,Male,Mumbai,Returning,38695,755,80,19,15598,39913.96,1.95,10.6,2.52,20.66,820.95,2.56,155.89,November,11
2026-11-24 00:14:41.456291,Product Launch,YouTube,18-24,Female,Delhi,Returning,24703,1324,155,40,32291,116522.33,5.36,11.71,3.02,24.39,807.28,3.61,260.85,November,11
2026-11-24 01:59:32.634526,Product Launch,YouTube,35-44,Other,Ahmedabad,Returning,77918,6741,887,151,31594,156236.51,8.65,13.16,2.24,4.69,209.23,4.95,394.51,November,11
2026-11-24 03:44:23.812762,Monsoon Offer,Facebook,45-54,Male,Ahmedabad,Returning,40128,3038,541,82,17980,175120.77,7.57,17.81,2.7,5.92,219.27,9.74,873.98,November,11
2026-11-24 05:29:14.990998,Festival Campaign,YouTube,18-24,Male,Bangalore,Returning,63250,4734,1135,236,47427,652888.01,7.48,23.98,4.99,10.02,200.96,13.77,1276.62,November,11
2026-11-24 07:14:06.169233,Product Launch,Facebook,25-34,Other,Chennai,New,117777,5058,860,167,30405,276371.12,4.29,17.0,3.3,6.01,182.07,9.09,808.97,November,11
2026-11-24 08:58:57.347469,New Year Offer,Instagram,18-24,Male,Jaipur,New,47126,3475,702,97,40819,125334.72,7.37,20.2,2.79,11.75,420.81,3.07,207.05,November,11
2026-11-24 10:43:48.525705,Festival Campaign,Facebook,18-24,Male,Kolkata,Returning,116616,6052,561,93,41879,201547.52,5.19,9.27,1.54,6.92,450.31,4.81,381.26,November,11
2026-11-24 12:28:39.703940,Summer Sale,Facebook,18-24,Male,Pune,New,56799,1336,330,65,7391,37607.67,2.35,24.7,4.87,5.53,113.71,5.09,408.83,November,11
2026-11-24 14:13:30.882176,Product Launch,Google Ads,45-54,Female,Pune,Returning,42907,2047,526,109,27813,152643.75,4.77,25.7,5.32,13.59,255.17,5.49,448.82,November,11
2026-11-24 15:58:22.060412,Product Launch,YouTube,18-24,Female,Delhi,Returning,17644,387,41,8,43555,9159.48,2.19,10.59,2.07,112.55,5444.38,0.21,-78.97,November,11
2026-11-24 17:43:13.238647,Summer Sale,Facebook,25-34,Male,Ahmedabad,New,44583,905,264,70,23104,74308.8,2.03,29.17,7.73,25.53,330.06,3.22,221.63,November,11
2026-11-24 19:28:04.416883,Product Launch,Instagram,45-54,Other,Nagpur,New,64560,779,198,17,23393,16139.77,1.21,25.42,2.18,30.03,1376.06,0.69,-31.01,November,11
2026-11-24 21:12:55.595119,Summer Sale,Email,25-34,Other,Jaipur,New,120634,4277,907,139,7905,325629.5,3.55,21.21,3.25,1.85,56.87,41.19,4019.29,November,11
2026-11-24 22:57:46.773354,Festival Campaign,Facebook,55+,Female,Delhi,New,115589,4597,1053,257,38104,742151.62,3.98,22.91,5.59,8.29,148.26,19.48,1847.7,November,11
2026-11-25 00:42:37.951590,New Year Offer,YouTube,18-24,Other,Jaipur,Returning,51988,3792,818,182,39685,266070.64,7.29,21.57,4.8,10.47,218.05,6.7,570.46,November,11
2026-11-25 02:27:29.129825,Summer Sale,Google Ads,45-54,Male,Nagpur,New,33162,1937,183,51,48576,31760.67,5.84,9.45,2.63,25.08,952.47,0.65,-34.62,November,11
2026-11-25 04:12:20.308061,Winter Sale,Instagram,45-54,Other,Ahmedabad,New,105373,9194,2560,535,4114,1229044.55,8.73,27.84,5.82,0.45,7.69,298.75,29774.69,November,11
2026-11-25 05:57:11.486297,Monsoon Offer,Google Ads,18-24,Female,Hyderabad,New,46003,1190,259,57,29795,105194.12,2.59,21.76,4.79,25.04,522.72,3.53,253.06,November,11
2026-11-25 07:42:02.664532,Monsoon Offer,Email,35-44,Female,Nagpur,Returning,61746,2095,265,62,16010,143164.92,3.39,12.65,2.96,7.64,258.23,8.94,794.22,November,11
2026-11-25 09:26:53.842768,Summer Sale,Facebook,35-44,Male,Delhi,Returning,76923,7284,1921,232,41808,491784.42,9.47,26.37,3.19,5.74,180.21,11.76,1076.29,November,11
2026-11-25 11:11:45.021004,Monsoon Offer,Facebook,25-34,Female,Kolkata,Returning,142055,7097,1899,466,10967,1287832.92,5.0,26.76,6.57,1.55,23.53,117.43,11642.8,November,11
2026-11-25 12:56:36.199239,Product Launch,YouTube,18-24,Female,Jaipur,New,137310,11124,1531,223,25037,189795.41,8.1,13.76,2.0,2.25,112.27,7.58,658.06,November,11
2026-11-25 14:41:27.377475,Diwali Campaign,Facebook,18-24,Female,Chennai,New,57114,3101,914,158,48531,145818.93,5.43,29.47,5.1,15.65,307.16,3.0,200.47,November,11
2026-11-25 16:26:18.555711,Diwali Campaign,Instagram,55+,Other,Delhi,New,107687,5642,1146,95,45936,128622.69,5.24,20.31,1.68,8.14,483.54,2.8,180.0,November,11
2026-11-25 18:11:09.733946,Monsoon Offer,Email,35-44,Female,Hyderabad,Returning,61274,1429,184,48,45556,82966.66,2.33,12.88,3.36,31.88,949.08,1.82,82.12,November,11
2026-11-25 19:56:00.912182,Festival Campaign,Google Ads,35-44,Other,Kolkata,New,29378,2544,655,189,36913,531899.76,8.66,25.75,7.43,14.51,195.31,14.41,1340.96,November,11
2026-11-25 21:40:52.090418,Clearance Sale,Email,18-24,Female,Ahmedabad,New,17548,299,72,6,4627,16604.46,1.7,24.08,2.01,15.47,771.17,3.59,258.86,November,11
2026-11-25 23:25:43.268653,Festival Campaign,Facebook,25-34,Female,Bangalore,Returning,49621,1881,237,52,13050,139343.38,3.79,12.6,2.76,6.94,250.96,10.68,967.77,November,11
2026-11-26 01:10:34.446889,Clearance Sale,Google Ads,18-24,Other,Pune,New,96901,6842,2158,628,12674,663367.29,7.06,31.54,9.18,1.85,20.18,52.34,5134.08,November,11
2026-11-26 02:55:25.625125,Diwali Campaign,YouTube,25-34,Other,Nagpur,New,125423,6980,2168,462,25145,1073776.22,5.57,31.06,6.62,3.6,54.43,42.7,4170.34,November,11
2026-11-26 04:40:16.803360,Diwali Campaign,Email,35-44,Male,Pune,New,99673,8903,2722,695,17264,1013816.91,8.93,30.57,7.81,1.94,24.84,58.72,5772.43,November,11
2026-11-26 06:25:07.981596,Summer Sale,Google Ads,55+,Male,Delhi,New,27870,377,70,7,30768,19795.7,1.35,18.57,1.86,81.61,4395.43,0.64,-35.66,November,11
2026-11-26 08:09:59.159831,New Year Offer,Google Ads,45-54,Other,Ahmedabad,Returning,55738,3815,1154,154,24704,159596.3,6.84,30.25,4.04,6.48,160.42,6.46,546.03,November,11
2026-11-26 09:54:50.338067,Winter Sale,Google Ads,35-44,Female,Mumbai,Returning,77537,4107,1265,197,34961,168069.54,5.3,30.8,4.8,8.51,177.47,4.81,380.73,November,11
2026-11-26 11:39:41.516303,Festival Campaign,Instagram,25-34,Male,Kolkata,Returning,67707,1617,564,166,18759,432589.85,2.39,34.88,10.27,11.6,113.01,23.06,2206.04,November,11
2026-11-26 13:24:32.694538,Product Launch,Email,18-24,Other,Chennai,New,65029,5000,1692,426,8504,976506.59,7.69,33.84,8.52,1.7,19.96,114.83,11382.91,November,11
2026-11-26 15:09:23.872774,Clearance Sale,Google Ads,35-44,Other,Pune,New,46956,2207,404,111,43788,283444.52,4.7,18.31,5.03,19.84,394.49,6.47,547.31,November,11
2026-11-26 16:54:15.051010,Monsoon Offer,Email,55+,Female,Jaipur,Returning,23886,1381,184,34,33783,30425.19,5.78,13.32,2.46,24.46,993.62,0.9,-9.94,November,11
2026-11-26 18:39:06.229245,Product Launch,Google Ads,25-34,Other,Hyderabad,New,96281,9344,1485,352,32819,954617.57,9.7,15.89,3.77,3.51,93.24,29.09,2808.73,November,11
2026-11-26 20:23:57.407481,New Year Offer,YouTube,18-24,Male,Pune,Returning,114653,6163,1316,317,24861,695514.13,5.38,21.35,5.14,4.03,78.43,27.98,2697.61,November,11
2026-11-26 22:08:48.585717,Clearance Sale,YouTube,45-54,Female,Delhi,Returning,121705,10235,3044,624,38340,1328434.85,8.41,29.74,6.1,3.75,61.44,34.65,3364.88,November,11
2026-11-26 23:53:39.763952,Festival Campaign,YouTube,25-34,Other,Kolkata,New,125431,9941,2735,747,25289,1461475.36,7.93,27.51,7.51,2.54,33.85,57.79,5679.1,November,11
2026-11-27 01:38:30.942188,Summer Sale,Facebook,18-24,Other,Kolkata,Returning,16162,1125,329,37,26821,89251.07,6.96,29.24,3.29,23.84,724.89,3.33,232.77,November,11
2026-11-27 03:23:22.120424,Product Launch,Google Ads,45-54,Female,Nagpur,Returning,124227,11269,2057,190,15271,292413.95,9.07,18.25,1.69,1.36,80.37,19.15,1814.83,November,11
2026-11-27 05:08:13.298659,New Year Offer,Facebook,18-24,Female,Mumbai,Returning,92293,3012,441,64,45116,53251.4,3.26,14.64,2.12,14.98,704.94,1.18,18.03,November,11
2026-11-27 06:53:04.476895,Festival Campaign,Email,45-54,Female,Nagpur,Returning,146977,12326,1066,105,10193,194057.03,8.39,8.65,0.85,0.83,97.08,19.04,1803.83,November,11
2026-11-27 08:37:55.655131,Diwali Campaign,Facebook,45-54,Male,Bangalore,Returning,128815,5667,1411,131,44718,310503.39,4.4,24.9,2.31,7.89,341.36,6.94,594.36,November,11
2026-11-27 10:22:46.833366,Diwali Campaign,Email,45-54,Male,Chennai,Returning,136614,11355,3345,576,38516,509252.33,8.31,29.46,5.07,3.39,66.87,13.22,1222.18,November,11
2026-11-27 12:07:38.011602,Festival Campaign,Email,18-24,Other,Ahmedabad,New,120580,6564,2100,260,35707,275613.43,5.44,31.99,3.96,5.44,137.33,7.72,671.88,November,11
2026-11-27 13:52:29.189837,Festival Campaign,Email,45-54,Other,Delhi,Returning,67483,5884,1227,311,41173,697064.22,8.72,20.85,5.29,7.0,132.39,16.93,1593.01,November,11
2026-11-27 15:37:20.368073,Festival Campaign,Facebook,25-34,Female,Delhi,Returning,48457,4387,1449,300,12021,352238.2,9.05,33.03,6.84,2.74,40.07,29.3,2830.19,November,11
2026-11-27 17:22:11.546309,Clearance Sale,Google Ads,55+,Other,Ahmedabad,New,94940,6056,815,129,12040,119305.93,6.38,13.46,2.13,1.99,93.33,9.91,890.91,November,11
2026-11-27 19:07:02.724544,Festival Campaign,Facebook,55+,Other,Ahmedabad,New,29676,1652,361,51,10899,138897.49,5.57,21.85,3.09,6.6,213.71,12.74,1174.41,November,11
2026-11-27 20:51:53.902780,Product Launch,Google Ads,45-54,Female,Ahmedabad,Returning,98796,7952,1095,223,42749,201199.16,8.05,13.77,2.8,5.38,191.7,4.71,370.65,November,11
2026-11-27 22:36:45.081016,New Year Offer,Google Ads,55+,Male,Mumbai,New,82433,2805,366,64,29552,87063.77,3.4,13.05,2.28,10.54,461.75,2.95,194.61,November,11
2026-11-28 00:21:36.259251,Clearance Sale,Email,55+,Male,Ahmedabad,New,130026,1479,499,46,7344,72269.48,1.14,33.74,3.11,4.97,159.65,9.84,884.06,November,11
2026-11-28 02:06:27.437487,Festival Campaign,Facebook,45-54,Male,Ahmedabad,Returning,142636,6652,2000,452,16402,764038.18,4.66,30.07,6.79,2.47,36.29,46.58,4558.2,November,11
2026-11-28 03:51:18.615723,Winter Sale,Google Ads,45-54,Other,Pune,New,24219,1348,112,21,10203,29468.77,5.57,8.31,1.56,7.57,485.86,2.89,188.82,November,11
2026-11-28 05:36:09.793958,Monsoon Offer,YouTube,25-34,Female,Jaipur,Returning,130082,4780,728,102,16318,283697.32,3.67,15.23,2.13,3.41,159.98,17.39,1638.55,November,11
2026-11-28 07:21:00.972194,Winter Sale,Google Ads,35-44,Male,Kolkata,Returning,12948,576,77,11,45489,23612.19,4.45,13.37,1.91,78.97,4135.36,0.52,-48.09,November,11
2026-11-28 09:05:52.150430,New Year Offer,YouTube,18-24,Other,Ahmedabad,Returning,45902,1008,120,21,8440,29373.47,2.2,11.9,2.08,8.37,401.9,3.48,248.03,November,11
2026-11-28 10:50:43.328665,Diwali Campaign,Facebook,45-54,Female,Pune,Returning,18969,663,177,46,46209,64137.77,3.5,26.7,6.94,69.7,1004.54,1.39,38.8,November,11
2026-11-28 12:35:34.506901,Summer Sale,Facebook,45-54,Male,Bangalore,New,72805,2301,536,92,5892,161679.07,3.16,23.29,4.0,2.56,64.04,27.44,2644.04,November,11
2026-11-28 14:20:25.685137,Summer Sale,Facebook,55+,Male,Kolkata,Returning,30646,1136,230,60,23008,35049.48,3.71,20.25,5.28,20.25,383.47,1.52,52.34,November,11
2026-11-28 16:05:16.863372,Monsoon Offer,Google Ads,25-34,Female,Chennai,New,65818,2429,318,55,9687,154913.39,3.69,13.09,2.26,3.99,176.13,15.99,1499.19,November,11
2026-11-28 17:50:08.041608,Diwali Campaign,Instagram,55+,Other,Kolkata,New,13678,824,127,33,26807,34923.02,6.02,15.41,4.0,32.53,812.33,1.3,30.28,November,11
2026-11-28 19:34:59.219843,Clearance Sale,Google Ads,45-54,Other,Mumbai,Returning,103055,3354,590,168,42072,376988.88,3.25,17.59,5.01,12.54,250.43,8.96,796.06,November,11
2026-11-28 21:19:50.398079,Clearance Sale,Google Ads,45-54,Male,Ahmedabad,Returning,125686,11900,3475,293,18389,716181.91,9.47,29.2,2.46,1.55,62.76,38.95,3794.62,November,11
2026-11-28 23:04:41.576315,Clearance Sale,Email,55+,Female,Kolkata,New,133439,7474,2594,243,33152,624135.18,5.6,34.71,3.25,4.44,136.43,18.83,1782.65,November,11
2026-11-29 00:49:32.754550,Summer Sale,Email,45-54,Other,Bangalore,Returning,140395,3033,393,43,40222,39306.55,2.16,12.96,1.42,13.26,935.4,0.98,-2.28,November,11
2026-11-29 02:34:23.932786,Winter Sale,Google Ads,35-44,Female,Mumbai,Returning,128189,4507,776,82,28875,151022.08,3.52,17.22,1.82,6.41,352.13,5.23,423.02,November,11
2026-11-29 04:19:15.111022,Summer Sale,YouTube,18-24,Female,Ahmedabad,Returning,14014,1060,164,29,33552,20566.39,7.56,15.47,2.74,31.65,1156.97,0.61,-38.7,November,11
2026-11-29 06:04:06.289257,Product Launch,Email,18-24,Male,Nagpur,New,146179,1641,150,37,37939,92943.29,1.12,9.14,2.25,23.12,1025.38,2.45,144.98,November,11
2026-11-29 07:48:57.467493,Festival Campaign,Google Ads,18-24,Female,Kolkata,New,112632,10632,1479,431,31939,739651.53,9.44,13.91,4.05,3.0,74.1,23.16,2215.83,November,11
2026-11-29 09:33:48.645729,Clearance Sale,Instagram,35-44,Female,Ahmedabad,New,47423,2374,767,131,11469,117405.17,5.01,32.31,5.52,4.83,87.55,10.24,923.67,November,11
2026-11-29 11:18:39.823964,Winter Sale,YouTube,45-54,Female,Nagpur,New,130015,7397,2275,526,20407,1208062.81,5.69,30.76,7.11,2.76,38.8,59.2,5819.85,November,11
2026-11-29 13:03:31.002200,New Year Offer,Facebook,55+,Other,Mumbai,Returning,132308,13092,1639,360,7621,478052.86,9.9,12.52,2.75,0.58,21.17,62.73,6172.84,November,11
2026-11-29 14:48:22.180436,Monsoon Offer,Google Ads,25-34,Male,Hyderabad,Returning,113924,6300,1126,187,15905,147031.84,5.53,17.87,2.97,2.52,85.05,9.24,824.44,November,11
2026-11-29 16:33:13.358671,New Year Offer,Google Ads,45-54,Male,Jaipur,New,117416,11189,1834,437,28775,722223.15,9.53,16.39,3.91,2.57,65.85,25.1,2409.9,November,11
2026-11-29 18:18:04.536907,Festival Campaign,YouTube,35-44,Female,Hyderabad,New,42332,3910,468,98,21101,106635.42,9.24,11.97,2.51,5.4,215.32,5.05,405.36,November,11
2026-11-29 20:02:55.715143,Winter Sale,Email,35-44,Female,Nagpur,New,115308,10921,2708,669,36037,1923746.02,9.47,24.8,6.13,3.3,53.87,53.38,5238.25,November,11
2026-11-29 21:47:46.893378,Summer Sale,Email,18-24,Other,Delhi,New,98935,8222,1894,232,49593,325589.76,8.31,23.04,2.82,6.03,213.76,6.57,556.52,November,11
2026-11-29 23:32:38.071614,Summer Sale,Email,45-54,Male,Jaipur,New,12661,464,90,14,22004,27035.85,3.66,19.4,3.02,47.42,1571.71,1.23,22.87,November,11
2026-11-30 01:17:29.249849,Product Launch,Facebook,18-24,Other,Jaipur,Returning,145870,6006,1867,425,28962,1220133.56,4.12,31.09,7.08,4.82,68.15,42.13,4112.88,November,11
2026-11-30 03:02:20.428085,Product Launch,YouTube,25-34,Male,Bangalore,New,35850,1536,379,40,8226,59372.12,4.28,24.67,2.6,5.36,205.65,7.22,621.76,November,11
2026-11-30 04:47:11.606321,Summer Sale,YouTube,18-24,Other,Bangalore,New,144229,14152,2122,529,8253,738122.79,9.81,14.99,3.74,0.58,15.6,89.44,8843.69,November,11
2026-11-30 06:32:02.784556,New Year Offer,Email,25-34,Female,Ahmedabad,Returning,47485,2016,364,39,49488,35334.55,4.25,18.06,1.93,24.55,1268.92,0.71,-28.6,November,11
2026-11-30 08:16:53.962792,Monsoon Offer,Email,35-44,Other,Kolkata,Returning,146408,2896,349,52,49530,147979.46,1.98,12.05,1.8,17.1,952.5,2.99,198.77,November,11
2026-11-30 10:01:45.141028,Clearance Sale,Instagram,18-24,Female,Hyderabad,Returning,126931,10160,2435,322,11726,805599.55,8.0,23.97,3.17,1.15,36.42,68.7,6770.2,November,11
2026-11-30 11:46:36.319263,New Year Offer,Instagram,18-24,Male,Chennai,New,52280,2245,535,49,38166,51573.85,4.29,23.83,2.18,17.0,778.9,1.35,35.13,November,11
2026-11-30 13:31:27.497499,Monsoon Offer,Google Ads,55+,Male,Delhi,Returning,126779,8352,2630,367,26579,488728.79,6.59,31.49,4.39,3.18,72.42,18.39,1738.78,November,11
2026-11-30 15:16:18.675735,Product Launch,Google Ads,35-44,Female,Chennai,New,123032,11465,3566,1000,24016,2787279.45,9.32,31.1,8.72,2.09,24.02,116.06,11505.93,November,11
2026-11-30 17:01:09.853970,Festival Campaign,YouTube,55+,Male,Ahmedabad,New,89290,5517,1688,145,43000,267263.85,6.18,30.6,2.63,7.79,296.55,6.22,521.54,November,11
2026-11-30 18:46:01.032206,Monsoon Offer,YouTube,25-34,Other,Nagpur,Returning,15209,1024,233,19,49273,35925.88,6.73,22.75,1.86,48.12,2593.32,0.73,-27.09,November,11
2026-11-30 20:30:52.210442,Summer Sale,Facebook,25-34,Female,Jaipur,New,71402,4845,1240,291,34950,617025.11,6.79,25.59,6.01,7.21,120.1,17.65,1665.45,November,11
2026-11-30 22:15:43.388677,Product Launch,Facebook,35-44,Male,Delhi,New,17645,1148,332,53,32735,127486.71,6.51,28.92,4.62,28.51,617.64,3.89,289.45,November,11
2026-12-01 00:00:34.566913,Product Launch,Instagram,25-34,Other,Ahmedabad,Returning,48508,1182,123,16,44423,45571.42,2.44,10.41,1.35,37.58,2776.44,1.03,2.59,December,12
2026-12-01 01:45:25.745149,Clearance Sale,Google Ads,35-44,Other,Delhi,Returning,112458,5744,925,177,3022,443484.6,5.11,16.1,3.08,0.53,17.07,146.75,14575.2,December,12
2026-12-01 03:30:16.923384,Summer Sale,Instagram,25-34,Male,Pune,Returning,67822,725,91,12,44648,34036.48,1.07,12.55,1.66,61.58,3720.67,0.76,-23.77,December,12
2026-12-01 05:15:08.101620,Clearance Sale,Instagram,45-54,Male,Hyderabad,Returning,110969,7364,1606,266,35519,678705.49,6.64,21.81,3.61,4.82,133.53,19.11,1810.82,December,12
2026-12-01 06:59:59.279855,Summer Sale,Google Ads,18-24,Other,Bangalore,Returning,147090,9087,2782,660,4286,406616.2,6.18,30.62,7.26,0.47,6.49,94.87,9387.08,December,12
2026-12-01 08:44:50.458091,Clearance Sale,Facebook,45-54,Female,Hyderabad,Returning,146785,5670,806,85,6860,67476.11,3.86,14.22,1.5,1.21,80.71,9.84,883.62,December,12
2026-12-01 10:29:41.636327,Monsoon Offer,Google Ads,35-44,Male,Chennai,Returning,121375,6936,1923,559,13274,1516137.86,5.71,27.72,8.06,1.91,23.75,114.22,11321.86,December,12
2026-12-01 12:14:32.814562,New Year Offer,Email,35-44,Male,Delhi,Returning,105608,5742,1088,97,13726,55216.39,5.44,18.95,1.69,2.39,141.51,4.02,302.28,December,12
2026-12-01 13:59:23.992798,Festival Campaign,Email,45-54,Female,Mumbai,Returning,106856,3481,1127,290,32282,720776.62,3.26,32.38,8.33,9.27,111.32,22.33,2132.75,December,12
2026-12-01 15:44:15.171034,Festival Campaign,Email,18-24,Female,Bangalore,Returning,123631,4499,1121,268,32777,703395.3,3.64,24.92,5.96,7.29,122.3,21.46,2046.0,December,12
2026-12-01 17:29:06.349269,Summer Sale,YouTube,18-24,Male,Chennai,New,11026,866,297,42,28916,64623.78,7.85,34.3,4.85,33.39,688.48,2.23,123.49,December,12
2026-12-01 19:13:57.527505,Winter Sale,Facebook,55+,Female,Pune,New,80009,6241,913,96,17290,133165.14,7.8,14.63,1.54,2.77,180.1,7.7,670.19,December,12
2026-12-01 20:58:48.705741,Diwali Campaign,Facebook,25-34,Other,Pune,New,101676,5315,1751,468,5377,461452.94,5.23,32.94,8.81,1.01,11.49,85.82,8481.98,December,12
2026-12-01 22:43:39.883976,Product Launch,YouTube,55+,Other,Mumbai,Returning,92506,6898,1216,279,27771,173620.91,7.46,17.63,4.04,4.03,99.54,6.25,525.19,December,12
2026-12-02 00:28:31.062212,Product Launch,Instagram,18-24,Other,Jaipur,New,104564,5288,1311,188,30037,444329.99,5.06,24.79,3.56,5.68,159.77,14.79,1379.28,December,12
2026-12-02 02:13:22.240448,Summer Sale,Email,45-54,Male,Delhi,New,43452,3763,478,40,12696,27372.71,8.66,12.7,1.06,3.37,317.4,2.16,115.6,December,12
2026-12-02 03:58:13.418683,Monsoon Offer,Email,25-34,Female,Pune,New,13268,530,151,43,49472,123051.99,3.99,28.49,8.11,93.34,1150.51,2.49,148.73,December,12
2026-12-02 05:43:04.596919,Clearance Sale,Instagram,45-54,Other,Bangalore,New,90729,8479,2917,492,41160,610994.46,9.35,34.4,5.8,4.85,83.66,14.84,1384.44,December,12
2026-12-02 07:27:55.775155,Winter Sale,Google Ads,55+,Female,Chennai,New,103602,6092,1782,211,24802,524463.88,5.88,29.25,3.46,4.07,117.55,21.15,2014.6,December,12
2026-12-02 09:12:46.953390,New Year Offer,Google Ads,35-44,Other,Mumbai,Returning,141730,8250,2031,569,22302,369398.57,5.82,24.62,6.9,2.7,39.2,16.56,1556.35,December,12
2026-12-02 10:57:38.131626,Clearance Sale,Facebook,45-54,Female,Jaipur,Returning,44064,3100,623,99,47984,182228.97,7.04,20.1,3.19,15.48,484.69,3.8,279.77,December,12
2026-12-02 12:42:29.309861,Clearance Sale,YouTube,55+,Other,Jaipur,Returning,53042,2157,373,67,28446,91974.17,4.07,17.29,3.11,13.19,424.57,3.23,223.33,December,12
2026-12-02 14:27:20.488097,Summer Sale,Facebook,55+,Other,Ahmedabad,New,115454,8680,1676,391,33860,224826.08,7.52,19.31,4.5,3.9,86.6,6.64,563.99,December,12
2026-12-02 16:12:11.666333,Summer Sale,Google Ads,55+,Other,Chennai,New,148864,5781,974,253,27760,541293.09,3.88,16.85,4.38,4.8,109.72,19.5,1849.9,December,12
2026-12-02 17:57:02.844568,Monsoon Offer,Instagram,35-44,Other,Bangalore,Returning,147676,6760,2060,210,12881,600160.43,4.58,30.47,3.11,1.91,61.34,46.59,4559.27,December,12
2026-12-02 19:41:54.022804,Product Launch,Facebook,35-44,Other,Pune,Returning,48557,3434,1102,306,20596,161225.87,7.07,32.09,8.91,6.0,67.31,7.83,682.8,December,12
2026-12-02 21:26:45.201040,Summer Sale,Email,35-44,Other,Ahmedabad,Returning,17420,767,258,73,14837,85854.74,4.4,33.64,9.52,19.34,203.25,5.79,478.65,December,12
2026-12-02 23:11:36.379275,Summer Sale,Email,25-34,Other,Kolkata,New,33018,924,178,24,41992,54216.34,2.8,19.26,2.6,45.45,1749.67,1.29,29.11,December,12
2026-12-03 00:56:27.557511,Summer Sale,Instagram,35-44,Other,Bangalore,Returning,135200,11961,2720,515,11689,1379239.17,8.85,22.74,4.31,0.98,22.7,117.99,11699.46,December,12
2026-12-03 02:41:18.735747,Monsoon Offer,Google Ads,35-44,Other,Delhi,Returning,73076,6795,1602,430,4565,420087.61,9.3,23.58,6.33,0.67,10.62,92.02,9102.36,December,12
2026-12-03 04:26:09.913982,Product Launch,Email,35-44,Female,Chennai,Returning,15108,1003,256,47,27793,31809.22,6.64,25.52,4.69,27.71,591.34,1.14,14.45,December,12
2026-12-03 06:11:01.092218,New Year Offer,Email,45-54,Female,Mumbai,Returning,102686,8523,687,127,7620,66243.64,8.3,8.06,1.49,0.89,60.0,8.69,769.34,December,12
2026-12-03 07:55:52.270454,New Year Offer,YouTube,35-44,Male,Pune,Returning,80783,7981,2454,530,28937,550148.51,9.88,30.75,6.64,3.63,54.6,19.01,1801.19,December,12
2026-12-03 09:40:43.448689,Diwali Campaign,Facebook,25-34,Other,Kolkata,New,83937,5483,835,207,48176,140406.7,6.53,15.23,3.78,8.79,232.73,2.91,191.45,December,12
2026-12-03 11:25:34.626925,Diwali Campaign,Google Ads,55+,Female,Delhi,New,15261,1400,290,65,20889,90899.59,9.17,20.71,4.64,14.92,321.37,4.35,335.16,December,12
2026-12-03 13:10:25.805161,Summer Sale,Facebook,45-54,Female,Mumbai,Returning,81520,3450,1059,230,25706,368072.32,4.23,30.7,6.67,7.45,111.77,14.32,1331.85,December,12
2026-12-03 14:55:16.983396,Diwali Campaign,Google Ads,18-24,Female,Pune,New,30926,2258,788,127,48277,215875.81,7.3,34.9,5.62,21.38,380.13,4.47,347.16,December,12
2026-12-03 16:40:08.161632,Product Launch,Email,35-44,Female,Nagpur,Returning,142249,2136,629,137,28372,117247.79,1.5,29.45,6.41,13.28,207.09,4.13,313.25,December,12
2026-12-03 18:24:59.339867,Monsoon Offer,YouTube,55+,Female,Nagpur,Returning,70952,5747,498,51,7956,84658.48,8.1,8.67,0.89,1.38,156.0,10.64,964.08,December,12
2026-12-03 20:09:50.518103,New Year Offer,Facebook,55+,Female,Jaipur,New,127180,10769,1933,328,42533,171422.35,8.47,17.95,3.05,3.95,129.67,4.03,303.03,December,12
2026-12-03 21:54:41.696339,Clearance Sale,Email,45-54,Male,Kolkata,New,143461,6614,970,117,14911,128530.67,4.61,14.67,1.77,2.25,127.44,8.62,761.99,December,12
2026-12-03 23:39:32.874574,New Year Offer,Google Ads,18-24,Female,Kolkata,New,16364,1104,375,74,18696,105280.92,6.75,33.97,6.7,16.93,252.65,5.63,463.12,December,12
2026-12-04 01:24:24.052810,New Year Offer,Facebook,25-34,Male,Nagpur,New,139133,12139,1837,252,9670,200561.49,8.72,15.13,2.08,0.8,38.37,20.74,1974.06,December,12
2026-12-04 03:09:15.231046,Product Launch,Facebook,55+,Male,Ahmedabad,Returning,37033,3315,1109,212,35691,537422.44,8.95,33.45,6.4,10.77,168.35,15.06,1405.76,December,12
2026-12-04 04:54:06.409281,Diwali Campaign,Email,55+,Other,Ahmedabad,New,58545,1146,381,95,26473,95287.94,1.96,33.25,8.29,23.1,278.66,3.6,259.94,December,12
2026-12-04 06:38:57.587517,Clearance Sale,Facebook,55+,Other,Jaipur,Returning,21865,1847,566,99,46268,236335.2,8.45,30.64,5.36,25.05,467.35,5.11,410.8,December,12
2026-12-04 08:23:48.765753,Product Launch,YouTube,55+,Other,Pune,Returning,28936,1003,106,13,24345,21901.52,3.47,10.57,1.3,24.27,1872.69,0.9,-10.04,December,12
2026-12-04 10:08:39.943988,Summer Sale,YouTube,45-54,Female,Ahmedabad,Returning,87863,6629,533,68,28608,115556.33,7.54,8.04,1.03,4.32,420.71,4.04,303.93,December,12
2026-12-04 11:53:31.122224,Monsoon Offer,Email,18-24,Other,Ahmedabad,Returning,107788,4232,1245,347,49295,733206.09,3.93,29.42,8.2,11.65,142.06,14.87,1387.38,December,12
2026-12-04 13:38:22.300460,Festival Campaign,Google Ads,55+,Female,Hyderabad,Returning,110614,1666,512,128,47804,78168.87,1.51,30.73,7.68,28.69,373.47,1.64,63.52,December,12
2026-12-04 15:23:13.478695,New Year Offer,Email,25-34,Female,Hyderabad,New,144813,4183,1421,125,48978,87112.29,2.89,33.97,2.99,11.71,391.82,1.78,77.86,December,12
2026-12-04 17:08:04.656931,Festival Campaign,YouTube,25-34,Other,Bangalore,Returning,115589,5407,751,215,38952,283178.38,4.68,13.89,3.98,7.2,181.17,7.27,626.99,December,12
2026-12-04 18:52:55.835167,Monsoon Offer,Instagram,35-44,Other,Hyderabad,New,99537,7635,2122,222,41516,342336.49,7.67,27.79,2.91,5.44,187.01,8.25,724.59,December,12
2026-12-04 20:37:47.013402,Monsoon Offer,Instagram,55+,Male,Pune,Returning,144911,2762,608,135,44299,212605.02,1.91,22.01,4.89,16.04,328.14,4.8,379.93,December,12
2026-12-04 22:22:38.191638,Product Launch,Facebook,55+,Male,Pune,New,115885,9637,1625,327,13286,716855.23,8.32,16.86,3.39,1.38,40.63,53.96,5295.57,December,12
2026-12-05 00:07:29.369873,Product Launch,Facebook,55+,Female,Hyderabad,New,29139,2905,707,63,40693,31611.04,9.97,24.34,2.17,14.01,645.92,0.78,-22.32,December,12
2026-12-05 01:52:20.548109,Product Launch,Instagram,55+,Female,Delhi,Returning,62749,5079,1158,167,16100,483926.38,8.09,22.8,3.29,3.17,96.41,30.06,2905.75,December,12
2026-12-05 03:37:11.726345,Festival Campaign,YouTube,55+,Other,Mumbai,Returning,35036,1844,293,73,19872,68343.95,5.26,15.89,3.96,10.78,272.22,3.44,243.92,December,12
2026-12-05 05:22:02.904580,Product Launch,Facebook,25-34,Other,Jaipur,New,113541,6941,1058,156,45305,174966.35,6.11,15.24,2.25,6.53,290.42,3.86,286.2,December,12
2026-12-05 07:06:54.082816,Monsoon Offer,Email,18-24,Male,Pune,Returning,142812,1507,318,59,44750,163080.01,1.06,21.1,3.92,29.69,758.47,3.64,264.42,December,12
2026-12-05 08:51:45.261052,Summer Sale,Email,18-24,Other,Nagpur,Returning,68788,1983,412,96,26649,49317.94,2.88,20.78,4.84,13.44,277.59,1.85,85.06,December,12
2026-12-05 10:36:36.439287,Product Launch,YouTube,35-44,Female,Pune,New,41611,3782,610,58,47476,172739.38,9.09,16.13,1.53,12.55,818.55,3.64,263.85,December,12
2026-12-05 12:21:27.617523,Winter Sale,Facebook,25-34,Other,Bangalore,New,29481,352,53,13,48148,7668.61,1.19,15.06,3.69,136.78,3703.69,0.16,-84.07,December,12
2026-12-05 14:06:18.795759,Diwali Campaign,Email,55+,Male,Pune,Returning,15247,1394,470,41,29410,32855.92,9.14,33.72,2.94,21.1,717.32,1.12,11.72,December,12
2026-12-05 15:51:09.973994,Festival Campaign,Facebook,18-24,Female,Kolkata,Returning,35319,713,223,30,41045,33008.0,2.02,31.28,4.21,57.57,1368.17,0.8,-19.58,December,12
2026-12-05 17:36:01.152230,Winter Sale,Facebook,45-54,Male,Nagpur,Returning,33728,741,222,55,26106,87824.23,2.2,29.96,7.42,35.23,474.65,3.36,236.41,December,12
2026-12-05 19:20:52.330466,Product Launch,Email,45-54,Male,Mumbai,Returning,109156,2814,387,108,15425,193981.91,2.58,13.75,3.84,5.48,142.82,12.58,1157.58,December,12
2026-12-05 21:05:43.508701,Monsoon Offer,Instagram,45-54,Female,Pune,New,96846,7936,1040,257,31031,195781.62,8.19,13.1,3.24,3.91,120.74,6.31,530.92,December,12
2026-12-05 22:50:34.686937,Summer Sale,Email,55+,Male,Hyderabad,New,52521,2785,831,107,9433,73207.77,5.3,29.84,3.84,3.39,88.16,7.76,676.08,December,12
2026-12-06 00:35:25.865173,New Year Offer,YouTube,55+,Other,Pune,Returning,74777,1724,223,66,17400,38256.74,2.31,12.94,3.83,10.09,263.64,2.2,119.87,December,12
2026-12-06 02:20:17.043408,Clearance Sale,Google Ads,35-44,Other,Jaipur,New,97309,6987,1508,257,10941,293462.33,7.18,21.58,3.68,1.57,42.57,26.82,2582.23,December,12
2026-12-06 04:05:08.221644,Diwali Campaign,Email,35-44,Male,Bangalore,New,40024,3788,529,86,22653,241129.59,9.46,13.97,2.27,5.98,263.41,10.64,964.45,December,12
2026-12-06 05:49:59.399879,Clearance Sale,Facebook,35-44,Other,Jaipur,New,27702,1704,310,83,22983,122392.32,6.15,18.19,4.87,13.49,276.9,5.33,432.53,December,12
2026-12-06 07:34:50.578115,Product Launch,Facebook,45-54,Male,Mumbai,New,140225,2647,821,77,49016,185571.42,1.89,31.02,2.91,18.52,636.57,3.79,278.59,December,12
2026-12-06 09:19:41.756351,Diwali Campaign,Email,55+,Other,Mumbai,New,71071,1060,339,68,19260,66331.99,1.49,31.98,6.42,18.17,283.24,3.44,244.4,December,12
2026-12-06 11:04:32.934586,Diwali Campaign,Google Ads,45-54,Male,Mumbai,New,149570,12209,4262,1246,25040,824475.79,8.16,34.91,10.21,2.05,20.1,32.93,3192.63,December,12
2026-12-06 12:49:24.112822,Summer Sale,Email,35-44,Other,Bangalore,New,87710,5819,1948,198,37041,373368.5,6.63,33.48,3.4,6.37,187.08,10.08,907.99,December,12
2026-12-06 14:34:15.291058,Diwali Campaign,Google Ads,55+,Female,Jaipur,Returning,68456,6369,1663,330,3538,843226.23,9.3,26.11,5.18,0.56,10.72,238.33,23733.42,December,12
2026-12-06 16:19:06.469293,Festival Campaign,Google Ads,25-34,Female,Ahmedabad,Returning,114280,6771,1330,145,47713,398191.72,5.92,19.64,2.14,7.05,329.06,8.35,734.56,December,12
2026-12-06 18:03:57.647529,Winter Sale,YouTube,18-24,Other,Kolkata,New,67158,1048,100,27,7212,50368.81,1.56,9.54,2.58,6.88,267.11,6.98,598.4,December,12
2026-12-06 19:48:48.825765,Winter Sale,Facebook,18-24,Male,Mumbai,New,133225,6172,1507,315,22323,389050.42,4.63,24.42,5.1,3.62,70.87,17.43,1642.82,December,12
2026-12-06 21:33:40.004000,Winter Sale,Facebook,35-44,Other,Delhi,New,140299,9711,1329,174,30190,134637.61,6.92,13.69,1.79,3.11,173.51,4.46,345.97,December,12
2026-12-06 23:18:31.182236,Festival Campaign,Google Ads,45-54,Male,Jaipur,New,13911,620,191,28,36253,60747.6,4.46,30.81,4.52,58.47,1294.75,1.68,67.57,December,12
2026-12-07 01:03:22.360472,Clearance Sale,Facebook,25-34,Other,Jaipur,New,83876,8384,1913,370,20770,444404.06,10.0,22.82,4.41,2.48,56.14,21.4,2039.64,December,12
2026-12-07 02:48:13.538707,Summer Sale,Instagram,55+,Other,Hyderabad,Returning,80412,3737,1039,248,36551,647256.7,4.65,27.8,6.64,9.78,147.38,17.71,1670.83,December,12
2026-12-07 04:33:04.716943,Diwali Campaign,Google Ads,45-54,Female,Chennai,New,73804,4366,1143,214,14251,430739.8,5.92,26.18,4.9,3.26,66.59,30.23,2922.52,December,12
2026-12-07 06:17:55.895179,Festival Campaign,Facebook,35-44,Male,Chennai,Returning,71727,2172,377,45,38692,119123.84,3.03,17.36,2.07,17.81,859.82,3.08,207.88,December,12
2026-12-07 08:02:47.073414,Winter Sale,Instagram,45-54,Male,Nagpur,Returning,16440,389,110,25,27153,47915.81,2.37,28.28,6.43,69.8,1086.12,1.76,76.47,December,12
2026-12-07 09:47:38.251650,Product Launch,YouTube,35-44,Male,Bangalore,New,74792,5091,1566,166,24996,403273.08,6.81,30.76,3.26,4.91,150.58,16.13,1513.35,December,12
2026-12-07 11:32:29.429885,New Year Offer,Facebook,18-24,Male,Mumbai,New,38972,2454,689,177,35155,218730.03,6.3,28.08,7.21,14.33,198.62,6.22,522.19,December,12
2026-12-07 13:17:20.608121,Diwali Campaign,Instagram,18-24,Male,Hyderabad,New,74385,772,223,37,32085,65032.94,1.04,28.89,4.79,41.56,867.16,2.03,102.69,December,12
2026-12-07 15:02:11.786357,Festival Campaign,Email,45-54,Female,Mumbai,Returning,131257,4676,828,185,11061,101475.45,3.56,17.71,3.96,2.37,59.79,9.17,817.42,December,12
2026-12-07 16:47:02.964592,Monsoon Offer,Email,25-34,Other,Mumbai,Returning,65014,4415,1478,230,43057,464503.25,6.79,33.48,5.21,9.75,187.2,10.79,978.81,December,12
2026-12-07 18:31:54.142828,Festival Campaign,Instagram,55+,Male,Hyderabad,Returning,48402,4022,782,177,39300,324679.66,8.31,19.44,4.4,9.77,222.03,8.26,726.16,December,12
2026-12-07 20:16:45.321064,Summer Sale,Google Ads,35-44,Male,Hyderabad,New,135679,5171,1666,459,27408,1096186.46,3.81,32.22,8.88,5.3,59.71,40.0,3899.51,December,12
2026-12-07 22:01:36.499299,Summer Sale,Google Ads,55+,Other,Kolkata,New,92917,6343,1976,462,40292,1072944.14,6.83,31.15,7.28,6.35,87.21,26.63,2562.92,December,12
2026-12-07 23:46:27.677535,Festival Campaign,Facebook,18-24,Female,Pune,New,107895,3654,414,94,21188,194490.0,3.39,11.33,2.57,5.8,225.4,9.18,817.93,December,12
2026-12-08 01:31:18.855771,Winter Sale,Email,25-34,Female,Chennai,New,141315,10193,3474,856,25779,549306.79,7.21,34.08,8.4,2.53,30.12,21.31,2030.83,December,12
2026-12-08 03:16:10.034006,New Year Offer,Google Ads,25-34,Female,Pune,New,132655,9659,3371,640,28674,1764815.53,7.28,34.9,6.63,2.97,44.8,61.55,6054.76,December,12
2026-12-08 05:01:01.212242,Diwali Campaign,Google Ads,55+,Other,Nagpur,New,143486,3116,759,97,27687,52869.65,2.17,24.36,3.11,8.89,285.43,1.91,90.95,December,12
2026-12-08 06:45:52.390478,Summer Sale,Email,18-24,Other,Hyderabad,Returning,144928,10124,2950,765,27214,1918749.4,6.99,29.14,7.56,2.69,35.57,70.51,6950.6,December,12
2026-12-08 08:30:43.568713,Diwali Campaign,YouTube,55+,Female,Bangalore,Returning,81799,3273,1086,241,3969,409306.18,4.0,33.18,7.36,1.21,16.47,103.13,10212.58,December,12
2026-12-08 10:15:34.746949,Winter Sale,Google Ads,45-54,Female,Nagpur,New,132626,3386,289,43,21017,109434.31,2.55,8.54,1.27,6.21,488.77,5.21,420.69,December,12
2026-12-08 12:00:25.925185,Diwali Campaign,Instagram,25-34,Other,Hyderabad,New,140551,7734,2560,360,44319,598562.89,5.5,33.1,4.65,5.73,123.11,13.51,1250.58,December,12
2026-12-08 13:45:17.103420,Product Launch,Facebook,25-34,Female,Pune,Returning,68949,3496,871,165,24246,349361.84,5.07,24.91,4.72,6.94,146.95,14.41,1340.91,December,12
2026-12-08 15:30:08.281656,Summer Sale,Google Ads,45-54,Male,Ahmedabad,Returning,51392,4093,1242,156,36686,219673.55,7.96,30.34,3.81,8.96,235.17,5.99,498.79,December,12
2026-12-08 17:14:59.459891,Winter Sale,Google Ads,18-24,Other,Ahmedabad,Returning,94944,1671,377,103,19551,242997.27,1.76,22.56,6.16,11.7,189.82,12.43,1142.89,December,12
2026-12-08 18:59:50.638127,Winter Sale,YouTube,25-34,Female,Chennai,New,134052,10868,2426,614,22705,697160.43,8.11,22.32,5.65,2.09,36.98,30.71,2970.51,December,12
2026-12-08 20:44:41.816363,New Year Offer,Instagram,35-44,Male,Delhi,Returning,95376,1864,600,88,31479,202258.3,1.95,32.19,4.72,16.89,357.72,6.43,542.52,December,12
2026-12-08 22:29:32.994598,New Year Offer,Facebook,35-44,Other,Bangalore,Returning,114128,3272,710,64,29836,62941.22,2.87,21.7,1.96,9.12,466.19,2.11,110.96,December,12
2026-12-09 00:14:24.172834,Product Launch,Google Ads,18-24,Other,Mumbai,Returning,22097,1246,258,23,18802,53024.64,5.64,20.71,1.85,15.09,817.48,2.82,182.02,December,12
2026-12-09 01:59:15.351070,Winter Sale,Facebook,45-54,Male,Jaipur,Returning,127540,6591,1609,233,14031,287563.54,5.17,24.41,3.54,2.13,60.22,20.49,1949.49,December,12
2026-12-09 03:44:06.529305,Clearance Sale,Email,55+,Other,Nagpur,Returning,132202,13087,2879,323,24521,386495.16,9.9,22.0,2.47,1.87,75.92,15.76,1476.18,December,12
2026-12-09 05:28:57.707541,Winter Sale,Google Ads,18-24,Female,Hyderabad,New,47693,3007,602,163,24358,412183.78,6.3,20.02,5.42,8.1,149.44,16.92,1592.19,December,12
2026-12-09 07:13:48.885777,New Year Offer,Google Ads,55+,Other,Ahmedabad,New,61988,2446,314,54,28333,136848.51,3.95,12.84,2.21,11.58,524.69,4.83,383.0,December,12
2026-12-09 08:58:40.064012,Clearance Sale,Email,18-24,Female,Delhi,Returning,59769,5439,1018,159,49429,354332.44,9.1,18.72,2.92,9.09,310.87,7.17,616.85,December,12
2026-12-09 10:43:31.242248,Summer Sale,YouTube,35-44,Male,Bangalore,New,135476,5161,805,102,40551,286596.7,3.81,15.6,1.98,7.86,397.56,7.07,606.76,December,12
2026-12-09 12:28:22.420484,Summer Sale,Google Ads,45-54,Male,Bangalore,New,137266,4754,894,236,40261,210154.28,3.46,18.81,4.96,8.47,170.6,5.22,421.98,December,12
2026-12-09 14:13:13.598719,Diwali Campaign,Facebook,35-44,Other,Ahmedabad,Returning,143541,7822,1878,477,47777,559665.67,5.45,24.01,6.1,6.11,100.16,11.71,1071.41,December,12
2026-12-09 15:58:04.776955,Festival Campaign,Instagram,45-54,Male,Jaipur,New,138237,12743,3114,512,4973,632338.03,9.22,24.44,4.02,0.39,9.71,127.15,12615.42,December,12
2026-12-09 17:42:55.955191,New Year Offer,Facebook,55+,Male,Delhi,New,144237,10639,1536,180,13900,227378.85,7.38,14.44,1.69,1.31,77.22,16.36,1535.82,December,12
2026-12-09 19:27:47.133426,Festival Campaign,YouTube,18-24,Other,Kolkata,Returning,67603,4798,493,142,22460,187451.35,7.1,10.28,2.96,4.68,158.17,8.35,734.6,December,12
2026-12-09 21:12:38.311662,Clearance Sale,Instagram,25-34,Female,Jaipur,Returning,53251,4012,1127,168,29495,376743.85,7.53,28.09,4.19,7.35,175.57,12.77,1177.31,December,12
2026-12-09 22:57:29.489897,New Year Offer,Facebook,25-34,Other,Pune,New,57526,3990,888,221,5206,260093.87,6.94,22.26,5.54,1.3,23.56,49.96,4896.04,December,12
2026-12-10 00:42:20.668133,Product Launch,Facebook,45-54,Other,Bangalore,New,112734,8836,1761,320,3086,388737.72,7.84,19.93,3.62,0.35,9.64,125.97,12496.82,December,12
2026-12-10 02:27:11.846369,Winter Sale,Email,45-54,Female,Delhi,New,117542,3214,369,92,12958,177195.35,2.73,11.48,2.86,4.03,140.85,13.67,1267.46,December,12
2026-12-10 04:12:03.024604,Product Launch,YouTube,35-44,Female,Ahmedabad,Returning,38942,1010,193,35,14383,34418.9,2.59,19.11,3.47,14.24,410.94,2.39,139.3,December,12
2026-12-10 05:56:54.202840,Clearance Sale,Email,25-34,Female,Bangalore,New,55017,2343,705,199,42083,281031.53,4.26,30.09,8.49,17.96,211.47,6.68,567.8,December,12
2026-12-10 07:41:45.381076,New Year Offer,Instagram,35-44,Other,Jaipur,New,70555,6109,1447,370,6677,238594.86,8.66,23.69,6.06,1.09,18.05,35.73,3473.38,December,12
2026-12-10 09:26:36.559311,Monsoon Offer,Email,55+,Female,Mumbai,Returning,49365,3667,383,52,28257,149831.12,7.43,10.44,1.42,7.71,543.4,5.3,430.24,December,12
2026-12-10 11:11:27.737547,Clearance Sale,YouTube,25-34,Male,Mumbai,New,142479,8688,1474,257,17570,332370.18,6.1,16.97,2.96,2.02,68.37,18.92,1791.69,December,12
2026-12-10 12:56:18.915783,Monsoon Offer,Google Ads,55+,Female,Bangalore,Returning,35976,422,145,14,10645,36751.47,1.17,34.36,3.32,25.23,760.36,3.45,245.25,December,12
2026-12-10 14:41:10.094018,Winter Sale,Google Ads,18-24,Male,Delhi,New,51969,1622,368,102,48176,186136.13,3.12,22.69,6.29,29.7,472.31,3.86,286.37,December,12
2026-12-10 16:26:01.272254,Summer Sale,Instagram,35-44,Female,Delhi,Returning,25515,2100,330,31,15784,33186.44,8.23,15.71,1.48,7.52,509.16,2.1,110.25,December,12
2026-12-10 18:10:52.450490,Summer Sale,Google Ads,45-54,Male,Nagpur,New,146772,4670,1525,128,30045,125896.82,3.18,32.66,2.74,6.43,234.73,4.19,319.03,December,12
2026-12-10 19:55:43.628725,Clearance Sale,Email,25-34,Male,Pune,New,83663,6335,1081,204,11326,456429.98,7.57,17.06,3.22,1.79,55.52,40.3,3929.93,December,12
2026-12-10 21:40:34.806961,Festival Campaign,Instagram,35-44,Male,Nagpur,Returning,63379,1686,467,99,31986,288305.03,2.66,27.7,5.87,18.97,323.09,9.01,801.35,December,12
2026-12-10 23:25:25.985197,New Year Offer,YouTube,45-54,Male,Nagpur,Returning,37391,2414,289,37,41980,35433.95,6.46,11.97,1.53,17.39,1134.59,0.84,-15.59,December,12
2026-12-11 01:10:17.163432,New Year Offer,Instagram,18-24,Male,Pune,Returning,77081,5128,626,128,13437,100934.79,6.65,12.21,2.5,2.62,104.98,7.51,651.17,December,12
2026-12-11 02:55:08.341668,Summer Sale,Instagram,25-34,Female,Ahmedabad,Returning,67284,5226,1210,335,42728,491695.7,7.77,23.15,6.41,8.18,127.55,11.51,1050.76,December,12
2026-12-11 04:39:59.519903,Diwali Campaign,Facebook,55+,Other,Mumbai,Returning,92054,4552,658,143,31682,212287.27,4.94,14.46,3.14,6.96,221.55,6.7,570.06,December,12
2026-12-11 06:24:50.698139,Product Launch,Facebook,18-24,Other,Ahmedabad,Returning,111163,7441,694,125,16156,314454.05,6.69,9.33,1.68,2.17,129.25,19.46,1846.36,December,12
2026-12-11 08:09:41.876375,Diwali Campaign,Instagram,45-54,Other,Nagpur,Returning,103590,5575,1840,205,30777,342805.76,5.38,33.0,3.68,5.52,150.13,11.14,1013.84,December,12
2026-12-11 09:54:33.054610,Winter Sale,Google Ads,25-34,Other,Delhi,New,88593,8439,802,93,28310,61022.23,9.53,9.5,1.1,3.35,304.41,2.16,115.55,December,12
2026-12-11 11:39:24.232846,Product Launch,Facebook,25-34,Other,Pune,New,69485,3958,1083,202,22855,565937.18,5.7,27.36,5.1,5.77,113.14,24.76,2376.21,December,12
2026-12-11 13:24:15.411082,Product Launch,YouTube,18-24,Male,Jaipur,New,44032,1270,215,39,8439,55885.82,2.88,16.93,3.07,6.64,216.38,6.62,562.23,December,12
2026-12-11 15:09:06.589317,Clearance Sale,Email,25-34,Female,Hyderabad,New,28156,1974,655,127,39033,275758.82,7.01,33.18,6.43,19.77,307.35,7.06,606.48,December,12
2026-12-11 16:53:57.767553,Summer Sale,Facebook,45-54,Male,Hyderabad,New,59316,3521,1219,233,4968,505311.92,5.94,34.62,6.62,1.41,21.32,101.71,10071.33,December,12
2026-12-11 18:38:48.945789,Diwali Campaign,Instagram,18-24,Female,Chennai,New,120916,9956,1698,263,43281,168544.92,8.23,17.06,2.64,4.35,164.57,3.89,289.42,December,12
2026-12-11 20:23:40.124024,Diwali Campaign,Google Ads,55+,Female,Bangalore,New,123881,3211,769,179,42859,91113.08,2.59,23.95,5.57,13.35,239.44,2.13,112.59,December,12
2026-12-11 22:08:31.302260,Summer Sale,Email,18-24,Female,Kolkata,Returning,103099,3452,996,126,16939,90731.66,3.35,28.85,3.65,4.91,134.44,5.36,435.64,December,12
2026-12-11 23:53:22.480496,Diwali Campaign,Facebook,18-24,Female,Kolkata,New,132441,12309,1394,372,36992,1075573.95,9.29,11.33,3.02,3.01,99.44,29.08,2807.59,December,12
2026-12-12 01:38:13.658731,Monsoon Offer,Google Ads,55+,Other,Jaipur,Returning,103263,9675,2627,322,43580,800164.32,9.37,27.15,3.33,4.5,135.34,18.36,1736.08,December,12
2026-12-12 03:23:04.836967,Summer Sale,Google Ads,45-54,Female,Chennai,New,115118,5733,1861,319,36955,264779.79,4.98,32.46,5.56,6.45,115.85,7.16,616.49,December,12
2026-12-12 05:07:56.015203,Clearance Sale,Google Ads,35-44,Female,Mumbai,Returning,69235,989,126,15,37876,30557.62,1.43,12.74,1.52,38.3,2525.07,0.81,-19.32,December,12
2026-12-12 06:52:47.193438,Festival Campaign,Instagram,35-44,Other,Jaipur,New,62904,2364,724,156,18711,316669.76,3.76,30.63,6.6,7.91,119.94,16.92,1592.43,December,12
2026-12-12 08:37:38.371674,Product Launch,YouTube,55+,Male,Nagpur,New,91721,2957,328,60,24404,30083.86,3.22,11.09,2.03,8.25,406.73,1.23,23.27,December,12
2026-12-12 10:22:29.549909,Clearance Sale,Google Ads,45-54,Male,Jaipur,New,127920,6053,1413,229,30108,360139.29,4.73,23.34,3.78,4.97,131.48,11.96,1096.16,December,12
2026-12-12 12:07:20.728145,New Year Offer,Email,25-34,Male,Hyderabad,New,83130,3208,550,101,32303,230223.31,3.86,17.14,3.15,10.07,319.83,7.13,612.7,December,12
2026-12-12 13:52:11.906381,Winter Sale,Facebook,55+,Male,Kolkata,Returning,148271,12545,2601,449,26582,434174.97,8.46,20.73,3.58,2.12,59.2,16.33,1533.34,December,12
2026-12-12 15:37:03.084616,Festival Campaign,Email,35-44,Female,Mumbai,New,145552,1495,240,64,28135,168144.61,1.03,16.05,4.28,18.82,439.61,5.98,497.64,December,12
2026-12-12 17:21:54.262852,New Year Offer,Instagram,45-54,Other,Bangalore,Returning,12607,857,128,13,48146,27959.91,6.8,14.94,1.52,56.18,3703.54,0.58,-41.93,December,12
2026-12-12 19:06:45.441088,Product Launch,Instagram,18-24,Other,Nagpur,New,84116,5869,1647,419,41405,216753.2,6.98,28.06,7.14,7.05,98.82,5.23,423.5,December,12
2026-12-12 20:51:36.619323,Diwali Campaign,Email,45-54,Male,Bangalore,New,27173,1887,264,59,28021,155599.84,6.94,13.99,3.13,14.85,474.93,5.55,455.3,December,12
2026-12-12 22:36:27.797559,Summer Sale,YouTube,45-54,Other,Hyderabad,New,44262,2516,478,74,4308,40589.01,5.68,19.0,2.94,1.71,58.22,9.42,842.18,December,12
2026-12-13 00:21:18.975795,Product Launch,Instagram,35-44,Female,Chennai,New,57156,3715,572,161,37184,437891.34,6.5,15.4,4.33,10.01,230.96,11.78,1077.63,December,12
2026-12-13 02:06:10.154030,Clearance Sale,Instagram,35-44,Male,Bangalore,Returning,109124,9051,1307,155,21289,206816.06,8.29,14.44,1.71,2.35,137.35,9.71,871.47,December,12
2026-12-13 03:51:01.332266,Winter Sale,Email,25-34,Female,Chennai,Returning,129828,10461,2608,386,47170,867197.5,8.06,24.93,3.69,4.51,122.2,18.38,1738.45,December,12
2026-12-13 05:35:52.510502,Clearance Sale,Instagram,25-34,Female,Nagpur,Returning,87764,1151,106,17,33482,41965.82,1.31,9.21,1.48,29.09,1969.53,1.25,25.34,December,12
2026-12-13 07:20:43.688737,Festival Campaign,YouTube,55+,Female,Kolkata,New,138855,1768,518,115,26684,138364.79,1.27,29.3,6.5,15.09,232.03,5.19,418.53,December,12
2026-12-13 09:05:34.866973,Festival Campaign,YouTube,18-24,Female,Delhi,New,127057,10864,2471,712,10782,990457.56,8.55,22.74,6.55,0.99,15.14,91.86,9086.21,December,12
2026-12-13 10:50:26.045209,Winter Sale,YouTube,25-34,Female,Jaipur,New,74314,4587,1392,293,41870,519739.33,6.17,30.35,6.39,9.13,142.9,12.41,1141.32,December,12
2026-12-13 12:35:17.223444,Monsoon Offer,Facebook,35-44,Male,Ahmedabad,New,103242,9928,1365,366,23062,716162.75,9.62,13.75,3.69,2.32,63.01,31.05,3005.38,December,12
2026-12-13 14:20:08.401680,New Year Offer,YouTube,45-54,Female,Mumbai,Returning,40466,1976,536,149,29129,183285.61,4.88,27.13,7.54,14.74,195.5,6.29,529.22,December,12
2026-12-13 16:04:59.579915,New Year Offer,YouTube,55+,Male,Pune,Returning,126151,3268,632,115,32716,342813.67,2.59,19.34,3.52,10.01,284.49,10.48,947.85,December,12
2026-12-13 17:49:50.758151,Festival Campaign,Facebook,25-34,Other,Pune,Returning,126595,6657,670,123,9030,288128.94,5.26,10.06,1.85,1.36,73.41,31.91,3090.8,December,12
2026-12-13 19:34:41.936387,Festival Campaign,Google Ads,45-54,Female,Nagpur,New,98121,4836,1369,184,38770,218109.92,4.93,28.31,3.8,8.02,210.71,5.63,462.57,December,12
2026-12-13 21:19:33.114622,Diwali Campaign,Instagram,45-54,Female,Jaipur,Returning,34279,1938,553,117,47489,245826.42,5.65,28.53,6.04,24.5,405.89,5.18,417.65,December,12
2026-12-13 23:04:24.292858,Summer Sale,YouTube,25-34,Other,Jaipur,New,21837,1806,276,29,38333,46064.41,8.27,15.28,1.61,21.23,1321.83,1.2,20.17,December,12
2026-12-14 00:49:15.471094,Diwali Campaign,Instagram,18-24,Male,Jaipur,Returning,34209,2360,772,169,5583,447988.96,6.9,32.71,7.16,2.37,33.04,80.24,7924.16,December,12
2026-12-14 02:34:06.649329,Diwali Campaign,Email,18-24,Female,Mumbai,Returning,22220,592,169,46,46232,60829.26,2.66,28.55,7.77,78.09,1005.04,1.32,31.57,December,12
2026-12-14 04:18:57.827565,Monsoon Offer,Instagram,55+,Other,Kolkata,Returning,145037,11037,1797,444,13811,430517.93,7.61,16.28,4.02,1.25,31.11,31.17,3017.21,December,12
2026-12-14 06:03:49.005801,New Year Offer,Facebook,18-24,Other,Delhi,Returning,114304,7232,1045,232,49875,142759.03,6.33,14.45,3.21,6.9,214.98,2.86,186.23,December,12
2026-12-14 07:48:40.184036,Monsoon Offer,Instagram,55+,Female,Jaipur,New,51920,3221,640,169,25235,500370.65,6.2,19.87,5.25,7.83,149.32,19.83,1882.84,December,12
2026-12-14 09:33:31.362272,Monsoon Offer,Instagram,35-44,Male,Ahmedabad,New,71544,5082,808,194,26881,271222.51,7.1,15.9,3.82,5.29,138.56,10.09,908.97,December,12
2026-12-14 11:18:22.540508,Winter Sale,Instagram,25-34,Male,Delhi,Returning,138260,8400,1164,228,6918,239695.53,6.08,13.86,2.71,0.82,30.34,34.65,3364.81,December,12
2026-12-14 13:03:13.718743,New Year Offer,Google Ads,45-54,Female,Mumbai,Returning,135534,6936,1302,253,16869,437543.56,5.12,18.77,3.65,2.43,66.68,25.94,2493.77,December,12
2026-12-14 14:48:04.896979,Summer Sale,Google Ads,55+,Other,Jaipur,New,103406,6993,607,62,9511,76204.09,6.76,8.68,0.89,1.36,153.4,8.01,701.22,December,12
2026-12-14 16:32:56.075215,Clearance Sale,Email,18-24,Female,Nagpur,Returning,92909,6980,1314,230,17116,248917.52,7.51,18.83,3.3,2.45,74.42,14.54,1354.3,December,12
2026-12-14 18:17:47.253450,Festival Campaign,Facebook,55+,Male,Mumbai,Returning,104691,3174,443,86,38981,175522.67,3.03,13.96,2.71,12.28,453.27,4.5,350.28,December,12
2026-12-14 20:02:38.431686,Festival Campaign,Instagram,55+,Other,Delhi,Returning,122958,6730,1018,186,6887,127804.51,5.47,15.13,2.76,1.02,37.03,18.56,1755.74,December,12
2026-12-14 21:47:29.609921,Summer Sale,Instagram,18-24,Female,Chennai,New,109010,5585,571,143,4222,253464.98,5.12,10.22,2.56,0.76,29.52,60.03,5903.43,December,12
2026-12-14 23:32:20.788157,Monsoon Offer,Instagram,18-24,Other,Chennai,New,33036,449,107,12,49078,17622.94,1.36,23.83,2.67,109.31,4089.83,0.36,-64.09,December,12
2026-12-15 01:17:11.966393,Diwali Campaign,Instagram,25-34,Male,Nagpur,Returning,136995,11658,2418,616,8746,1128095.12,8.51,20.74,5.28,0.75,14.2,128.98,12798.41,December,12
2026-12-15 03:02:03.144628,Winter Sale,Google Ads,45-54,Male,Bangalore,Returning,75322,3311,935,227,22491,295350.05,4.4,28.24,6.86,6.79,99.08,13.13,1213.19,December,12
2026-12-15 04:46:54.322864,Monsoon Offer,Email,25-34,Male,Pune,New,14847,245,84,23,21897,44293.45,1.65,34.29,9.39,89.38,952.04,2.02,102.28,December,12
2026-12-15 06:31:45.501100,Festival Campaign,YouTube,25-34,Female,Nagpur,New,60772,3112,349,56,24236,39454.6,5.12,11.21,1.8,7.79,432.79,1.63,62.79,December,12
2026-12-15 08:16:36.679335,Product Launch,Facebook,18-24,Other,Chennai,New,22893,561,86,10,48646,14403.97,2.45,15.33,1.78,86.71,4864.6,0.3,-70.39,December,12
2026-12-15 10:01:27.857571,Diwali Campaign,Instagram,18-24,Female,Nagpur,New,145721,10695,2826,697,17432,762341.32,7.34,26.42,6.52,1.63,25.01,43.73,4273.23,December,12
2026-12-15 11:46:19.035807,Festival Campaign,Email,45-54,Female,Hyderabad,New,21613,1328,191,40,31014,63808.97,6.14,14.38,3.01,23.35,775.35,2.06,105.74,December,12
2026-12-15 13:31:10.214042,Product Launch,YouTube,55+,Female,Chennai,New,63833,2190,193,45,19175,67312.81,3.43,8.81,2.05,8.76,426.11,3.51,251.04,December,12
2026-12-15 15:16:01.392278,Monsoon Offer,Email,25-34,Female,Kolkata,New,72423,6919,758,226,7983,469618.77,9.55,10.96,3.27,1.15,35.32,58.83,5782.74,December,12
2026-12-15 17:00:52.570514,Summer Sale,Google Ads,45-54,Other,Jaipur,New,99964,3624,714,87,13389,180254.81,3.63,19.7,2.4,3.69,153.9,13.46,1246.29,December,12
2026-12-15 18:45:43.748749,Summer Sale,YouTube,25-34,Other,Kolkata,Returning,128268,7689,1509,257,23522,394086.85,5.99,19.63,3.34,3.06,91.53,16.75,1575.4,December,12
2026-12-15 20:30:34.926985,Diwali Campaign,Email,55+,Female,Bangalore,Returning,122242,10041,3439,420,20704,400704.31,8.21,34.25,4.18,2.06,49.3,19.35,1835.4,December,12
2026-12-15 22:15:26.105221,Festival Campaign,Google Ads,25-34,Female,Nagpur,New,98069,5516,1135,305,48968,596209.16,5.62,20.58,5.53,8.88,160.55,12.18,1117.55,December,12
2026-12-16 00:00:17.283456,New Year Offer,Email,35-44,Male,Hyderabad,Returning,85642,8262,2173,181,21750,527848.2,9.65,26.3,2.19,2.63,120.17,24.27,2326.89,December,12
2026-12-16 01:45:08.461692,Product Launch,Email,45-54,Male,Chennai,New,90984,7819,1664,182,5535,175376.44,8.59,21.28,2.33,0.71,30.41,31.68,3068.5,December,12
2026-12-16 03:29:59.639927,Winter Sale,YouTube,18-24,Other,Jaipur,Returning,88669,8236,1259,169,25673,113677.5,9.29,15.29,2.05,3.12,151.91,4.43,342.79,December,12
2026-12-16 05:14:50.818163,Festival Campaign,Google Ads,25-34,Male,Hyderabad,New,147162,6407,694,173,15406,200922.71,4.35,10.83,2.7,2.4,89.05,13.04,1204.18,December,12
2026-12-16 06:59:41.996399,Winter Sale,Instagram,45-54,Other,Hyderabad,New,102170,6063,1891,412,35498,631307.94,5.93,31.19,6.8,5.85,86.16,17.78,1678.43,December,12
2026-12-16 08:44:33.174634,Festival Campaign,Facebook,45-54,Other,Kolkata,Returning,101757,8711,1055,174,16453,220191.96,8.56,12.11,2.0,1.89,94.56,13.38,1238.31,December,12
2026-12-16 10:29:24.352870,New Year Offer,YouTube,25-34,Other,Pune,Returning,121088,11057,1173,134,23769,346627.75,9.13,10.61,1.21,2.15,177.38,14.58,1358.32,December,12
2026-12-16 12:14:15.531106,New Year Offer,Google Ads,18-24,Male,Delhi,Returning,90928,8637,1189,179,35992,310129.88,9.5,13.77,2.07,4.17,201.07,8.62,761.66,December,12
2026-12-16 13:59:06.709341,Diwali Campaign,Email,18-24,Male,Pune,Returning,110840,9878,796,193,32565,215256.7,8.91,8.06,1.95,3.3,168.73,6.61,561.01,December,12
2026-12-16 15:43:57.887577,Diwali Campaign,Google Ads,25-34,Other,Nagpur,Returning,94431,7154,711,116,43164,333557.73,7.58,9.94,1.62,6.03,372.1,7.73,672.77,December,12
2026-12-16 17:28:49.065813,New Year Offer,Facebook,45-54,Other,Nagpur,New,16768,204,51,9,5800,7313.91,1.22,25.0,4.41,28.43,644.44,1.26,26.1,December,12
2026-12-16 19:13:40.244048,Clearance Sale,Facebook,18-24,Female,Pune,New,123661,4741,691,147,4280,118669.95,3.83,14.57,3.1,0.9,29.12,27.73,2672.66,December,12
2026-12-16 20:58:31.422284,New Year Offer,Instagram,25-34,Other,Delhi,New,141692,3061,524,147,36289,163642.19,2.16,17.12,4.8,11.86,246.86,4.51,350.94,December,12
2026-12-16 22:43:22.600520,Summer Sale,Instagram,25-34,Other,Chennai,Returning,29118,696,212,28,21002,19374.05,2.39,30.46,4.02,30.18,750.07,0.92,-7.75,December,12
2026-12-17 00:28:13.778755,Summer Sale,Facebook,25-34,Female,Hyderabad,New,135551,4904,1415,252,32834,599541.19,3.62,28.85,5.14,6.7,130.29,18.26,1725.98,December,12
2026-12-17 02:13:04.956991,Clearance Sale,YouTube,45-54,Other,Hyderabad,New,20200,337,71,10,14874,12820.27,1.67,21.07,2.97,44.14,1487.4,0.86,-13.81,December,12
2026-12-17 03:57:56.135227,Monsoon Offer,YouTube,18-24,Other,Pune,Returning,109066,3476,853,155,20985,360312.22,3.19,24.54,4.46,6.04,135.39,17.17,1617.0,December,12
2026-12-17 05:42:47.313462,Product Launch,Email,45-54,Other,Pune,New,68704,6604,681,158,5306,380281.3,9.61,10.31,2.39,0.8,33.58,71.67,7067.01,December,12
2026-12-17 07:27:38.491698,Monsoon Offer,Instagram,35-44,Female,Mumbai,Returning,63487,2417,690,128,10822,140005.94,3.81,28.55,5.3,4.48,84.55,12.94,1193.72,December,12
2026-12-17 09:12:29.669933,Winter Sale,Email,18-24,Male,Delhi,Returning,123373,3007,659,173,48626,310692.27,2.44,21.92,5.75,16.17,281.08,6.39,538.94,December,12
2026-12-17 10:57:20.848169,Monsoon Offer,Instagram,45-54,Other,Kolkata,New,39840,2973,696,140,31403,251857.26,7.46,23.41,4.71,10.56,224.31,8.02,702.02,December,12
2026-12-17 12:42:12.026405,Festival Campaign,Facebook,18-24,Female,Hyderabad,New,28435,2404,624,102,49952,273197.93,8.45,25.96,4.24,20.78,489.73,5.47,446.92,December,12
2026-12-17 14:27:03.204640,Monsoon Offer,YouTube,35-44,Other,Kolkata,Returning,57897,2215,476,120,3942,67689.26,3.83,21.49,5.42,1.78,32.85,17.17,1617.13,December,12
2026-12-17 16:11:54.382876,Festival Campaign,YouTube,55+,Female,Jaipur,Returning,131677,4617,1019,178,39699,229976.15,3.51,22.07,3.86,8.6,223.03,5.79,479.3,December,12
2026-12-17 17:56:45.561112,Clearance Sale,Facebook,25-34,Other,Chennai,New,38484,1222,262,50,45113,135311.17,3.18,21.44,4.09,36.92,902.26,3.0,199.94,December,12
2026-12-17 19:41:36.739347,Summer Sale,Email,45-54,Female,Pune,New,147125,6678,1430,427,29781,466287.44,4.54,21.41,6.39,4.46,69.74,15.66,1465.72,December,12
2026-12-17 21:26:27.917583,Diwali Campaign,Email,35-44,Male,Mumbai,New,137069,2446,691,174,39517,146542.8,1.78,28.25,7.11,16.16,227.11,3.71,270.83,December,12
2026-12-17 23:11:19.095819,Festival Campaign,Google Ads,35-44,Male,Mumbai,New,139548,9799,1914,513,27836,995398.39,7.02,19.53,5.24,2.84,54.26,35.76,3475.94,December,12
2026-12-18 00:56:10.274054,Summer Sale,Instagram,18-24,Male,Nagpur,New,143617,12063,974,204,7740,257997.15,8.4,8.07,1.69,0.64,37.94,33.33,3233.3,December,12
2026-12-18 02:41:01.452290,Product Launch,Email,18-24,Other,Jaipur,Returning,105495,7356,1804,282,19373,470442.62,6.97,24.52,3.83,2.63,68.7,24.28,2328.34,December,12
2026-12-18 04:25:52.630526,Winter Sale,Facebook,25-34,Female,Chennai,Returning,87213,4178,1408,419,15419,1068463.37,4.79,33.7,10.03,3.69,36.8,69.3,6829.52,December,12
2026-12-18 06:10:43.808761,Product Launch,Email,18-24,Other,Chennai,New,18560,668,99,13,19791,23422.65,3.6,14.82,1.95,29.63,1522.38,1.18,18.35,December,12
2026-12-18 07:55:34.986997,Clearance Sale,YouTube,45-54,Other,Bangalore,New,144734,6780,2036,553,8272,989717.62,4.68,30.03,8.16,1.22,14.96,119.65,11864.67,December,12
2026-12-18 09:40:26.165233,Monsoon Offer,Instagram,45-54,Female,Pune,New,124041,5972,1212,339,17617,405259.82,4.81,20.29,5.68,2.95,51.97,23.0,2200.39,December,12
2026-12-18 11:25:17.343468,Monsoon Offer,Google Ads,45-54,Other,Nagpur,New,49497,3461,877,227,11758,563451.21,6.99,25.34,6.56,3.4,51.8,47.92,4692.07,December,12
2026-12-18 13:10:08.521704,New Year Offer,Instagram,55+,Female,Delhi,New,62606,5855,1876,197,18103,462858.7,9.35,32.04,3.36,3.09,91.89,25.57,2456.81,December,12
2026-12-18 14:54:59.699939,New Year Offer,YouTube,45-54,Female,Delhi,Returning,72112,1179,339,90,15973,97677.12,1.63,28.75,7.63,13.55,177.48,6.12,511.51,December,12
2026-12-18 16:39:50.878175,New Year Offer,YouTube,18-24,Male,Ahmedabad,Returning,88334,8462,2697,609,47330,791706.88,9.58,31.87,7.2,5.59,77.72,16.73,1572.74,December,12
2026-12-18 18:24:42.056411,Product Launch,YouTube,18-24,Male,Chennai,New,80344,7385,609,139,37747,343548.3,9.19,8.25,1.88,5.11,271.56,9.1,810.13,December,12
2026-12-18 20:09:33.234646,Festival Campaign,YouTube,45-54,Male,Kolkata,New,18048,371,48,12,29528,16731.53,2.06,12.94,3.23,79.59,2460.67,0.57,-43.34,December,12
2026-12-18 21:54:24.412882,Winter Sale,Facebook,35-44,Female,Jaipur,New,88643,2351,456,85,25548,128256.42,2.65,19.4,3.62,10.87,300.56,5.02,402.02,December,12
2026-12-18 23:39:15.591118,New Year Offer,Google Ads,35-44,Male,Mumbai,Returning,147592,5614,1734,240,29582,338647.36,3.8,30.89,4.28,5.27,123.26,11.45,1044.78,December,12
2026-12-19 01:24:06.769353,Clearance Sale,YouTube,35-44,Female,Pune,Returning,39476,2383,730,150,23222,135612.2,6.04,30.63,6.29,9.74,154.81,5.84,483.98,December,12
2026-12-19 03:08:57.947589,Clearance Sale,YouTube,25-34,Other,Jaipur,Returning,145555,3217,418,43,42908,58146.38,2.21,12.99,1.34,13.34,997.86,1.36,35.51,December,12
2026-12-19 04:53:49.125825,New Year Offer,Email,55+,Male,Hyderabad,New,66123,1853,219,50,16476,125366.91,2.8,11.82,2.7,8.89,329.52,7.61,660.91,December,12
2026-12-19 06:38:40.304060,Monsoon Offer,Google Ads,45-54,Female,Bangalore,New,120831,11024,3366,626,5315,1081532.93,9.12,30.53,5.68,0.48,8.49,203.49,20248.69,December,12
2026-12-19 08:23:31.482296,New Year Offer,Instagram,25-34,Female,Mumbai,Returning,49887,989,223,42,44060,69112.84,1.98,22.55,4.25,44.55,1049.05,1.57,56.86,December,12
2026-12-19 10:08:22.660532,Winter Sale,Google Ads,35-44,Female,Jaipur,Returning,98780,4533,1129,136,7756,121159.4,4.59,24.91,3.0,1.71,57.03,15.62,1462.14,December,12
2026-12-19 11:53:13.838767,New Year Offer,Google Ads,45-54,Female,Jaipur,New,113739,8947,2670,237,42564,223710.13,7.87,29.84,2.65,4.76,179.59,5.26,425.59,December,12
2026-12-19 13:38:05.017003,Winter Sale,Google Ads,25-34,Male,Bangalore,Returning,71055,6392,876,187,17314,113579.2,9.0,13.7,2.93,2.71,92.59,6.56,556.0,December,12
2026-12-19 15:22:56.195239,Clearance Sale,YouTube,18-24,Male,Jaipur,Returning,28327,1139,133,29,47404,15511.78,4.02,11.68,2.55,41.62,1634.62,0.33,-67.28,December,12
2026-12-19 17:07:47.373474,New Year Offer,YouTube,35-44,Male,Nagpur,Returning,110023,2728,850,161,3032,276925.65,2.48,31.16,5.9,1.11,18.83,91.33,9033.43,December,12
2026-12-19 18:52:38.551710,Product Launch,Facebook,25-34,Female,Mumbai,New,106279,8112,893,221,17533,336600.88,7.63,11.01,2.72,2.16,79.33,19.2,1819.81,December,12
2026-12-19 20:37:29.729945,Diwali Campaign,Instagram,18-24,Other,Hyderabad,New,19042,1514,157,32,11523,38030.21,7.95,10.37,2.11,7.61,360.09,3.3,230.04,December,12
2026-12-19 22:22:20.908181,Product Launch,Email,35-44,Female,Mumbai,Returning,82739,8125,1257,335,23965,996663.98,9.82,15.47,4.12,2.95,71.54,41.59,4058.83,December,12
2026-12-20 00:07:12.086417,Clearance Sale,Google Ads,55+,Other,Bangalore,Returning,73588,1660,274,39,7215,58304.63,2.26,16.51,2.35,4.35,185.0,8.08,708.1,December,12
2026-12-20 01:52:03.264652,Winter Sale,Instagram,35-44,Male,Hyderabad,New,145713,10760,1561,208,19541,514200.39,7.38,14.51,1.93,1.82,93.95,26.31,2531.39,December,12
2026-12-20 03:36:54.442888,Product Launch,Instagram,55+,Female,Delhi,New,38536,1832,513,70,24329,71845.48,4.75,28.0,3.82,13.28,347.56,2.95,195.31,December,12
2026-12-20 05:21:45.621124,Winter Sale,Facebook,55+,Female,Pune,Returning,24546,2266,776,67,22072,74879.4,9.23,34.25,2.96,9.74,329.43,3.39,239.25,December,12
2026-12-20 07:06:36.799359,Product Launch,Email,55+,Male,Chennai,Returning,125429,5858,784,218,28268,418773.3,4.67,13.38,3.72,4.83,129.67,14.81,1381.44,December,12
2026-12-20 08:51:27.977595,Product Launch,Google Ads,45-54,Female,Delhi,Returning,108895,5459,1589,476,40812,242793.64,5.01,29.11,8.72,7.48,85.74,5.95,494.91,December,12
2026-12-20 10:36:19.155831,Winter Sale,Email,45-54,Other,Nagpur,New,110523,2366,217,56,31459,30439.56,2.14,9.17,2.37,13.3,561.77,0.97,-3.24,December,12
2026-12-20 12:21:10.334066,Festival Campaign,Facebook,55+,Other,Mumbai,Returning,19029,739,82,14,34473,11977.66,3.88,11.1,1.89,46.65,2462.36,0.35,-65.25,December,12
2026-12-20 14:06:01.512302,Product Launch,YouTube,18-24,Other,Hyderabad,Returning,117029,5392,1181,186,46882,196751.28,4.61,21.9,3.45,8.69,252.05,4.2,319.67,December,12
2026-12-20 15:50:52.690538,New Year Offer,Instagram,55+,Female,Pune,Returning,129148,1494,522,130,10846,236551.09,1.16,34.94,8.7,7.26,83.43,21.81,2081.0,December,12
2026-12-20 17:35:43.868773,Diwali Campaign,Google Ads,25-34,Female,Pune,Returning,22654,1118,376,72,41153,159521.3,4.94,33.63,6.44,36.81,571.57,3.88,287.63,December,12
2026-12-20 19:20:35.047009,Clearance Sale,YouTube,55+,Other,Bangalore,Returning,66663,2684,295,84,37866,107494.52,4.03,10.99,3.13,14.11,450.79,2.84,183.88,December,12
2026-12-20 21:05:26.225245,Festival Campaign,Facebook,45-54,Female,Bangalore,New,148580,12234,1770,250,8454,274419.34,8.23,14.47,2.04,0.69,33.82,32.46,3146.03,December,12
2026-12-20 22:50:17.403480,Winter Sale,Email,45-54,Other,Bangalore,Returning,32132,631,211,31,27709,79267.87,1.96,33.44,4.91,43.91,893.84,2.86,186.07,December,12
2026-12-21 00:35:08.581716,Festival Campaign,Instagram,25-34,Male,Kolkata,Returning,75800,5944,717,214,33700,194085.69,7.84,12.06,3.6,5.67,157.48,5.76,475.92,December,12
2026-12-21 02:19:59.759951,Summer Sale,Google Ads,25-34,Other,Mumbai,New,121653,9034,2534,748,37895,1642470.66,7.43,28.05,8.28,4.19,50.66,43.34,4234.27,December,12
2026-12-21 04:04:50.938187,Summer Sale,YouTube,35-44,Male,Ahmedabad,New,126722,4024,323,88,32678,248892.71,3.18,8.03,2.19,8.12,371.34,7.62,661.65,December,12
2026-12-21 05:49:42.116423,Product Launch,YouTube,18-24,Male,Nagpur,Returning,127890,2237,560,94,38153,101569.56,1.75,25.03,4.2,17.06,405.88,2.66,166.22,December,12
2026-12-21 07:34:33.294658,Product Launch,Instagram,18-24,Male,Jaipur,Returning,130885,11225,2397,633,35354,454122.69,8.58,21.35,5.64,3.15,55.85,12.85,1184.5,December,12
2026-12-21 09:19:24.472894,New Year Offer,Email,18-24,Other,Nagpur,Returning,77607,2518,521,74,48487,218255.4,3.24,20.69,2.94,19.26,655.23,4.5,350.13,December,12
2026-12-21 11:04:15.651130,Diwali Campaign,Facebook,45-54,Other,Chennai,New,57736,1333,405,55,10762,64731.4,2.31,30.38,4.13,8.07,195.67,6.01,501.48,December,12
2026-12-21 12:49:06.829365,Clearance Sale,Email,18-24,Female,Bangalore,New,17840,754,76,15,23581,17837.37,4.23,10.08,1.99,31.27,1572.07,0.76,-24.36,December,12
2026-12-21 14:33:58.007601,Festival Campaign,Email,35-44,Female,Chennai,New,39654,1827,332,89,7426,152139.33,4.61,18.17,4.87,4.06,83.44,20.49,1948.74,December,12
2026-12-21 16:18:49.185837,Summer Sale,Email,35-44,Male,Nagpur,New,87385,3438,689,69,32047,74357.45,3.93,20.04,2.01,9.32,464.45,2.32,132.03,December,12
2026-12-21 18:03:40.364072,Product Launch,Instagram,18-24,Other,Kolkata,Returning,147702,14457,1640,335,4474,999030.6,9.79,11.34,2.32,0.31,13.36,223.3,22229.7,December,12
2026-12-21 19:48:31.542308,Monsoon Offer,Instagram,25-34,Female,Chennai,New,23008,2054,211,45,16051,27333.66,8.93,10.27,2.19,7.81,356.69,1.7,70.29,December,12
2026-12-21 21:33:22.720544,Monsoon Offer,Facebook,35-44,Female,Mumbai,Returning,78395,6943,892,185,8989,301306.3,8.86,12.85,2.66,1.29,48.59,33.52,3251.94,December,12
2026-12-21 23:18:13.898779,Clearance Sale,Email,25-34,Female,Hyderabad,New,143465,6583,955,122,43256,228245.75,4.59,14.51,1.85,6.57,354.56,5.28,427.66,December,12
2026-12-22 01:03:05.077015,Festival Campaign,Instagram,45-54,Other,Ahmedabad,Returning,89627,8663,2952,277,12240,461863.47,9.67,34.08,3.2,1.41,44.19,37.73,3673.39,December,12
2026-12-22 02:47:56.255251,Product Launch,Facebook,35-44,Female,Ahmedabad,Returning,110354,7897,1645,455,32795,819594.88,7.16,20.83,5.76,4.15,72.08,24.99,2399.15,December,12
2026-12-22 04:32:47.433486,Product Launch,Facebook,25-34,Male,Nagpur,Returning,78657,6676,1453,299,41275,887715.41,8.49,21.76,4.48,6.18,138.04,21.51,2050.73,December,12
2026-12-22 06:17:38.611722,Summer Sale,Email,18-24,Other,Jaipur,New,84652,4662,1262,314,8782,845367.74,5.51,27.07,6.74,1.88,27.97,96.26,9526.14,December,12
2026-12-22 08:02:29.789957,Summer Sale,Google Ads,45-54,Female,Bangalore,Returning,80507,1968,521,83,49671,105502.06,2.44,26.47,4.22,25.24,598.45,2.12,112.4,December,12
2026-12-22 09:47:20.968193,Product Launch,Email,55+,Female,Nagpur,Returning,140007,12575,2713,242,21762,454643.61,8.98,21.57,1.92,1.73,89.93,20.89,1989.16,December,12
2026-12-22 11:32:12.146429,Winter Sale,Google Ads,55+,Other,Chennai,Returning,136162,7322,1257,172,28237,86133.74,5.38,17.17,2.35,3.86,164.17,3.05,205.04,December,12
2026-12-22 13:17:03.324664,Product Launch,Facebook,18-24,Female,Kolkata,New,39644,3852,652,62,15646,94483.2,9.72,16.93,1.61,4.06,252.35,6.04,503.88,December,12
2026-12-22 15:01:54.502900,Clearance Sale,Instagram,45-54,Female,Hyderabad,Returning,46122,1519,145,14,10293,12735.6,3.29,9.55,0.92,6.78,735.21,1.24,23.73,December,12
2026-12-22 16:46:45.681136,Product Launch,YouTube,45-54,Male,Ahmedabad,New,144469,14347,4632,589,38368,1341978.47,9.93,32.29,4.11,2.67,65.14,34.98,3397.65,December,12
2026-12-22 18:31:36.859371,New Year Offer,Facebook,45-54,Other,Delhi,Returning,128456,3856,1109,243,21109,255811.92,3.0,28.76,6.3,5.47,86.87,12.12,1111.86,December,12
2026-12-22 20:16:28.037607,Diwali Campaign,Instagram,45-54,Female,Ahmedabad,New,87948,3793,941,244,17332,578826.34,4.31,24.81,6.43,4.57,71.03,33.4,3239.64,December,12
2026-12-22 22:01:19.215843,New Year Offer,Facebook,55+,Other,Hyderabad,Returning,62133,3943,737,192,41821,246316.72,6.35,18.69,4.87,10.61,217.82,5.89,488.98,December,12
2026-12-22 23:46:10.394078,New Year Offer,Email,25-34,Other,Mumbai,Returning,58519,4236,1005,287,34159,807782.04,7.24,23.73,6.78,8.06,119.02,23.65,2264.77,December,12
2026-12-23 01:31:01.572314,Winter Sale,Google Ads,45-54,Male,Chennai,Returning,81057,6065,1279,287,36484,463086.41,7.48,21.09,4.73,6.02,127.12,12.69,1169.29,December,12
2026-12-23 03:15:52.750550,Winter Sale,Facebook,25-34,Male,Pune,Returning,39151,2069,318,26,22796,67568.65,5.28,15.37,1.26,11.02,876.77,2.96,196.41,December,12
2026-12-23 05:00:43.928785,Monsoon Offer,Instagram,45-54,Other,Kolkata,New,144544,2444,392,63,8323,130436.15,1.69,16.04,2.58,3.41,132.11,15.67,1467.18,December,12
2026-12-23 06:45:35.107021,Product Launch,Email,35-44,Male,Jaipur,Returning,61769,3375,1066,111,31598,326728.0,5.46,31.59,3.29,9.36,284.67,10.34,934.01,December,12
2026-12-23 08:30:26.285257,New Year Offer,YouTube,35-44,Male,Delhi,Returning,146553,5879,1478,371,49258,874375.35,4.01,25.14,6.31,8.38,132.77,17.75,1675.09,December,12
2026-12-23 10:15:17.463492,Winter Sale,Email,35-44,Female,Nagpur,Returning,34265,2370,190,20,23464,46385.17,6.92,8.02,0.84,9.9,1173.2,1.98,97.69,December,12
2026-12-23 12:00:08.641728,Summer Sale,Google Ads,45-54,Male,Bangalore,New,62744,1656,278,28,14254,32540.62,2.64,16.79,1.69,8.61,509.07,2.28,128.29,December,12
2026-12-23 13:44:59.819963,Product Launch,Email,25-34,Male,Bangalore,New,116927,5314,912,78,34552,137447.65,4.54,17.16,1.47,6.5,442.97,3.98,297.8,December,12
2026-12-23 15:29:50.998199,Clearance Sale,YouTube,55+,Female,Bangalore,New,130742,12675,3431,995,38128,1219157.8,9.69,27.07,7.85,3.01,38.32,31.98,3097.54,December,12
2026-12-23 17:14:42.176435,Diwali Campaign,Instagram,18-24,Female,Delhi,Returning,33656,605,162,40,29709,21929.34,1.8,26.78,6.61,49.11,742.72,0.74,-26.19,December,12
2026-12-23 18:59:33.354670,Festival Campaign,Facebook,55+,Other,Hyderabad,New,19304,1239,254,38,4946,86505.61,6.42,20.5,3.07,3.99,130.16,17.49,1649.0,December,12
2026-12-23 20:44:24.532906,Product Launch,Google Ads,45-54,Male,Jaipur,New,96616,1754,590,96,6512,104600.76,1.82,33.64,5.47,3.71,67.83,16.06,1506.28,December,12
2026-12-23 22:29:15.711142,Festival Campaign,YouTube,35-44,Female,Ahmedabad,New,55911,1349,425,39,11118,58239.09,2.41,31.5,2.89,8.24,285.08,5.24,423.83,December,12
2026-12-24 00:14:06.889377,New Year Offer,Google Ads,35-44,Male,Nagpur,Returning,53013,3416,1072,123,4351,149026.43,6.44,31.38,3.6,1.27,35.37,34.25,3325.11,December,12
2026-12-24 01:58:58.067613,Diwali Campaign,Email,25-34,Other,Pune,New,87981,4395,764,113,22459,112897.13,5.0,17.38,2.57,5.11,198.75,5.03,402.68,December,12
2026-12-24 03:43:49.245849,Festival Campaign,Google Ads,45-54,Male,Jaipur,Returning,50314,2986,586,96,23288,64108.64,5.93,19.62,3.22,7.8,242.58,2.75,175.29,December,12
2026-12-24 05:28:40.424084,New Year Offer,YouTube,55+,Male,Nagpur,New,32857,2930,565,122,13539,164056.42,8.92,19.28,4.16,4.62,110.98,12.12,1111.73,December,12
2026-12-24 07:13:31.602320,Summer Sale,Facebook,45-54,Male,Pune,New,49420,4129,821,128,19911,90158.38,8.35,19.88,3.1,4.82,155.55,4.53,352.81,December,12
2026-12-24 08:58:22.780556,Festival Campaign,Facebook,45-54,Female,Kolkata,Returning,131015,11780,3770,1093,13845,2022922.05,8.99,32.0,9.28,1.18,12.67,146.11,14511.21,December,12
2026-12-24 10:43:13.958791,Diwali Campaign,Google Ads,35-44,Female,Hyderabad,Returning,37734,2470,363,56,49870,30747.37,6.55,14.7,2.27,20.19,890.54,0.62,-38.34,December,12
2026-12-24 12:28:05.137027,Monsoon Offer,Instagram,55+,Other,Kolkata,Returning,46219,2498,740,212,14166,604210.54,5.4,29.62,8.49,5.67,66.82,42.65,4165.22,December,12
2026-12-24 14:12:56.315263,Product Launch,Google Ads,18-24,Male,Hyderabad,New,76972,3950,864,207,16467,603650.82,5.13,21.87,5.24,4.17,79.55,36.66,3565.82,December,12
2026-12-24 15:57:47.493498,New Year Offer,Email,35-44,Other,Chennai,Returning,132775,10168,1497,416,18793,524840.0,7.66,14.72,4.09,1.85,45.18,27.93,2692.74,December,12
2026-12-24 17:42:38.671734,Product Launch,Facebook,55+,Other,Ahmedabad,Returning,65813,3745,832,195,49436,224344.89,5.69,22.22,5.21,13.2,253.52,4.54,353.81,December,12
2026-12-24 19:27:29.849969,Diwali Campaign,Facebook,25-34,Female,Mumbai,New,88649,1730,229,46,25031,35006.6,1.95,13.24,2.66,14.47,544.15,1.4,39.85,December,12
2026-12-24 21:12:21.028205,Winter Sale,Facebook,35-44,Male,Mumbai,Returning,112715,2567,280,53,24544,146401.76,2.28,10.91,2.06,9.56,463.09,5.96,496.49,December,12
2026-12-24 22:57:12.206441,New Year Offer,Instagram,25-34,Male,Hyderabad,Returning,14841,625,191,27,45241,53113.31,4.21,30.56,4.32,72.39,1675.59,1.17,17.4,December,12
2026-12-25 00:42:03.384676,Festival Campaign,Instagram,35-44,Other,Mumbai,New,94647,1524,409,59,41253,119493.43,1.61,26.84,3.87,27.07,699.2,2.9,189.66,December,12
2026-12-25 02:26:54.562912,New Year Offer,YouTube,45-54,Male,Delhi,New,86629,2731,369,47,32761,128763.13,3.15,13.51,1.72,12.0,697.04,3.93,293.04,December,12
2026-12-25 04:11:45.741148,Product Launch,Google Ads,55+,Female,Nagpur,New,83082,5738,1918,316,49943,877521.57,6.91,33.43,5.51,8.7,158.05,17.57,1657.05,December,12
2026-12-25 05:56:36.919383,Summer Sale,Google Ads,25-34,Other,Jaipur,Returning,67804,753,65,7,6279,17995.98,1.11,8.63,0.93,8.34,897.0,2.87,186.61,December,12
2026-12-25 07:41:28.097619,New Year Offer,Email,35-44,Other,Kolkata,New,62006,3991,678,112,26116,272563.64,6.44,16.99,2.81,6.54,233.18,10.44,943.67,December,12
2026-12-25 09:26:19.275855,Festival Campaign,Facebook,25-34,Female,Chennai,Returning,134582,10700,918,241,16018,649037.84,7.95,8.58,2.25,1.5,66.46,40.52,3951.93,December,12
2026-12-25 11:11:10.454090,Winter Sale,Instagram,35-44,Female,Ahmedabad,New,90020,2278,269,73,18740,196364.64,2.53,11.81,3.2,8.23,256.71,10.48,947.84,December,12
2026-12-25 12:56:01.632326,Monsoon Offer,Email,35-44,Female,Ahmedabad,New,140328,3688,474,104,47254,147847.66,2.63,12.85,2.82,12.81,454.37,3.13,212.88,December,12
2026-12-25 14:40:52.810562,Clearance Sale,Email,18-24,Female,Chennai,New,24101,303,90,12,23320,35201.74,1.26,29.7,3.96,76.96,1943.33,1.51,50.95,December,12
2026-12-25 16:25:43.988797,Summer Sale,Instagram,18-24,Female,Bangalore,Returning,23261,1305,454,60,36812,136369.83,5.61,34.79,4.6,28.21,613.53,3.7,270.45,December,12
2026-12-25 18:10:35.167033,Monsoon Offer,Google Ads,18-24,Female,Bangalore,Returning,38647,2663,836,117,17482,166786.26,6.89,31.39,4.39,6.56,149.42,9.54,854.05,December,12
2026-12-25 19:55:26.345269,Winter Sale,Facebook,25-34,Other,Bangalore,Returning,149293,7632,1919,364,6439,584265.06,5.11,25.14,4.77,0.84,17.69,90.74,8973.85,December,12
2026-12-25 21:40:17.523504,New Year Offer,Google Ads,45-54,Male,Chennai,Returning,95413,4298,1182,348,19696,771804.02,4.5,27.5,8.1,4.58,56.6,39.19,3818.58,December,12
2026-12-25 23:25:08.701740,Product Launch,Email,35-44,Male,Mumbai,Returning,35557,1809,400,41,18948,57512.64,5.09,22.11,2.27,10.47,462.15,3.04,203.53,December,12
2026-12-26 01:09:59.879975,Diwali Campaign,Facebook,55+,Other,Pune,New,148598,11937,2316,440,44275,1129213.48,8.03,19.4,3.69,3.71,100.62,25.5,2450.45,December,12
2026-12-26 02:54:51.058211,Product Launch,YouTube,18-24,Male,Chennai,New,113585,1478,394,90,46410,78314.31,1.3,26.66,6.09,31.4,515.67,1.69,68.74,December,12
2026-12-26 04:39:42.236447,Monsoon Offer,Email,25-34,Male,Mumbai,New,142323,11463,3928,526,4890,1456486.5,8.05,34.27,4.59,0.43,9.3,297.85,29685.0,December,12
2026-12-26 06:24:33.414682,Festival Campaign,Google Ads,25-34,Other,Jaipur,New,42588,2979,261,76,16759,95227.53,6.99,8.76,2.55,5.63,220.51,5.68,468.22,December,12
2026-12-26 08:09:24.592918,Product Launch,Google Ads,25-34,Male,Chennai,Returning,16889,535,88,13,23605,11463.17,3.17,16.45,2.43,44.12,1815.77,0.49,-51.44,December,12
2026-12-26 09:54:15.771154,Summer Sale,Google Ads,55+,Male,Kolkata,Returning,121688,6963,1177,335,15192,886095.34,5.72,16.9,4.81,2.18,45.35,58.33,5732.64,December,12
2026-12-26 11:39:06.949389,Product Launch,Instagram,55+,Other,Mumbai,Returning,120990,1746,334,70,26362,76906.07,1.44,19.13,4.01,15.1,376.6,2.92,191.73,December,12
2026-12-26 13:23:58.127625,Festival Campaign,Email,18-24,Male,Ahmedabad,New,39146,1728,430,34,28071,88688.64,4.41,24.88,1.97,16.24,825.62,3.16,215.94,December,12
2026-12-26 15:08:49.305861,Clearance Sale,Facebook,55+,Female,Hyderabad,New,62318,1599,349,51,5028,63273.71,2.57,21.83,3.19,3.14,98.59,12.58,1158.43,December,12
2026-12-26 16:53:40.484096,New Year Offer,Google Ads,18-24,Other,Hyderabad,Returning,47638,571,48,4,29668,11338.64,1.2,8.41,0.7,51.96,7417.0,0.38,-61.78,December,12
2026-12-26 18:38:31.662332,Diwali Campaign,Google Ads,55+,Male,Chennai,New,11147,469,89,14,18690,14667.72,4.21,18.98,2.99,39.85,1335.0,0.78,-21.52,December,12
2026-12-26 20:23:22.840568,Monsoon Offer,Instagram,55+,Male,Kolkata,New,143919,10844,2681,764,49019,515031.48,7.53,24.72,7.05,4.52,64.16,10.51,950.68,December,12
2026-12-26 22:08:14.018803,New Year Offer,Facebook,55+,Female,Kolkata,Returning,95770,8896,1924,483,32582,1372361.38,9.29,21.63,5.43,3.66,67.46,42.12,4112.02,December,12
2026-12-26 23:53:05.197039,Product Launch,Email,18-24,Other,Hyderabad,New,70335,4895,1544,334,5907,305297.49,6.96,31.54,6.82,1.21,17.69,51.68,5068.4,December,12
2026-12-27 01:37:56.375275,Winter Sale,YouTube,35-44,Other,Mumbai,Returning,74347,3433,644,127,35739,363262.08,4.62,18.76,3.7,10.41,281.41,10.16,916.43,December,12
2026-12-27 03:22:47.553510,New Year Offer,Instagram,18-24,Male,Jaipur,New,126830,12677,1057,171,6143,437750.32,10.0,8.34,1.35,0.48,35.92,71.26,7026.0,December,12
2026-12-27 05:07:38.731746,Clearance Sale,Email,35-44,Female,Chennai,Returning,26003,922,144,18,11919,12686.64,3.55,15.62,1.95,12.93,662.17,1.06,6.44,December,12
2026-12-27 06:52:29.909981,Product Launch,YouTube,25-34,Female,Jaipur,New,27710,743,86,8,24774,12902.7,2.68,11.57,1.08,33.34,3096.75,0.52,-47.92,December,12
2026-12-27 08:37:21.088217,Diwali Campaign,Google Ads,25-34,Female,Bangalore,Returning,75657,3913,577,70,10574,47844.94,5.17,14.75,1.79,2.7,151.06,4.52,352.48,December,12
2026-12-27 10:22:12.266453,Festival Campaign,Google Ads,18-24,Female,Pune,Returning,122286,6779,1205,189,45427,250324.15,5.54,17.78,2.79,6.7,240.35,5.51,451.05,December,12
2026-12-27 12:07:03.444688,Clearance Sale,Facebook,35-44,Female,Delhi,New,30655,1285,337,65,12306,89619.25,4.19,26.23,5.06,9.58,189.32,7.28,628.26,December,12
2026-12-27 13:51:54.622924,Product Launch,YouTube,35-44,Female,Bangalore,New,149555,10856,1818,227,4677,453791.91,7.26,16.75,2.09,0.43,20.6,97.03,9602.63,December,12
2026-12-27 15:36:45.801160,Clearance Sale,Google Ads,35-44,Other,Nagpur,Returning,50094,1329,423,124,37811,364527.63,2.65,31.83,9.33,28.45,304.93,9.64,864.08,December,12
2026-12-27 17:21:36.979395,New Year Offer,Google Ads,25-34,Male,Ahmedabad,Returning,128116,7165,1152,111,10681,102609.35,5.59,16.08,1.55,1.49,96.23,9.61,860.67,December,12
2026-12-27 19:06:28.157631,Diwali Campaign,Facebook,18-24,Male,Delhi,Returning,56316,3098,362,36,31540,47623.59,5.5,11.68,1.16,10.18,876.11,1.51,50.99,December,12
2026-12-27 20:51:19.335867,Festival Campaign,Email,45-54,Female,Ahmedabad,Returning,28556,2402,301,69,34714,135775.18,8.41,12.53,2.87,14.45,503.1,3.91,291.13,December,12
2026-12-27 22:36:10.514102,Product Launch,Google Ads,35-44,Other,Chennai,Returning,48754,4554,1513,372,6114,345421.4,9.34,33.22,8.17,1.34,16.44,56.5,5549.68,December,12
2026-12-28 00:21:01.692338,Summer Sale,Instagram,35-44,Other,Bangalore,New,112211,7820,1585,465,49421,1058699.98,6.97,20.27,5.95,6.32,106.28,21.42,2042.21,December,12
2026-12-28 02:05:52.870574,Monsoon Offer,Instagram,45-54,Female,Kolkata,New,64376,2413,455,89,7853,134314.29,3.75,18.86,3.69,3.25,88.24,17.1,1610.36,December,12
2026-12-28 03:50:44.048809,Festival Campaign,Email,18-24,Male,Hyderabad,New,95388,6874,677,78,30419,224166.6,7.21,9.85,1.13,4.43,389.99,7.37,636.93,December,12
2026-12-28 05:35:35.227045,Summer Sale,YouTube,35-44,Female,Hyderabad,New,23771,775,215,61,43863,126555.32,3.26,27.74,7.87,56.6,719.07,2.89,188.52,December,12
2026-12-28 07:20:26.405281,Clearance Sale,Facebook,18-24,Other,Jaipur,New,76026,7373,1972,583,30462,820690.14,9.7,26.75,7.91,4.13,52.25,26.94,2594.14,December,12
2026-12-28 09:05:17.583516,Winter Sale,Instagram,35-44,Female,Delhi,Returning,137540,11555,2096,593,34105,1363118.9,8.4,18.14,5.13,2.95,57.51,39.97,3896.83,December,12
2026-12-28 10:50:08.761752,Festival Campaign,Instagram,55+,Male,Nagpur,New,145335,7093,1892,514,9599,1334799.63,4.88,26.67,7.25,1.35,18.68,139.06,13805.61,December,12
2026-12-28 12:34:59.939987,Clearance Sale,Email,35-44,Male,Bangalore,New,148841,11995,2149,208,32446,520249.48,8.06,17.92,1.73,2.7,155.99,16.03,1503.43,December,12
2026-12-28 14:19:51.118223,Summer Sale,YouTube,55+,Other,Hyderabad,Returning,75110,3513,350,93,5341,107592.72,4.68,9.96,2.65,1.52,57.43,20.14,1914.47,December,12
2026-12-28 16:04:42.296459,New Year Offer,YouTube,18-24,Female,Mumbai,Returning,142976,2389,667,193,48012,297694.47,1.67,27.92,8.08,20.1,248.77,6.2,520.04,December,12
2026-12-28 17:49:33.474694,New Year Offer,Email,35-44,Female,Kolkata,New,80805,5947,2025,408,20493,665221.21,7.36,34.05,6.86,3.45,50.23,32.46,3146.09,December,12
2026-12-28 19:34:24.652930,Winter Sale,Instagram,25-34,Other,Ahmedabad,New,40968,1901,484,120,30217,176515.02,4.64,25.46,6.31,15.9,251.81,5.84,484.16,December,12
2026-12-28 21:19:15.831166,Monsoon Offer,Facebook,25-34,Female,Chennai,Returning,11650,1091,168,37,25856,47254.88,9.36,15.4,3.39,23.7,698.81,1.83,82.76,December,12
2026-12-28 23:04:07.009401,Festival Campaign,Instagram,45-54,Other,Jaipur,New,22467,844,129,18,10408,42873.65,3.76,15.28,2.13,12.33,578.22,4.12,311.93,December,12
2026-12-29 00:48:58.187637,Festival Campaign,YouTube,25-34,Female,Delhi,Returning,111495,9577,3168,662,38841,351231.12,8.59,33.08,6.91,4.06,58.67,9.04,804.28,December,12
2026-12-29 02:33:49.365873,Festival Campaign,Instagram,55+,Male,Pune,New,108331,7717,1249,344,24754,424448.04,7.12,16.19,4.46,3.21,71.96,17.15,1614.66,December,12
2026-12-29 04:18:40.544108,Monsoon Offer,Facebook,25-34,Other,Hyderabad,New,45518,3950,1135,214,41313,182765.23,8.68,28.73,5.42,10.46,193.05,4.42,342.39,December,12
2026-12-29 06:03:31.722344,Clearance Sale,Google Ads,25-34,Female,Jaipur,New,14357,520,131,27,46495,22191.93,3.62,25.19,5.19,89.41,1722.04,0.48,-52.27,December,12
2026-12-29 07:48:22.900580,Diwali Campaign,Instagram,25-34,Female,Mumbai,New,103837,5349,1283,252,3915,300483.96,5.15,23.99,4.71,0.73,15.54,76.75,7575.2,December,12
2026-12-29 09:33:14.078815,Diwali Campaign,Email,35-44,Female,Mumbai,Returning,20865,1754,226,32,19645,76972.25,8.41,12.88,1.82,11.2,613.91,3.92,291.82,December,12
2026-12-29 11:18:05.257051,Winter Sale,Google Ads,45-54,Other,Nagpur,Returning,124559,8462,755,167,41282,488233.63,6.79,8.92,1.97,4.88,247.2,11.83,1082.68,December,12
2026-12-29 13:02:56.435287,Festival Campaign,Email,18-24,Male,Delhi,New,78368,3322,704,135,38808,241183.73,4.24,21.19,4.06,11.68,287.47,6.21,521.48,December,12
2026-12-29 14:47:47.613522,Clearance Sale,Email,45-54,Female,Nagpur,New,111413,6247,2166,284,7903,382669.99,5.61,34.67,4.55,1.27,27.83,48.42,4742.09,December,12
2026-12-29 16:32:38.791758,New Year Offer,Email,55+,Other,Delhi,New,71039,7078,940,260,48603,668960.8,9.96,13.28,3.67,6.87,186.93,13.76,1276.38,December,12
2026-12-29 18:17:29.969993,Summer Sale,Instagram,35-44,Female,Hyderabad,New,106939,8209,1846,533,46954,355915.31,7.68,22.49,6.49,5.72,88.09,7.58,658.01,December,12
2026-12-29 20:02:21.148229,Clearance Sale,YouTube,35-44,Male,Bangalore,Returning,143993,9403,2455,226,42009,165639.89,6.53,26.11,2.4,4.47,185.88,3.94,294.3,December,12
2026-12-29 21:47:12.326465,Monsoon Offer,Google Ads,25-34,Male,Chennai,Returning,109737,9274,1953,423,26321,576724.88,8.45,21.06,4.56,2.84,62.22,21.91,2091.12,December,12
2026-12-29 23:32:03.504700,Diwali Campaign,Facebook,25-34,Male,Ahmedabad,New,14428,718,155,26,37740,42146.55,4.98,21.59,3.62,52.56,1451.54,1.12,11.68,December,12
2026-12-30 01:16:54.682936,Diwali Campaign,YouTube,55+,Other,Ahmedabad,Returning,98783,9434,2438,477,37942,1189921.66,9.55,25.84,5.06,4.02,79.54,31.36,3036.16,December,12
2026-12-30 03:01:45.861172,New Year Offer,Instagram,35-44,Female,Bangalore,Returning,123823,7389,2216,359,24274,1009924.39,5.97,29.99,4.86,3.29,67.62,41.61,4060.52,December,12
2026-12-30 04:46:37.039407,New Year Offer,Email,18-24,Other,Mumbai,New,62557,2465,419,77,31461,140770.73,3.94,17.0,3.12,12.76,408.58,4.47,347.45,December,12
2026-12-30 06:31:28.217643,Monsoon Offer,Facebook,45-54,Female,Kolkata,New,105983,1880,606,91,42490,158259.16,1.77,32.23,4.84,22.6,466.92,3.72,272.46,December,12
2026-12-30 08:16:19.395879,Summer Sale,Google Ads,35-44,Other,Chennai,New,124039,5434,1146,121,26698,124935.83,4.38,21.09,2.23,4.91,220.64,4.68,367.96,December,12
2026-12-30 10:01:10.574114,New Year Offer,YouTube,18-24,Female,Hyderabad,Returning,56923,3482,900,131,12031,213261.96,6.12,25.85,3.76,3.46,91.84,17.73,1672.6,December,12
2026-12-30 11:46:01.752350,Winter Sale,YouTube,18-24,Other,Bangalore,Returning,128602,9425,1025,233,43016,654522.76,7.33,10.88,2.47,4.56,184.62,15.22,1421.58,December,12
2026-12-30 13:30:52.930586,Summer Sale,Facebook,45-54,Female,Chennai,Returning,85511,7589,1616,147,47796,217890.58,8.87,21.29,1.94,6.3,325.14,4.56,355.88,December,12
2026-12-30 15:15:44.108821,New Year Offer,Instagram,18-24,Other,Ahmedabad,Returning,128410,12193,1028,168,30889,172486.64,9.5,8.43,1.38,2.53,183.86,5.58,458.41,December,12
2026-12-30 17:00:35.287057,Product Launch,Google Ads,55+,Male,Chennai,New,143714,2762,512,45,31224,60445.69,1.92,18.54,1.63,11.3,693.87,1.94,93.59,December,12
2026-12-30 18:45:26.465293,Clearance Sale,Facebook,18-24,Other,Delhi,New,115881,7425,703,111,19931,198300.01,6.41,9.47,1.49,2.68,179.56,9.95,894.93,December,12
2026-12-30 20:30:17.643528,New Year Offer,Email,55+,Male,Jaipur,New,112015,7840,2525,250,48122,499115.64,7.0,32.21,3.19,6.14,192.49,10.37,937.19,December,12
2026-12-30 22:15:08.821764,Winter Sale,Google Ads,18-24,Male,Delhi,Returning,31214,795,208,32,14858,50594.39,2.55,26.16,4.03,18.69,464.31,3.41,240.52,December,12
2026-12-31 00:00:00.000000,Festival Campaign,YouTube,25-34,Female,Bangalore,New,16680,985,289,76,25113,182121.87,5.91,29.34,7.72,25.5,330.43,7.25,625.21,December,12
